name,lat_NS,long_EW,elevation,q,q_uncertainty,T_grad_mean,T_grad_uncertainty,T_grad_mean_cor,tc_mean,tc_uncertainty,total_depth_MD,geo_lithology,geo_stratigraphy,Region,Quality_Code
AHTNA INC 1,62.3,-145.492,535.36,69.0,,34.4,,,2.0,,,,,,Ux.Mx.-------
AHTNA INC A-01,62.19,-145.411,423.45,78.0,,31.3,,,2.5,,,,,,Ux.Mx.-------
BEAR CK UNIT 1,57.628,-155.862,292.01,71.0,,35.7,,,2.0,,,,,,Ux.Mx.-------
BECHAROF 1,57.784,-157.11,59.44,81.0,,40.4,,,2.0,,,,,,Ux.Mx.-------
BERING RIV UNIT 1,60.264,-144.21,65.29,79.0,,31.8,,,2.5,,,,,,Ux.Mx.-------
BERING RIV UNIT 2,60.21,-144.165,1.68,81.0,,32.3,,,2.5,,,,,,Ux.Mx.-------
BIG RIV A-01,55.936,-159.782,76.58,129.0,,64.3,,,2.0,,,,,,Ux.Mx.-------
CANOE BAY UNIT 1,55.523,-161.247,34.71,81.0,,40.5,,,2.0,,,,,,Ux.Mx.-------
CATHEDRAL RIV UNIT 1,55.734,-162.122,28.66,67.0,,33.6,,,2.0,,,,,,Ux.Mx.-------
CHAIX HILLS 1/A,60.037,-141.152,312.47,95.0,,38.2,,,2.5,,,,,,Ux.Mx.-------
CORE HOLE 1,59.571,-139.523,23.1,66.0,,33.1,,,2.0,,,,,,Ux.Mx.-------
CORE HOLE 3,59.257,-138.939,16.71,68.0,,34.0,,,2.0,,,,,,Ux.Mx.-------
DANGEROUS RIV UNIT 1,59.407,-139.237,12.63,56.0,,27.9,,,2.0,,,,,,Ux.Mx.-------
DAVID RIV USA 1-A,55.863,-161.569,13.83,76.0,,38.1,,,2.0,,,,,,Ux.Mx.-------
DC_MW05-22,62.079,-158.197,181.42,106.0,,29.1,,,3.6,,,,,,Ux.Mx.-------
DC_MW05-23a,62.079,-158.197,181.42,95.0,,24.9,,,3.8,,,,,,Ux.Mx.-------
DC_MW05-23b,62.079,-158.197,181.42,104.0,,29.7,,,3.5,,,,,,Ux.Mx.-------
DC_MW07-11,62.079,-158.197,181.42,77.0,,21.0,,,3.6,,,,,,Ux.Mx.-------
DOYON LTD 1,65.649,-142.141,497.73,71.0,,35.6,,,2.0,,,,,,Ux.Mx.-------
DOYON LTD 3,66.805,-141.717,521.28,89.0,,44.5,,,2.0,,,,,,Ux.Mx.-------
DUKTOTH RIV UNIT 1,60.165,-142.778,21.6,58.0,,29.2,,,2.0,,,,,,Ux.Mx.-------
EUREKA 2,61.952,-147.142,979.16,57.0,,28.4,,,2.0,,,,,,Ux.Mx.-------
HOODOO LK UNIT USA 1,55.843,-161.022,34.37,59.0,,29.4,,,2.0,,,,,,Ux.Mx.-------
HOODOO LK UNIT USA 2,55.809,-160.972,69.65,73.0,,36.5,,,2.0,,,,,,Ux.Mx.-------
KALIAKH RIV UNIT 1,60.136,-143.024,30.0,63.0,,31.6,,,2.0,,,,,,Ux.Mx.-------
KALIAKH RIV UNIT 2/RD,60.157,-143.039,31.34,105.0,,41.9,,,2.5,,,,,,Ux.Mx.-------
KONIAG CHEVRON USA 1,56.916,-157.046,16.14,94.0,,47.2,,,2.0,,,,,,Ux.Mx.-------
MALASPINA UNIT 1-A,59.797,-139.991,17.19,38.0,,15.1,,,2.5,,,,,,Ux.Mx.-------
MOOSE CK UNIT 1,62.106,-145.811,581.07,77.0,,31.0,,,2.5,,,,,,Ux.Mx.-------
NAKNEK,58.701,-156.195,16.5,74.0,,49.1,,,1.5,,,,,,Ux.Mx.-------
NAPATUK CK 1,60.648,-162.959,14.49,77.0,,30.9,,,2.5,,,,,,Ux.Mx.-------
NENANA 1,64.581,-149.638,156.41,97.0,,38.7,,,2.5,,,,,,Ux.Mx.-------
NIMIUK PT 1,66.74,-162.114,10.36,101.0,,40.3,,,2.5,,,,,,Ux.Mx.-------
NULATO UNIT 1,64.633,-158.567,312.96,61.0,,24.4,,,2.5,,,,,,Ux.Mx.-------
PAINTER CK 1,57.163,-157.433,91.51,87.0,,43.3,,,2.0,,,,,,Ux.Mx.-------
PALMER PRJ,59.236,-135.445,22.84,81.0,,23.5,,,3.4,,,,,,Ux.Mx.-------
PEBBLE PRS,59.901,-155.279,306.64,70.0,,27.8,,,2.5,,,,,,Ux.Mx.-------
PORT HEIDEN UNIT 1,56.967,-158.685,8.42,66.0,,32.9,,,2.0,,,,,,Ux.Mx.-------
RAINBOW FED 1,62.431,-146.234,855.8,118.0,,47.1,,,2.5,,,,,,Ux.Mx.-------
RAINBOW FED 2,62.509,-146.071,740.04,59.0,,29.6,,,2.0,,,,,,Ux.Mx.-------
RDM_T96-012,68.071,-162.861,274.24,49.0,,20.5,,,2.4,,,,,,Ux.Mx.-------
RDM_T96-013,68.071,-162.861,274.24,31.0,,16.6,,,1.9,,,,,,Ux.Mx.-------
RIOU BAY 1,59.897,-141.425,12.14,77.0,,38.6,,,2.0,,,,,,Ux.Mx.-------
SALMONBERRY LK UNIT 1,62.282,-146.265,683.45,73.0,,29.4,,,2.5,,,,,,Ux.Mx.-------
SANDY RIV FED 1,56.215,-160.173,70.29,79.0,,39.4,,,2.0,,,,,,Ux.Mx.-------
SWANSON,60.679,-151.069,30.1,59.0,,23.7,,,2.5,,,,,,Ux.Mx.-------
TAWAWE LK UNIT 1,62.109,-146.607,699.31,63.0,,31.7,,,2.0,,,,,,Ux.Mx.-------
TAZLINA 1,62.138,-146.493,945.85,103.0,,41.4,,,2.5,,,,,,Ux.Mx.-------
UGASHIK 1,57.426,-157.738,30.63,93.0,,46.7,,,2.0,,,,,,Ux.Mx.-------
WHISTLER PRJ,61.985,-152.599,432.55,71.0,,25.0,,,2.8,,,,,,Ux.Mx.-------
WHITE RIV UNIT 1,60.08,-142.421,118.25,57.0,,28.8,,,2.0,,,,,,Ux.Mx.-------
WHITE RIV UNIT 2,60.073,-142.147,176.09,62.0,,31.1,,,2.0,,,,,,Ux.Mx.-------
WHITE RIV UNIT 3,60.073,-142.21,34.44,53.0,,26.7,,,2.0,,,,,,Ux.Mx.-------
YAKUTAT 1,59.526,-139.674,22.15,43.0,,21.4,,,2.0,,,,,,Ux.Mx.-------
YAKUTAT 2,59.514,-139.587,14.14,59.0,,29.4,,,2.0,,,,,,Ux.Mx.-------
YAKUTAT 3,59.52,-139.625,18.12,60.0,,30.2,,,2.0,,,,,,Ux.Mx.-------
CONRAD,48.3333,-111.916,1116.0,33.0,,20.0,,,1.7,,,,,,Ux.Mx.-------
DDH-1,45.0417,-109.946,2792.0,52.0,,18.0,,,3.0,,,,,,Ux.Mx.-------
DDH-1,48.23,-115.911,1682.0,73.0,,19.0,,,3.7,,,,,,Ux.Mx.-------
DDH-1,47.04,-112.376,1597.0,87.0,,23.0,,,3.7,,,,,,Ux.Mx.-------
DDH-1,47.5083,-121.353,838.0,57.0,,14.0,,,3.9,,,,,,Ux.Mx.-------
DDH-12,47.6817,-121.648,1176.0,60.0,,20.0,,,3.0,,,,,,Ux.Mx.-------
DDH-2,45.0583,-109.956,2865.0,57.0,,16.0,,,3.4,,,,,,Ux.Mx.-------
DDH-2,48.915,-117.596,780.0,122.0,,20.0,,,6.0,,,,,,Ux.Mx.-------
DDH-C,48.0533,-118.706,963.0,59.0,,15.0,,,3.7,,,,,,Ux.Mx.-------
GEBOFLD,43.8,-108.233,1357.0,66.0,,39.0,,,1.7,,,,,,Ux.Mx.-------
KEV-SUNB,48.75,-111.833,1053.0,37.0,,23.0,,,1.7,,,,,,Ux.Mx.-------
LEAD,44.35,-103.75,1618.0,76.0,,23.0,,,3.3,,,,,,Ux.Mx.-------
LEAD,44.35,-103.75,1559.0,79.0,,20.8,,,3.9,,,,,,Ux.Mx.-------
LTSDDRFL,44.3667,-109.0,1755.9,54.0,,31.0,,,1.7,,,,,,Ux.Mx.-------
DDH-1,48.4567,-122.633,129.0,37.0,,12.0,,,2.9,,,,,,Ux.Mx.-------
DDH-1,48.7167,-119.59,987.0,75.0,,21.0,,,3.5,,,,,,Ux.Mx.-------
DDH-1,46.3517,-122.106,853.0,69.0,,18.0,,,3.8,,,,,,Ux.Mx.-------
DDH-2,48.36,-118.878,1134.0,65.0,,19.0,,,3.3,,,,,,Ux.Mx.-------
DDH-3,48.3617,-118.871,1182.0,69.0,,22.0,,,3.1,,,,,,Ux.Mx.-------
DDH-7011,48.995,-118.598,1147.0,71.0,,22.0,,,3.1,,,,,,Ux.Mx.-------
MV-22,46.7567,-112.42,1524.0,85.0,,29.0,,,3.0,,,,,,Ux.Mx.-------
WW-WEST,47.8733,-118.123,573.0,90.0,,27.0,,,3.2,,,,,,Ux.Mx.-------
RDH-CTSH,45.3183,-118.101,875.0,42.0,,34.0,,,1.2,,,,,,Ux.Mx.-------
RDH-CTSH,45.3183,-118.101,875.0,42.0,,27.0,,,1.5,,,,,,Ux.Mx.-------
RDH-CTSH,45.3183,-118.101,875.0,30.0,,17.0,,,1.7,,,,,,Ux.Mx.-------
BIG SPGS,39.0117,-95.4783,365.0,48.0,,32.0,,,1.5,,,,,,Ux.Mx.-------
CHAPMAN,30.1833,-96.09,76.0,61.0,,47.0,,,1.3,,,,,,Ux.Mx.-------
DDH-1,47.9333,-108.566,1585.0,22.0,,18.0,,,2.3,,,,,,Ux.Mx.-------
DDH-1,46.94,-110.495,2259.0,69.0,,28.0,,,2.4,,,,,,Ux.Mx.-------
DOE-MI12,46.275,-114.066,1156.5,80.0,,51.0,,,1.5,,,,,,Ux.Mx.-------
DOE-MI12,46.275,-114.066,1156.5,120.0,,76.0,,,1.5,,,,,,Ux.Mx.-------
DOE-MI2,47.0517,-114.286,1062.2,72.0,,33.0,,,2.1,,,,,,Ux.Mx.-------
DOE-MI2,47.0517,-114.286,1062.2,74.0,,21.0,,,3.4,,,,,,Ux.Mx.-------
MCKINNEY,33.25,-96.6517,198.0,51.0,,44.0,,,1.1,,,,,,Ux.Mx.-------
MCKINNEY,33.25,-96.6517,198.0,50.0,,20.0,,,2.5,,,,,,Ux.Mx.-------
MILES CY,46.6,-106.078,824.0,45.0,,26.0,,,1.7,,,,,,Ux.Mx.-------
CRIPPLE,36.8167,-81.1,702.0,43.0,,10.0,,,4.0,,,,,,Ux.Mx.-------
DDH-1,46.48,-112.12,1706.0,76.0,,24.0,,,3.0,,,,,,Ux.Mx.-------
DDH-1,46.3383,-112.078,1859.0,76.0,,19.0,,,3.9,,,,,,Ux.Mx.-------
DDH-1,46.45,-113.416,1859.0,79.0,,18.0,,,4.3,,,,,,Ux.Mx.-------
DDH-2,46.4817,-112.12,1676.0,101.0,,33.0,,,3.0,,,,,,Ux.Mx.-------
DDH-2,46.245,-112.438,1890.0,82.0,,26.0,,,3.1,,,,,,Ux.Mx.-------
DDH-4,45.31,-112.876,2122.0,54.0,,21.0,,,2.6,,,,,,Ux.Mx.-------
DDH-4,45.31,-112.876,2122.0,67.0,,13.0,,,4.8,,,,,,Ux.Mx.-------
DDH-C,45.7167,-112.333,1743.0,82.0,,30.0,,,2.7,,,,,,Ux.Mx.-------
GRUNDY,37.3333,-82.0,473.0,71.0,,18.0,,,4.2,,,,,,Ux.Mx.-------
MV-OG-4,46.735,-112.321,1951.0,133.0,,42.0,,,3.1,,,,,,Ux.Mx.-------
RDH-A,45.9583,-112.696,1731.0,83.0,,40.0,,,2.1,,,,,,Ux.Mx.-------
BUCKMTN,44.6,-122.055,1333.0,76.0,,63.0,,,1.2,,,,,,Ux.Mx.-------
AD-2,42.5367,-118.443,1220.0,52.0,,58.0,,,0.9,,,,,,Ux.Mx.-------
BS-WW,43.63,-117.036,769.0,87.0,,75.0,,,1.2,,,,,,Ux.Mx.-------
BW-WW,45.3217,-122.87,323.0,47.0,,30.0,,,1.6,,,,,,Ux.Mx.-------
HAUNT,45.6467,-121.468,629.0,41.0,,37.0,,,1.6,,,,,,Ux.Mx.-------
ID-43P,45.03,-116.85,665.0,64.0,,25.0,,,2.5,,,,,,Ux.Mx.-------
LITHIASP,42.1883,-122.635,583.0,31.0,,15.0,,,2.1,,,,,,Ux.Mx.-------
PHOEN BL,42.3233,-122.81,529.0,46.0,,24.0,,,1.9,,,,,,Ux.Mx.-------
SAMS VAL,42.4917,-122.951,389.0,33.0,,17.0,,,1.9,,,,,,Ux.Mx.-------
SAMS VLF,42.4967,-122.975,395.0,33.0,,19.0,,,1.9,,,,,,Ux.Mx.-------
SB-WW,45.3917,-122.356,196.0,41.0,,35.0,,,1.2,,,,,,Ux.Mx.-------
SLVRBUTT,42.855,-123.375,1170.0,33.0,,12.0,,,2.7,,,,,,Ux.Mx.-------
TYGHRDG1,45.3483,-121.133,753.0,54.0,,35.0,,,1.6,,,,,,Ux.Mx.-------
WOLF HOL,45.3583,-120.148,760.0,54.0,,33.0,,,1.6,,,,,,Ux.Mx.-------
AE-WW,43.7967,-122.418,707.0,40.0,,25.0,,,1.6,,,,,,Ux.Mx.-------
BFZ-7527,43.69,-120.478,1450.0,75.0,,75.0,,,1.0,,,,,,Ux.Mx.-------
BFZ-7527,43.69,-120.478,1450.0,96.0,,49.0,,,1.9,,,,,,Ux.Mx.-------
BFZ-7528,43.6267,-120.456,1520.0,66.0,,66.0,,,1.0,,,,,,Ux.Mx.-------
BFZ-7528,43.6267,-120.456,1520.0,75.0,,39.0,,,1.9,,,,,,Ux.Mx.-------
BFZ-FBS,43.6167,-120.473,1550.0,75.0,,73.0,,,1.0,,,,,,Ux.Mx.-------
BFZ-FBS,43.6167,-120.473,1550.0,83.0,,50.0,,,1.6,,,,,,Ux.Mx.-------
BFZ-FBS,43.6167,-120.473,1550.0,83.0,,44.0,,,1.9,,,,,,Ux.Mx.-------
BFZ-MB,43.7317,-121.361,1515.0,100.0,,65.0,,,1.5,,,,,,Ux.Mx.-------
BFZ-PMS,43.7533,-120.936,1476.0,58.0,,30.0,,,1.8,,,,,,Ux.Mx.-------
BFZ-PMS,43.7533,-120.936,1476.0,96.0,,55.0,,,1.8,,,,,,Ux.Mx.-------
BFZ-PMW,43.8133,-120.99,1428.0,96.0,,52.0,,,1.8,,,,,,Ux.Mx.-------
BROOK LN,44.5383,-123.285,73.0,33.0,,15.0,,,1.3,,,,,,Ux.Mx.-------
CDR CK,44.83,-122.245,705.0,51.0,,28.0,,,1.8,,,,,,Ux.Mx.-------
CR-BHS,44.9517,-122.171,655.0,97.0,,66.0,,,1.4,,,,,,Ux.Mx.-------
CRITRN 1,45.0417,-120.995,940.0,71.0,,44.0,,,1.6,,,,,,Ux.Mx.-------
CS-WW,43.8,-122.415,719.0,45.0,,38.0,,,1.2,,,,,,Ux.Mx.-------
CS-WW,43.8,-122.415,719.0,39.0,,25.0,,,1.6,,,,,,Ux.Mx.-------
CWW,44.8617,-122.881,127.0,39.0,,24.0,,,1.6,,,,,,Ux.Mx.-------
CWW,44.06,-122.785,327.0,40.0,,25.0,,,1.6,,,,,,Ux.Mx.-------
DDH-15,44.1533,-122.246,367.0,68.0,,51.0,,,1.3,,,,,,Ux.Mx.-------
DEPOEB-2,44.7967,-124.065,27.0,29.0,,18.1,,,1.6,,,,,,Ux.Mx.-------
ER-WW,43.9317,-122.908,218.0,36.0,,31.0,,,1.2,,,,,,Ux.Mx.-------
EWEB-1,44.3883,-121.993,955.0,33.0,,23.0,,,1.4,,,,,,Ux.Mx.-------
H-1-WW,44.8883,-122.708,303.0,47.0,,27.0,,,1.7,,,,,,Ux.Mx.-------
LEBN GLF,44.4933,-122.851,170.0,45.0,,28.0,,,1.6,,,,,,Ux.Mx.-------
LOT24WW,44.24,-120.966,1002.0,103.0,,70.0,,,1.5,,,,,,Ux.Mx.-------
MCLEOD R,45.0817,-120.963,802.0,70.0,,44.0,,,1.6,,,,,,Ux.Mx.-------
MC-WW,45.005,-122.656,285.0,40.0,,34.0,,,1.2,,,,,,Ux.Mx.-------
MR-WW,44.4317,-122.715,402.0,53.0,,39.0,,,1.3,,,,,,Ux.Mx.-------
OW B1,45.0083,-123.511,105.0,30.0,,23.0,,,1.3,,,,,,Ux.Mx.-------
OW GPC,43.8017,-123.876,14.0,25.0,,18.0,,,1.3,,,,,,Ux.Mx.-------
OW LCD,44.575,-122.841,108.0,30.0,,18.0,,,1.6,,,,,,Ux.Mx.-------
OW W1,44.9783,-122.645,214.0,41.0,,26.0,,,1.6,,,,,,Ux.Mx.-------
OWM1,44.71,-123.033,65.0,41.0,,31.0,,,1.3,,,,,,Ux.Mx.-------
RDH-MTCK,44.625,-121.935,762.0,105.0,,64.0,,,1.6,,,,,,Ux.Mx.-------
RDH-RBCK,44.0183,-122.163,780.0,92.0,,65.0,,,1.4,,,,,,Ux.Mx.-------
RL-WW,44.6233,-122.721,158.0,35.0,,26.0,,,1.3,,,,,,Ux.Mx.-------
TWW,45.0467,-122.618,326.0,44.0,,37.0,,,1.2,,,,,,Ux.Mx.-------
TWW,45.0467,-122.618,326.0,45.0,,28.0,,,1.6,,,,,,Ux.Mx.-------
WOLF MDW,44.3033,-122.12,999.0,110.0,,75.0,,,1.4,,,,,,Ux.Mx.-------
AN-B-62,42.31,-118.653,1264.2,66.0,,66.0,,,1.0,,,,,,Ux.Mx.-------
AN-B-62,42.31,-118.653,1264.2,66.0,,56.0,,,1.2,,,,,,Ux.Mx.-------
P-21,42.3417,-118.55,1264.4,58.0,,46.0,,,1.2,,,,,,Ux.Mx.-------
P-22,42.3617,-118.633,1234.9,84.0,,67.0,,,1.2,,,,,,Ux.Mx.-------
W-25,42.25,-118.626,1246.1,71.0,,66.0,,,1.0,,,,,,Ux.Mx.-------
W-30,42.4467,-118.593,1244.9,41.0,,42.0,,,1.0,,,,,,Ux.Mx.-------
W-32,42.42,-118.563,1231.1,43.0,,41.0,,,1.0,,,,,,Ux.Mx.-------
W-7,42.3283,-118.546,1281.4,38.0,,34.0,,,1.0,,,,,,Ux.Mx.-------
W-8,42.3417,-118.553,1256.1,66.0,,65.0,,,1.0,,,,,,Ux.Mx.-------
A TALBOT,48.885,-118.6,548.0,68.0,,29.0,,,2.3,,,,,,Ux.Mx.-------
ACI CAMP,48.145,-117.22,740.0,57.0,,27.0,,,2.0,,,,,,Ux.Mx.-------
ANDSN1,46.3117,-119.756,420.0,53.0,,34.0,,,1.6,,,,,,Ux.Mx.-------
ANDSN1,46.3117,-119.756,420.0,98.0,,62.0,,,1.6,,,,,,Ux.Mx.-------
BADGER,46.8883,-120.39,664.0,45.0,,29.0,,,1.5,,,,,,Ux.Mx.-------
BATTELLE,46.3617,-119.268,115.0,63.0,,40.0,,,1.6,,,,,,Ux.Mx.-------
BATTELLE,46.3617,-119.268,115.0,66.0,,42.0,,,1.6,,,,,,Ux.Mx.-------
BNG CTY1,45.7117,-121.46,46.0,56.0,,35.0,,,1.6,,,,,,Ux.Mx.-------
BRADLEY,45.71,-121.305,161.0,53.0,,33.0,,,1.6,,,,,,Ux.Mx.-------
CHAPPELL,46.4167,-120.118,366.0,69.0,,43.0,,,1.6,,,,,,Ux.Mx.-------
CHAPPELL,46.4167,-120.118,366.0,78.0,,49.0,,,1.6,,,,,,Ux.Mx.-------
D BLACK,47.605,-117.298,914.0,48.0,,20.0,,,2.4,,,,,,Ux.Mx.-------
DDH-1,44.2917,-114.795,2292.0,43.0,,14.0,,,2.9,,,,,,Ux.Mx.-------
DDH-1,48.3617,-118.875,1182.0,68.0,,20.0,,,3.3,,,,,,Ux.Mx.-------
DDH-13,44.5017,-114.236,1570.0,58.0,,29.0,,,2.0,,,,,,Ux.Mx.-------
DDH-13,43.0267,-116.783,596.0,87.0,,33.0,,,2.6,,,,,,Ux.Mx.-------
DDH-2,44.2917,-114.796,2317.0,85.0,,29.0,,,2.9,,,,,,Ux.Mx.-------
DDH-3,48.665,-118.771,960.0,75.0,,31.0,,,2.4,,,,,,Ux.Mx.-------
DDH-A,45.095,-116.685,1463.0,48.0,,18.0,,,2.6,,,,,,Ux.Mx.-------
DECOLC-7,46.55,-120.668,425.0,50.0,,34.0,,,1.5,,,,,,Ux.Mx.-------
DECOLC-7,46.55,-120.668,425.0,94.0,,64.0,,,1.5,,,,,,Ux.Mx.-------
DNR-SCN1,47.71,-121.141,841.0,99.0,,48.0,,,2.0,,,,,,Ux.Mx.-------
DNR-SCN1,47.71,-121.141,841.0,114.0,,55.0,,,2.0,,,,,,Ux.Mx.-------
DOE PAT,46.0433,-119.641,222.0,38.0,,23.0,,,1.6,,,,,,Ux.Mx.-------
DOE TST5,47.575,-118.933,562.0,93.0,,58.0,,,1.6,,,,,,Ux.Mx.-------
DOE WILB,47.7533,-118.708,684.0,84.0,,52.0,,,1.6,,,,,,Ux.Mx.-------
DOETST6,47.5783,-118.271,720.0,84.0,,53.0,,,1.6,,,,,,Ux.Mx.-------
DOETST6,47.5783,-118.271,720.0,93.0,,58.0,,,1.6,,,,,,Ux.Mx.-------
DOETST7,45.9167,-120.19,706.0,43.0,,17.0,,,1.6,,,,,,Ux.Mx.-------
DOETST7,45.9167,-120.19,706.0,78.0,,49.0,,,1.6,,,,,,Ux.Mx.-------
F SHINN,47.0033,-119.528,345.0,79.0,,49.0,,,1.6,,,,,,Ux.Mx.-------
FOSTER,45.9917,-120.381,1116.0,59.0,,37.0,,,1.6,,,,,,Ux.Mx.-------
FOSTER,45.9917,-120.381,1116.0,65.0,,41.0,,,1.6,,,,,,Ux.Mx.-------
FOSTER,45.9917,-120.381,1116.0,104.0,,64.0,,,1.6,,,,,,Ux.Mx.-------
GARETSON,46.4583,-120.225,390.0,52.0,,32.0,,,1.6,,,,,,Ux.Mx.-------
GLDL 1,45.825,-120.816,506.0,55.0,,34.0,,,1.6,,,,,,Ux.Mx.-------
GLDL1,45.825,-120.816,506.0,71.0,,45.0,,,1.6,,,,,,Ux.Mx.-------
GROSS,45.6117,-122.125,268.0,56.0,,54.0,,,1.0,,,,,,Ux.Mx.-------
GROSS,45.6117,-122.125,268.0,72.0,,45.0,,,1.6,,,,,,Ux.Mx.-------
H FREER,45.8833,-120.926,585.0,39.0,,24.0,,,1.6,,,,,,Ux.Mx.-------
J MOTT,45.7367,-121.181,512.0,53.0,,33.0,,,1.6,,,,,,Ux.Mx.-------
KADOW,45.61,-122.183,271.0,37.0,,36.0,,,1.0,,,,,,Ux.Mx.-------
KADOW,45.61,-122.183,271.0,38.0,,36.0,,,1.5,,,,,,Ux.Mx.-------
LCMPK 3,46.5333,-122.551,146.0,38.0,,23.0,,,1.7,,,,,,Ux.Mx.-------
LD LEWIS,48.88,-118.588,679.0,79.0,,34.0,,,2.3,,,,,,Ux.Mx.-------
M MOE,47.6817,-117.513,627.0,65.0,,41.0,,,1.6,,,,,,Ux.Mx.-------
M POWERS,47.8817,-117.281,711.0,68.0,,24.0,,,2.8,,,,,,Ux.Mx.-------
MCKAY,45.88,-120.691,701.0,75.0,,52.0,,,1.4,,,,,,Ux.Mx.-------
MCKAY,45.88,-120.691,701.0,76.0,,53.0,,,1.4,,,,,,Ux.Mx.-------
MOSESLK,47.1633,-119.315,349.0,59.0,,37.0,,,1.6,,,,,,Ux.Mx.-------
MOSESLK,47.1633,-119.315,349.0,80.0,,50.0,,,1.6,,,,,,Ux.Mx.-------
O LEARY,45.8233,-120.816,506.0,30.0,,18.0,,,1.6,,,,,,Ux.Mx.-------
OXY-19,44.32,-111.453,1867.0,87.0,,52.0,,,1.6,,,,,,Ux.Mx.-------
OXY-19,44.32,-111.453,1867.0,108.0,,65.0,,,1.9,,,,,,Ux.Mx.-------
OXY-20,44.435,-111.488,1951.0,41.0,,25.0,,,1.6,,,,,,Ux.Mx.-------
OXY-20,44.435,-111.488,1951.0,25.0,,14.0,,,1.6,,,,,,Ux.Mx.-------
OXY-4,44.35,-112.015,1882.0,125.0,,67.0,,,1.9,,,,,,Ux.Mx.-------
OXY-4,44.35,-112.015,1882.0,41.0,,21.0,,,1.9,,,,,,Ux.Mx.-------
OXY-5B,44.4717,-111.863,2009.0,62.0,,32.0,,,1.9,,,,,,Ux.Mx.-------
OXY-6B,44.4633,-111.731,1981.0,121.0,,65.0,,,1.9,,,,,,Ux.Mx.-------
PATTEN,45.6117,-122.126,274.0,66.0,,63.0,,,1.0,,,,,,Ux.Mx.-------
PATTEN,45.6117,-122.126,274.0,58.0,,55.0,,,1.0,,,,,,Ux.Mx.-------
R HARLOW,46.7283,-117.22,781.0,36.0,,22.0,,,1.6,,,,,,Ux.Mx.-------
RDH,43.8117,-116.858,838.0,110.0,,62.0,,,1.8,,,,,,Ux.Mx.-------
RDH,42.7967,-115.258,962.0,104.0,,55.0,,,1.9,,,,,,Ux.Mx.-------
RDH-128,42.82,-116.028,914.0,111.0,,59.0,,,1.9,,,,,,Ux.Mx.-------
RDH-A,44.4783,-113.305,2298.0,94.0,,36.0,,,2.5,,,,,,Ux.Mx.-------
RDH-SU37,46.5317,-122.841,152.0,36.0,,33.0,,,1.1,,,,,,Ux.Mx.-------
RDH-SU37,46.5433,-122.846,152.0,36.0,,29.0,,,1.3,,,,,,Ux.Mx.-------
REYNOLDS,47.57,-120.155,1194.0,24.0,,14.0,,,1.7,,,,,,Ux.Mx.-------
ROM 1,46.615,-122.226,358.0,29.0,,26.0,,,1.1,,,,,,Ux.Mx.-------
SMU GM2,42.4183,-115.963,1647.0,32.0,,15.0,,,2.0,,,,,,Ux.Mx.-------
SMU GM3,42.215,-116.005,1801.0,51.0,,37.0,,,1.4,,,,,,Ux.Mx.-------
SMU GM4,42.3817,-115.99,1786.0,64.0,,37.0,,,1.7,,,,,,Ux.Mx.-------
SMU IB-6,44.5867,-115.515,2207.0,77.0,,20.0,,,3.8,,,,,,Ux.Mx.-------
SMU IB-7,44.5333,-115.973,1536.0,47.0,,12.0,,,3.8,,,,,,Ux.Mx.-------
SPAULD R,46.4083,-120.075,402.0,63.0,,39.0,,,1.6,,,,,,Ux.Mx.-------
SPAULDR,46.4083,-120.075,402.0,67.0,,42.0,,,1.6,,,,,,Ux.Mx.-------
SS-23,45.7733,-122.195,564.0,46.0,,16.0,,,2.8,,,,,,Ux.Mx.-------
SS-23,45.7733,-122.195,564.0,69.0,,24.0,,,2.8,,,,,,Ux.Mx.-------
SS-6,45.77,-122.198,539.0,81.0,,29.0,,,2.8,,,,,,Ux.Mx.-------
SS-6,45.77,-122.198,539.0,64.0,,22.0,,,2.9,,,,,,Ux.Mx.-------
SU-12,46.5383,-122.823,161.0,29.0,,27.0,,,1.1,,,,,,Ux.Mx.-------
SU-12,46.5383,-122.823,161.0,31.0,,21.0,,,1.5,,,,,,Ux.Mx.-------
SU-902,46.5267,-122.833,158.0,36.0,,24.0,,,1.5,,,,,,Ux.Mx.-------
SU-902,46.5267,-122.833,158.0,39.0,,22.0,,,1.8,,,,,,Ux.Mx.-------
TENNANT,45.755,-121.543,362.0,27.0,,17.0,,,1.6,,,,,,Ux.Mx.-------
TENNANT,45.755,-121.543,362.0,34.0,,21.0,,,1.6,,,,,,Ux.Mx.-------
THOMPSON,45.7133,-121.885,250.0,49.0,,31.0,,,1.3,,,,,,Ux.Mx.-------
USBR,44.6833,-116.091,1478.0,103.0,,33.0,,,3.0,,,,,,Ux.Mx.-------
V CARROL,47.5883,-117.22,749.0,103.0,,30.0,,,3.4,,,,,,Ux.Mx.-------
WELCH,47.2433,-120.011,390.0,41.0,,26.0,,,1.6,,,,,,Ux.Mx.-------
WELCH,47.2433,-120.011,390.0,51.0,,32.0,,,1.6,,,,,,Ux.Mx.-------
WHOLMAN,46.8783,-118.918,432.0,74.0,,47.0,,,1.6,,,,,,Ux.Mx.-------
WHOLMAN,46.8783,-118.918,432.0,91.0,,57.0,,,1.6,,,,,,Ux.Mx.-------
WHOLMAN,46.8783,-118.918,432.0,94.0,,59.0,,,1.6,,,,,,Ux.Mx.-------
WW,43.23,-116.676,1292.0,84.0,,77.0,,,1.1,,,,,,Ux.Mx.-------
WW,43.2767,-116.573,765.0,76.0,,70.0,,,1.1,,,,,,Ux.Mx.-------
WW,43.055,-116.068,829.0,69.0,,63.0,,,1.1,,,,,,Ux.Mx.-------
WW,43.245,-116.575,853.0,71.0,,56.0,,,1.2,,,,,,Ux.Mx.-------
WW,43.1633,-116.391,754.0,94.0,,80.0,,,1.2,,,,,,Ux.Mx.-------
WW,42.375,-115.881,1545.0,68.0,,51.0,,,1.3,,,,,,Ux.Mx.-------
WW,43.2383,-115.848,989.0,79.0,,59.0,,,1.3,,,,,,Ux.Mx.-------
WW,43.3067,-115.74,1100.0,81.0,,65.0,,,1.3,,,,,,Ux.Mx.-------
WW,42.7183,-115.581,1112.0,102.0,,76.0,,,1.3,,,,,,Ux.Mx.-------
WW,43.4167,-116.198,905.0,79.0,,56.0,,,1.4,,,,,,Ux.Mx.-------
WW,42.9217,-116.09,783.0,65.0,,47.0,,,1.4,,,,,,Ux.Mx.-------
WW,42.945,-116.086,762.0,92.0,,67.0,,,1.4,,,,,,Ux.Mx.-------
WW,43.1667,-116.386,747.0,57.0,,40.0,,,1.5,,,,,,Ux.Mx.-------
WW,43.0617,-116.245,762.0,97.0,,63.0,,,1.5,,,,,,Ux.Mx.-------
WW,42.925,-116.166,838.0,73.0,,48.0,,,1.5,,,,,,Ux.Mx.-------
WW,43.5567,-116.096,864.0,100.0,,69.0,,,1.5,,,,,,Ux.Mx.-------
WW,43.3483,-115.955,1006.0,70.0,,47.0,,,1.5,,,,,,Ux.Mx.-------
WW,43.2,-115.925,938.0,49.0,,33.0,,,1.5,,,,,,Ux.Mx.-------
WW,42.27,-115.145,1608.0,68.0,,44.0,,,1.5,,,,,,Ux.Mx.-------
WW,43.0,-116.348,838.0,63.0,,38.0,,,1.6,,,,,,Ux.Mx.-------
WW,42.94,-116.298,929.0,117.0,,74.0,,,1.6,,,,,,Ux.Mx.-------
WW,44.8817,-116.065,1556.0,57.0,,35.0,,,1.6,,,,,,Ux.Mx.-------
WW,43.6483,-116.288,814.0,127.0,,70.0,,,1.8,,,,,,Ux.Mx.-------
WW,44.8517,-116.13,1536.0,67.0,,37.0,,,1.8,,,,,,Ux.Mx.-------
WW,42.5167,-115.118,1231.0,47.0,,26.0,,,1.8,,,,,,Ux.Mx.-------
WW,44.4533,-114.341,2173.0,80.0,,43.0,,,1.8,,,,,,Ux.Mx.-------
WW,42.0783,-116.47,1543.0,97.0,,51.0,,,1.9,,,,,,Ux.Mx.-------
WW,42.1483,-115.75,1554.0,94.0,,50.0,,,1.9,,,,,,Ux.Mx.-------
WW,42.1483,-115.75,1554.0,112.0,,59.0,,,1.9,,,,,,Ux.Mx.-------
WW 75P-11,43.035,-116.301,774.0,84.0,,74.0,,,1.1,,,,,,Ux.Mx.-------
WW 75P-21,42.94,-116.298,929.0,116.0,,51.0,,,2.3,,,,,,Ux.Mx.-------
WW 75P-3,42.9017,-116.05,798.0,23.0,,18.0,,,1.3,,,,,,Ux.Mx.-------
WW 75P-36,42.93,-116.168,846.0,64.0,,42.0,,,1.5,,,,,,Ux.Mx.-------
WW 75P-41,42.9333,-115.99,771.0,66.0,,60.0,,,1.1,,,,,,Ux.Mx.-------
WW BLM,42.5767,-116.235,1710.0,45.0,,25.0,,,1.8,,,,,,Ux.Mx.-------
WW BROWN,44.1867,-115.951,1049.0,120.0,,41.0,,,2.9,,,,,,Ux.Mx.-------
WW CD,44.4367,-113.255,2219.0,28.0,,11.0,,,2.6,,,,,,Ux.Mx.-------
WW CRKHL,46.8767,-117.003,885.0,70.0,,22.0,,,3.0,,,,,,Ux.Mx.-------
WW DEARY,46.795,-116.578,830.0,54.0,,34.0,,,1.6,,,,,,Ux.Mx.-------
WW DOMNG,43.4583,-115.596,1432.0,73.0,,46.0,,,1.6,,,,,,Ux.Mx.-------
WW FENN,45.9667,-116.255,998.0,38.0,,24.0,,,1.6,,,,,,Ux.Mx.-------
WW HNGST,46.7567,-116.97,803.0,95.0,,49.0,,,1.9,,,,,,Ux.Mx.-------
WW LOWTH,46.3483,-117.013,439.0,66.0,,38.0,,,1.7,,,,,,Ux.Mx.-------
WW LWSN1,47.3267,-117.021,817.0,67.0,,42.0,,,1.6,,,,,,Ux.Mx.-------
WW LWSTN,46.3667,-116.95,468.0,58.0,,33.0,,,1.7,,,,,,Ux.Mx.-------
WW SNYDR,46.22,-115.965,867.0,85.0,,55.0,,,1.5,,,,,,Ux.Mx.-------
WW TAYLR,46.4,-116.923,434.0,79.0,,46.0,,,1.7,,,,,,Ux.Mx.-------
WWBLACK,42.8167,-116.165,995.0,123.0,,65.0,,,1.9,,,,,,Ux.Mx.-------
WWBLACK,42.8167,-116.165,995.0,131.0,,70.0,,,1.9,,,,,,Ux.Mx.-------
WWBLM,42.48,-115.22,1387.0,100.0,,73.0,,,1.4,,,,,,Ux.Mx.-------
WWBLM,42.5767,-116.235,1710.0,38.0,,21.0,,,1.8,,,,,,Ux.Mx.-------
WWLNDRF,43.2333,-116.293,962.0,82.0,,60.0,,,1.4,,,,,,Ux.Mx.-------
YFC3,46.8267,-120.205,795.0,61.0,,44.0,,,1.4,,,,,,Ux.Mx.-------
YFC3,46.8267,-120.205,795.0,51.0,,37.0,,,1.4,,,,,,Ux.Mx.-------
1,32.1817,-108.79,1342.3,52.7,,42.0,,,1.3,,,,,,Ux.Mx.-------
1,31.4483,-106.09,1094.0,27.0,,15.0,,,1.8,,,,,,Ux.Mx.-------
1,41.0867,-118.82,1201.2,136.8,,72.0,,,1.9,,,,,,Ux.Mx.-------
1,34.1,-107.13,1867.7,72.4,,38.9,,,1.9,,,,,,Ux.Mx.-------
2,34.1,-107.13,1867.7,77.0,,39.5,,,2.0,,,,,,Ux.Mx.-------
2,31.9867,-106.4,1225.8,30.0,,15.0,,,2.0,,,,,,Ux.Mx.-------
3,32.1883,-108.84,1281.8,66.1,,52.8,,,1.3,,,,,,Ux.Mx.-------
3,34.0717,-107.13,1995.7,111.6,,64.5,,,1.7,,,,,,Ux.Mx.-------
3,34.0717,-107.13,1995.7,70.9,,39.6,,,1.8,,,,,,Ux.Mx.-------
3,41.0783,-118.73,1200.5,138.3,,72.8,,,1.9,,,,,,Ux.Mx.-------
3,34.29,-108.76,2144.6,70.3,,37.0,,,1.9,,,,,,Ux.Mx.-------
3,31.9367,-106.42,1215.9,63.0,,18.0,,,3.5,,,,,,Ux.Mx.-------
4,34.055,-107.11,1951.3,26.7,,16.7,,,1.6,,,,,,Ux.Mx.-------
4,34.055,-107.11,1951.3,46.4,,29.0,,,1.6,,,,,,Ux.Mx.-------
4,41.045,-118.82,1197.7,134.9,,71.0,,,1.9,,,,,,Ux.Mx.-------
4,34.27,-108.71,2176.7,66.5,,35.0,,,1.9,,,,,,Ux.Mx.-------
4,31.9933,-106.45,1266.9,36.0,,18.0,,,2.0,,,,,,Ux.Mx.-------
5,32.1667,-108.91,1277.0,42.3,,33.6,,,1.3,,,,,,Ux.Mx.-------
5,34.0967,-107.03,1791.3,44.7,,29.0,,,1.5,,,,,,Ux.Mx.-------
5,41.055,-118.78,1198.4,138.7,,73.0,,,1.9,,,,,,Ux.Mx.-------
5,34.37,-108.1,2299.9,51.3,,27.0,,,1.9,,,,,,Ux.Mx.-------
5,31.505,-106.15,1102.8,38.0,,19.0,,,2.0,,,,,,Ux.Mx.-------
6,32.1233,-108.9,1285.9,44.8,,35.5,,,1.3,,,,,,Ux.Mx.-------
6,34.085,-107.04,1779.7,31.4,,16.9,,,1.9,,,,,,Ux.Mx.-------
6,31.9367,-106.49,1569.3,41.8,,19.0,,,2.2,,,,,,Ux.Mx.-------
7,32.0683,-108.93,1296.7,71.5,,56.9,,,1.3,,,,,,Ux.Mx.-------
7,31.8817,-106.65,1152.6,36.0,,20.0,,,1.8,,,,,,Ux.Mx.-------
7,39.5083,-119.75,1342.3,89.1,,46.9,,,1.9,,,,,,Ux.Mx.-------
7,34.88,-108.95,1978.9,41.8,,22.0,,,1.9,,,,,,Ux.Mx.-------
8,32.03,-108.9,1301.2,46.4,,36.9,,,1.3,,,,,,Ux.Mx.-------
8,41.0017,-118.78,1196.0,138.3,,72.8,,,1.9,,,,,,Ux.Mx.-------
8,34.91,-108.84,2062.8,119.7,,63.0,,,1.9,,,,,,Ux.Mx.-------
8,34.08,-107.02,1758.4,50.2,,27.0,,,1.9,,,,,,Ux.Mx.-------
8,31.7,-106.28,1143.4,79.8,,21.0,,,3.8,,,,,,Ux.Mx.-------
9,34.0817,-107.01,1745.6,87.7,,51.0,,,1.7,,,,,,Ux.Mx.-------
9,31.825,-106.36,1196.9,37.8,,21.0,,,1.8,,,,,,Ux.Mx.-------
9,32.0083,-108.76,1370.2,58.6,,23.4,,,2.5,,,,,,Ux.Mx.-------
10,34.08,-107.01,1755.3,78.8,,51.5,,,1.5,,,,,,Ux.Mx.-------
10,34.08,-107.01,1755.3,54.6,,32.1,,,1.7,,,,,,Ux.Mx.-------
10,31.8767,-106.37,1196.4,37.8,,21.0,,,1.8,,,,,,Ux.Mx.-------
10,40.9683,-118.82,1196.8,142.5,,75.0,,,1.9,,,,,,Ux.Mx.-------
10,34.92,-108.69,2207.9,43.7,,23.0,,,1.9,,,,,,Ux.Mx.-------
10,34.08,-107.01,1755.3,24.7,,13.2,,,1.9,,,,,,Ux.Mx.-------
10,32.03,-108.81,1345.8,97.9,,42.5,,,2.3,,,,,,Ux.Mx.-------
11,34.085,-107.0,1744.0,33.5,,20.4,,,1.6,,,,,,Ux.Mx.-------
11,34.085,-107.0,1744.0,102.3,,62.4,,,1.6,,,,,,Ux.Mx.-------
11,35.03,-108.77,1964.8,127.3,,67.0,,,1.9,,,,,,Ux.Mx.-------
11,31.955,-106.4,1211.1,73.5,,21.0,,,3.5,,,,,,Ux.Mx.-------
12,34.07,-107.02,1819.3,48.7,,28.0,,,1.7,,,,,,Ux.Mx.-------
12,31.83,-106.41,1181.0,41.4,,23.0,,,1.8,,,,,,Ux.Mx.-------
12,35.14,-108.83,2054.2,45.6,,24.0,,,1.9,,,,,,Ux.Mx.-------
13,32.025,-108.83,1328.7,65.7,,52.2,,,1.3,,,,,,Ux.Mx.-------
13,34.0633,-107.03,1793.5,40.7,,23.0,,,1.8,,,,,,Ux.Mx.-------
13,35.11,-108.65,2074.0,112.1,,59.0,,,1.9,,,,,,Ux.Mx.-------
13,31.9483,-106.59,1173.5,50.6,,23.0,,,2.2,,,,,,Ux.Mx.-------
14,34.06,-107.02,1822.1,67.6,,42.5,,,1.6,,,,,,Ux.Mx.-------
14,35.16,-108.71,2032.4,41.8,,22.0,,,1.9,,,,,,Ux.Mx.-------
14,31.465,-106.07,1136.3,91.2,,24.0,,,3.8,,,,,,Ux.Mx.-------
15,34.055,-107.04,1814.9,31.8,,18.3,,,1.7,,,,,,Ux.Mx.-------
15,35.27,-108.63,2105.9,60.8,,32.0,,,1.9,,,,,,Ux.Mx.-------
15,32.0683,-108.8,1371.8,94.1,,45.0,,,2.1,,,,,,Ux.Mx.-------
15,31.9983,-106.26,1231.0,84.0,,24.0,,,3.5,,,,,,Ux.Mx.-------
16,32.095,-108.83,1322.1,100.0,,79.5,,,1.3,,,,,,Ux.Mx.-------
16,34.0433,-107.01,1784.3,63.5,,39.7,,,1.6,,,,,,Ux.Mx.-------
16,35.24,-108.77,2209.9,51.3,,27.0,,,1.9,,,,,,Ux.Mx.-------
16,31.49,-106.15,1097.7,50.0,,25.0,,,2.0,,,,,,Ux.Mx.-------
17,34.0433,-107.07,1885.6,40.2,,25.1,,,1.6,,,,,,Ux.Mx.-------
17,31.5867,-106.24,1103.8,50.0,,25.0,,,2.0,,,,,,Ux.Mx.-------
17,32.0517,-108.83,1325.9,50.2,,22.1,,,2.3,,,,,,Ux.Mx.-------
18,32.2233,-108.9,1270.2,46.9,,37.3,,,1.3,,,,,,Ux.Mx.-------
18,34.0317,-107.06,1894.3,53.3,,36.0,,,1.5,,,,,,Ux.Mx.-------
18,41.0333,-118.78,1197.1,138.3,,72.8,,,1.9,,,,,,Ux.Mx.-------
18,35.23,-108.6,2083.5,77.9,,41.0,,,1.9,,,,,,Ux.Mx.-------
18,31.5983,-106.22,1104.9,50.0,,25.0,,,2.0,,,,,,Ux.Mx.-------
18,38.6433,-112.9,1530.5,113.0,,56.8,,,2.1,,,,,,Ux.Mx.-------
19,34.0167,-107.04,1854.8,55.3,,39.5,,,1.4,,,,,,Ux.Mx.-------
19,38.6083,-112.94,1502.3,117.2,,74.4,,,1.5,,,,,,Ux.Mx.-------
19,31.8667,-106.4,1184.0,45.0,,25.0,,,1.8,,,,,,Ux.Mx.-------
19,35.72,-108.22,2047.0,55.1,,29.0,,,1.9,,,,,,Ux.Mx.-------
19,34.0167,-107.04,1854.8,94.3,,44.9,,,2.1,,,,,,Ux.Mx.-------
20,31.9583,-108.74,1364.1,27.2,,21.5,,,1.3,,,,,,Ux.Mx.-------
20,34.0,-107.04,1855.9,26.2,,16.0,,,1.6,,,,,,Ux.Mx.-------
20,41.0817,-118.79,1200.2,121.0,,63.7,,,1.9,,,,,,Ux.Mx.-------
20,35.59,-108.33,2200.4,32.3,,17.0,,,1.9,,,,,,Ux.Mx.-------
20,31.9283,-106.44,1247.0,87.5,,25.0,,,3.5,,,,,,Ux.Mx.-------
21,34.0283,-107.03,1813.1,35.1,,28.5,,,1.2,,,,,,Ux.Mx.-------
21,31.96,-108.67,1373.2,89.5,,65.7,,,1.3,,,,,,Ux.Mx.-------
21,38.58,-112.98,1491.5,62.0,,41.5,,,1.5,,,,,,Ux.Mx.-------
21,31.98,-106.43,1231.4,45.0,,25.0,,,1.8,,,,,,Ux.Mx.-------
21,41.0733,-118.75,1200.4,136.8,,72.0,,,1.9,,,,,,Ux.Mx.-------
21,35.59,-108.3,2183.4,45.6,,24.0,,,1.9,,,,,,Ux.Mx.-------
22,31.9183,-108.9,1400.3,42.3,,31.7,,,1.3,,,,,,Ux.Mx.-------
22,38.475,-113.02,1512.2,72.0,,49.0,,,1.5,,,,,,Ux.Mx.-------
22,34.02,-107.03,1813.8,26.1,,16.2,,,1.6,,,,,,Ux.Mx.-------
22,34.02,-107.03,1813.8,52.5,,30.7,,,1.7,,,,,,Ux.Mx.-------
22,31.5667,-106.07,1204.0,46.8,,26.0,,,1.8,,,,,,Ux.Mx.-------
22,35.39,-108.66,2242.4,53.2,,28.0,,,1.9,,,,,,Ux.Mx.-------
23,31.88,-108.81,1377.7,50.2,,39.9,,,1.3,,,,,,Ux.Mx.-------
23,34.025,-107.01,1737.9,56.3,,37.8,,,1.5,,,,,,Ux.Mx.-------
23,34.025,-107.01,1737.9,24.1,,13.6,,,1.8,,,,,,Ux.Mx.-------
23,31.885,-106.4,1189.3,46.8,,26.0,,,1.8,,,,,,Ux.Mx.-------
23,35.41,-108.83,2082.8,85.5,,45.0,,,1.9,,,,,,Ux.Mx.-------
24,31.8883,-108.76,1414.9,42.3,,22.4,,,1.3,,,,,,Ux.Mx.-------
24,34.0167,-107.01,1730.5,57.6,,36.0,,,1.6,,,,,,Ux.Mx.-------
24,35.49,-108.75,2073.9,60.8,,32.0,,,1.9,,,,,,Ux.Mx.-------
24,31.735,-106.37,1120.2,102.6,,27.0,,,3.8,,,,,,Ux.Mx.-------
25,31.89,-108.69,1476.8,38.5,,30.7,,,1.3,,,,,,Ux.Mx.-------
25,34.0083,-107.0,1701.5,72.0,,45.0,,,1.6,,,,,,Ux.Mx.-------
25,31.785,-106.48,1248.6,59.4,,27.0,,,2.2,,,,,,Ux.Mx.-------
26,31.8633,-108.85,1455.7,95.8,,76.3,,,1.3,,,,,,Ux.Mx.-------
26,34.035,-106.99,1749.6,38.9,,24.6,,,1.6,,,,,,Ux.Mx.-------
26,34.035,-106.99,1749.6,53.0,,33.1,,,1.6,,,,,,Ux.Mx.-------
26,34.035,-106.99,1749.6,96.2,,60.9,,,1.6,,,,,,Ux.Mx.-------
26,35.54,-108.6,2064.1,45.6,,24.0,,,1.9,,,,,,Ux.Mx.-------
26,31.6467,-106.3,1111.7,60.0,,30.0,,,2.0,,,,,,Ux.Mx.-------
27,31.8367,-108.8,1409.2,66.1,,62.1,,,1.3,,,,,,Ux.Mx.-------
27,34.0333,-106.97,1720.5,50.1,,32.3,,,1.5,,,,,,Ux.Mx.-------
27,34.0333,-106.97,1720.5,79.2,,50.1,,,1.6,,,,,,Ux.Mx.-------
27,31.8433,-106.33,1205.1,55.8,,31.0,,,1.8,,,,,,Ux.Mx.-------
27,35.38,-108.17,2172.1,41.8,,22.0,,,1.9,,,,,,Ux.Mx.-------
27,41.235,-115.31,1732.3,138.0,,65.0,,,2.1,,,,,,Ux.Mx.-------
28,35.5,-108.21,2381.1,72.2,,38.0,,,1.9,,,,,,Ux.Mx.-------
28,31.8367,-108.73,1471.5,66.1,,28.7,,,2.3,,,,,,Ux.Mx.-------
28,31.7733,-106.51,1163.7,115.5,,33.0,,,3.5,,,,,,Ux.Mx.-------
29,32.0283,-108.69,1417.1,55.6,,44.2,,,1.3,,,,,,Ux.Mx.-------
29,34.025,-106.94,1569.7,65.0,,40.6,,,1.6,,,,,,Ux.Mx.-------
29,34.025,-106.94,1569.7,96.5,,60.3,,,1.6,,,,,,Ux.Mx.-------
29,41.23,-115.33,1753.4,117.0,,63.0,,,1.8,,,,,,Ux.Mx.-------
29,31.8667,-106.44,1201.5,59.4,,33.0,,,1.8,,,,,,Ux.Mx.-------
29,35.53,-108.12,2201.0,45.6,,24.0,,,1.9,,,,,,Ux.Mx.-------
30,34.0067,-106.99,1698.4,92.0,,53.8,,,1.7,,,,,,Ux.Mx.-------
30,31.94,-106.45,1278.1,66.0,,33.0,,,2.0,,,,,,Ux.Mx.-------
30,32.0567,-108.95,1348.9,37.2,,13.3,,,2.8,,,,,,Ux.Mx.-------
31,41.275,-115.31,1744.3,126.0,,80.0,,,1.6,,,,,,Ux.Mx.-------
31,32.1333,-108.81,1329.0,77.4,,45.0,,,1.7,,,,,,Ux.Mx.-------
32,31.9083,-108.84,1367.8,97.5,,77.5,,,1.3,,,,,,Ux.Mx.-------
32,31.9883,-106.33,1213.6,61.2,,34.0,,,1.8,,,,,,Ux.Mx.-------
33,31.9567,-108.72,1370.9,29.3,,13.3,,,1.3,,,,,,Ux.Mx.-------
33,34.0033,-106.97,1630.8,61.6,,42.5,,,1.5,,,,,,Ux.Mx.-------
33,31.7933,-106.17,1228.8,63.0,,35.0,,,1.8,,,,,,Ux.Mx.-------
34,31.8733,-108.78,1378.4,37.7,,30.0,,,1.3,,,,,,Ux.Mx.-------
34,33.9983,-106.97,1626.1,46.3,,31.1,,,1.5,,,,,,Ux.Mx.-------
34,41.2667,-115.24,1692.9,126.0,,63.0,,,2.0,,,,,,Ux.Mx.-------
34,31.66,-106.24,1146.2,140.6,,37.0,,,3.8,,,,,,Ux.Mx.-------
35,33.9967,-106.96,1597.6,81.0,,48.8,,,1.7,,,,,,Ux.Mx.-------
35,31.7783,-106.35,1202.5,66.6,,37.0,,,1.8,,,,,,Ux.Mx.-------
36,33.9733,-106.96,1618.9,88.0,,48.6,,,1.8,,,,,,Ux.Mx.-------
36,31.6817,-106.03,1230.4,76.0,,38.0,,,2.0,,,,,,Ux.Mx.-------
37,34.0033,-106.94,1563.6,64.4,,41.0,,,1.6,,,,,,Ux.Mx.-------
37,34.0033,-106.94,1563.6,100.3,,63.5,,,1.6,,,,,,Ux.Mx.-------
37,31.77,-106.42,1131.2,70.2,,39.0,,,1.8,,,,,,Ux.Mx.-------
37,32.1567,-108.78,1379.4,115.1,,50.0,,,2.3,,,,,,Ux.Mx.-------
38,34.005,-106.94,1563.1,87.3,,58.6,,,1.5,,,,,,Ux.Mx.-------
38,34.005,-106.94,1563.1,101.0,,65.6,,,1.5,,,,,,Ux.Mx.-------
38,34.005,-106.94,1563.1,122.2,,71.9,,,1.7,,,,,,Ux.Mx.-------
38,31.95,-106.24,1234.2,73.8,,41.0,,,1.8,,,,,,Ux.Mx.-------
39,34.0217,-106.93,1519.4,64.4,,36.8,,,1.8,,,,,,Ux.Mx.-------
39,31.8683,-106.16,1239.4,147.0,,42.0,,,3.5,,,,,,Ux.Mx.-------
40,34.0667,-106.94,1562.1,119.2,,66.6,,,1.8,,,,,,Ux.Mx.-------
40,31.9233,-106.04,1378.8,84.0,,42.0,,,2.0,,,,,,Ux.Mx.-------
41,34.1117,-106.94,1491.9,80.4,,47.0,,,1.7,,,,,,Ux.Mx.-------
42,34.1133,-106.95,1507.4,84.9,,53.4,,,1.6,,,,,,Ux.Mx.-------
42,31.805,-106.37,1199.4,81.0,,45.0,,,1.8,,,,,,Ux.Mx.-------
43,32.1467,-108.8,1333.2,75.3,,44.1,,,1.7,,,,,,Ux.Mx.-------
43,34.1133,-106.98,1604.1,92.6,,55.1,,,1.7,,,,,,Ux.Mx.-------
43,31.9567,-106.25,1234.1,86.4,,48.0,,,1.8,,,,,,Ux.Mx.-------
44,34.125,-106.95,1515.2,58.1,,38.5,,,1.5,,,,,,Ux.Mx.-------
44,34.125,-106.95,1515.2,81.2,,54.1,,,1.5,,,,,,Ux.Mx.-------
44,31.7967,-106.25,1215.9,88.2,,49.0,,,1.8,,,,,,Ux.Mx.-------
45,34.145,-106.98,1661.8,103.7,,72.5,,,1.4,,,,,,Ux.Mx.-------
45,31.82,-106.17,1233.4,88.2,,49.0,,,1.8,,,,,,Ux.Mx.-------
45,37.8617,-117.97,1440.3,146.0,,73.0,,,2.0,,,,,,Ux.Mx.-------
46,34.1817,-106.96,1613.6,99.5,,63.0,,,1.6,,,,,,Ux.Mx.-------
46,31.8933,-106.08,1330.9,102.0,,51.0,,,2.0,,,,,,Ux.Mx.-------
47,34.2217,-106.94,1487.5,34.6,,23.7,,,1.5,,,,,,Ux.Mx.-------
47,31.7633,-106.4,1129.0,97.2,,54.0,,,1.8,,,,,,Ux.Mx.-------
48,31.685,-106.1,1222.2,136.8,,76.0,,,1.8,,,,,,Ux.Mx.-------
48,34.0883,-106.84,1461.7,70.1,,37.1,,,1.9,,,,,,Ux.Mx.-------
49,34.99,-106.84,1724.3,49.7,,26.7,,,1.9,,,,,,Ux.Mx.-------
51,29.8817,-104.52,1132.2,24.0,,12.0,,,2.0,,,,,,Ux.Mx.-------
51,32.1333,-108.83,1295.0,148.5,,55.5,,,2.3,,,,,,Ux.Mx.-------
52,30.505,-104.44,1375.8,28.0,,14.0,,,2.0,,,,,,Ux.Mx.-------
53,29.3783,-104.11,783.0,30.0,,15.0,,,2.0,,,,,,Ux.Mx.-------
54,29.7467,-104.25,1233.8,32.3,,17.0,,,1.9,,,,,,Ux.Mx.-------
55,30.4433,-104.39,1388.5,34.0,,17.0,,,2.0,,,,,,Ux.Mx.-------
55,32.1133,-108.8,1371.7,81.2,,31.7,,,2.3,,,,,,Ux.Mx.-------
56,30.0033,-104.24,1567.2,34.2,,18.0,,,1.9,,,,,,Ux.Mx.-------
57,30.44,-104.31,1444.9,36.0,,18.0,,,2.0,,,,,,Ux.Mx.-------
58,30.615,-104.49,1357.6,36.0,,18.0,,,2.0,,,,,,Ux.Mx.-------
59,38.14,-113.08,1689.9,39.5,,28.2,,,1.4,,,,,,Ux.Mx.-------
59,30.17,-104.1,1390.5,38.0,,19.0,,,2.0,,,,,,Ux.Mx.-------
60,30.2067,-104.7,906.8,51.3,,19.0,,,2.7,,,,,,Ux.Mx.-------
61,29.425,-104.16,819.3,40.0,,20.0,,,2.0,,,,,,Ux.Mx.-------
62,30.4,-104.31,1429.7,40.0,,20.0,,,2.0,,,,,,Ux.Mx.-------
63,32.1833,-108.83,1292.6,57.7,,46.0,,,1.3,,,,,,Ux.Mx.-------
64,29.8633,-104.5,1129.2,42.0,,21.0,,,2.0,,,,,,Ux.Mx.-------
65,30.2533,-104.08,1450.1,42.0,,21.0,,,2.0,,,,,,Ux.Mx.-------
66,30.3033,-104.68,1107.1,62.1,,23.0,,,2.7,,,,,,Ux.Mx.-------
67,29.8067,-104.49,994.4,50.0,,25.0,,,2.0,,,,,,Ux.Mx.-------
68,30.0383,-104.04,1313.2,50.0,,25.0,,,2.0,,,,,,Ux.Mx.-------
69,30.335,-104.08,1471.5,50.0,,25.0,,,2.0,,,,,,Ux.Mx.-------
70,30.3517,-104.44,1469.0,50.0,,25.0,,,2.0,,,,,,Ux.Mx.-------
71,30.2583,-104.12,1412.7,52.0,,26.0,,,2.0,,,,,,Ux.Mx.-------
72,30.5333,-104.44,1381.3,52.0,,26.0,,,2.0,,,,,,Ux.Mx.-------
73,29.745,-104.07,1063.1,54.0,,27.0,,,2.0,,,,,,Ux.Mx.-------
74,29.8833,-104.53,1108.8,54.0,,27.0,,,2.0,,,,,,Ux.Mx.-------
75,30.335,-104.66,1240.3,72.9,,27.0,,,2.7,,,,,,Ux.Mx.-------
76,30.5333,-104.46,1365.6,54.0,,27.0,,,2.0,,,,,,Ux.Mx.-------
77,29.9817,-104.56,1195.3,106.4,,28.0,,,3.8,,,,,,Ux.Mx.-------
78,30.0033,-104.5,1353.9,81.2,,28.0,,,2.9,,,,,,Ux.Mx.-------
79,30.355,-104.72,1020.7,61.6,,28.0,,,2.2,,,,,,Ux.Mx.-------
80,30.3717,-104.72,1067.0,63.8,,29.0,,,2.2,,,,,,Ux.Mx.-------
81,30.5133,-104.53,1329.9,58.0,,29.0,,,2.0,,,,,,Ux.Mx.-------
82,30.3667,-104.7,1072.1,81.0,,30.0,,,2.7,,,,,,Ux.Mx.-------
83,29.8283,-104.48,1081.3,62.0,,31.0,,,2.0,,,,,,Ux.Mx.-------
84,29.8567,-104.52,1077.7,62.0,,31.0,,,2.0,,,,,,Ux.Mx.-------
85,29.9467,-104.56,1294.3,62.0,,31.0,,,2.0,,,,,,Ux.Mx.-------
86,30.3233,-104.7,979.3,83.7,,31.0,,,2.7,,,,,,Ux.Mx.-------
87,29.8533,-104.48,1198.0,64.0,,32.0,,,2.0,,,,,,Ux.Mx.-------
88,29.8217,-104.52,965.6,70.0,,35.0,,,2.0,,,,,,Ux.Mx.-------
89,29.8233,-104.49,1046.8,70.0,,35.0,,,2.0,,,,,,Ux.Mx.-------
90,30.285,-104.63,1064.6,66.5,,35.0,,,1.9,,,,,,Ux.Mx.-------
91,30.3567,-104.69,1121.8,94.5,,35.0,,,2.7,,,,,,Ux.Mx.-------
92,30.5517,-104.55,1321.4,70.0,,35.0,,,2.0,,,,,,Ux.Mx.-------
93,29.8517,-104.51,1071.6,72.0,,36.0,,,2.0,,,,,,Ux.Mx.-------
94,29.855,-104.6,892.4,72.0,,36.0,,,2.0,,,,,,Ux.Mx.-------
95,29.8967,-104.57,1030.4,72.0,,36.0,,,2.0,,,,,,Ux.Mx.-------
96,30.3183,-104.64,1195.5,68.4,,36.0,,,1.9,,,,,,Ux.Mx.-------
97,29.9917,-104.57,1158.2,148.2,,39.0,,,3.8,,,,,,Ux.Mx.-------
98,30.0017,-104.61,1027.2,85.8,,39.0,,,2.2,,,,,,Ux.Mx.-------
99,30.5167,-104.52,1328.2,80.0,,40.0,,,2.0,,,,,,Ux.Mx.-------
100,29.8733,-104.52,1129.1,82.0,,41.0,,,2.0,,,,,,Ux.Mx.-------
100,31.9,-107.8,1377.0,109.0,,52.0,,,2.1,,,,,,Ux.Mx.-------
101,30.5517,-104.52,1330.1,84.0,,42.0,,,2.0,,,,,,Ux.Mx.-------
101,38.495,-112.79,2214.7,96.2,,48.0,,,2.3,,,,,,Ux.Mx.-------
102,32.1667,-108.81,1315.6,61.9,,49.2,,,1.3,,,,,,Ux.Mx.-------
102,29.89,-104.57,1011.6,88.0,,44.0,,,2.0,,,,,,Ux.Mx.-------
103,30.2483,-104.56,1296.1,88.0,,44.0,,,2.0,,,,,,Ux.Mx.-------
104,30.37,-104.68,1258.6,118.8,,44.0,,,2.7,,,,,,Ux.Mx.-------
105,29.815,-104.5,995.4,94.0,,47.0,,,2.0,,,,,,Ux.Mx.-------
106,32.1333,-108.83,1295.0,81.6,,67.5,,,1.3,,,,,,Ux.Mx.-------
106,30.26,-104.63,1007.9,89.3,,47.0,,,1.9,,,,,,Ux.Mx.-------
106,38.27,-112.89,1969.9,101.5,,35.0,,,2.9,,,,,,Ux.Mx.-------
107,32.11,-108.84,1300.0,99.4,,71.0,,,1.4,,,,,,Ux.Mx.-------
107,30.55,-104.66,1441.8,94.0,,47.0,,,2.0,,,,,,Ux.Mx.-------
108,29.8333,-104.52,1000.3,98.0,,49.0,,,2.0,,,,,,Ux.Mx.-------
108,38.1733,-113.08,1567.6,96.2,,65.0,,,2.3,,,,,,Ux.Mx.-------
109,29.8517,-104.57,946.3,98.0,,49.0,,,2.0,,,,,,Ux.Mx.-------
110,30.5333,-104.49,1347.0,100.0,,50.0,,,2.0,,,,,,Ux.Mx.-------
111,31.9433,-108.85,1341.9,41.0,,24.0,,,1.7,,,,,,Ux.Mx.-------
111,30.2867,-104.65,1130.6,96.9,,51.0,,,1.9,,,,,,Ux.Mx.-------
112,38.9767,-112.59,1420.3,87.9,,68.0,,,1.2,,,,,,Ux.Mx.-------
112,30.5133,-104.61,1374.0,104.0,,52.0,,,2.0,,,,,,Ux.Mx.-------
113,31.945,-108.82,1343.3,20.9,,20.8,,,1.0,,,,,,Ux.Mx.-------
113,30.565,-104.52,1332.3,104.0,,52.0,,,2.0,,,,,,Ux.Mx.-------
114,31.9483,-108.8,1344.6,34.3,,27.4,,,1.5,,,,,,Ux.Mx.-------
114,38.0567,-113.16,1818.0,142.3,,75.0,,,1.9,,,,,,Ux.Mx.-------
114,29.8833,-104.64,854.0,106.0,,53.0,,,2.0,,,,,,Ux.Mx.-------
115,31.9533,-108.78,1353.4,51.0,,22.2,,,2.3,,,,,,Ux.Mx.-------
116,31.9533,-108.77,1355.9,49.0,,36.0,,,1.5,,,,,,Ux.Mx.-------
116,30.31,-104.64,1161.6,95.4,,53.0,,,1.8,,,,,,Ux.Mx.-------
117,31.9217,-108.83,1355.6,62.8,,48.6,,,1.3,,,,,,Ux.Mx.-------
117,30.41,-104.42,1410.8,106.0,,53.0,,,2.0,,,,,,Ux.Mx.-------
118,30.6117,-104.63,1286.6,108.0,,54.0,,,2.0,,,,,,Ux.Mx.-------
119,38.1917,-113.18,1533.8,91.0,,65.0,,,1.4,,,,,,Ux.Mx.-------
119,31.93,-108.8,1352.3,45.2,,31.5,,,1.8,,,,,,Ux.Mx.-------
120,31.94,-108.78,1359.5,51.0,,43.4,,,1.3,,,,,,Ux.Mx.-------
120,38.8917,-112.56,1448.3,41.8,,19.0,,,2.1,,,,,,Ux.Mx.-------
121,31.8767,-108.88,1514.0,58.2,,27.7,,,2.1,,,,,,Ux.Mx.-------
122,31.87,-108.86,1454.3,62.3,,42.5,,,1.5,,,,,,Ux.Mx.-------
123,31.8583,-108.84,1459.4,55.2,,43.9,,,1.3,,,,,,Ux.Mx.-------
123,32.5,-107.55,1429.0,59.0,,47.0,,,1.3,,,,,,Ux.Mx.-------
123,30.47,-104.62,1482.0,118.0,,59.0,,,2.0,,,,,,Ux.Mx.-------
123,38.5867,-112.9,1529.7,75.3,,35.0,,,2.1,,,,,,Ux.Mx.-------
124,38.69,-112.83,1605.8,104.6,,62.0,,,1.5,,,,,,Ux.Mx.-------
124,30.1167,-104.58,1187.2,115.9,,61.0,,,1.9,,,,,,Ux.Mx.-------
125,29.5383,-104.34,778.2,132.0,,66.0,,,2.0,,,,,,Ux.Mx.-------
126,31.975,-107.71,1263.3,92.0,,79.0,,,1.2,,,,,,Ux.Mx.-------
126,32.165,-108.85,1276.2,94.6,,75.3,,,1.3,,,,,,Ux.Mx.-------
127,30.2733,-104.63,1033.7,136.8,,72.0,,,1.9,,,,,,Ux.Mx.-------
127,31.91,-107.67,1293.9,92.0,,43.0,,,2.1,,,,,,Ux.Mx.-------
128,38.2433,-113.16,1563.9,33.5,,37.0,,,0.9,,,,,,Ux.Mx.-------
129,38.235,-113.16,1552.5,29.3,,32.0,,,0.9,,,,,,Ux.Mx.-------
129,30.12,-104.57,1237.6,138.7,,73.0,,,1.9,,,,,,Ux.Mx.-------
131,32.135,-108.83,1293.9,98.7,,70.7,,,1.3,,,,,,Ux.Mx.-------
131,30.5783,-104.67,1376.5,150.0,,75.0,,,2.0,,,,,,Ux.Mx.-------
131,38.3467,-113.09,1579.2,37.7,,11.5,,,3.3,,,,,,Ux.Mx.-------
133,38.3517,-112.97,1557.1,83.7,,60.0,,,1.2,,,,,,Ux.Mx.-------
133,32.15,-108.85,1279.0,87.5,,62.5,,,1.4,,,,,,Ux.Mx.-------
134,32.1383,-108.85,1280.9,69.9,,56.0,,,1.3,,,,,,Ux.Mx.-------
134,38.2567,-112.89,1890.8,50.2,,44.0,,,1.9,,,,,,Ux.Mx.-------
135,32.1267,-108.84,1289.3,55.2,,44.0,,,1.3,,,,,,Ux.Mx.-------
136,32.1217,-108.85,1286.0,100.4,,68.8,,,1.3,,,,,,Ux.Mx.-------
138,30.8,-104.94,1229.9,41.8,,11.0,,,3.8,,,,,,Ux.Mx.-------
139,30.7217,-105.03,1065.5,24.7,,13.0,,,1.9,,,,,,Ux.Mx.-------
140,32.4583,-107.49,1363.1,88.0,,76.0,,,1.2,,,,,,Ux.Mx.-------
140,30.7867,-105.02,1240.2,26.6,,14.0,,,1.9,,,,,,Ux.Mx.-------
141,32.4267,-107.54,1363.6,25.0,,25.0,,,1.0,,,,,,Ux.Mx.-------
141,30.7283,-105.04,1043.8,28.5,,15.0,,,1.9,,,,,,Ux.Mx.-------
142,30.935,-104.96,1281.9,30.0,,15.0,,,2.0,,,,,,Ux.Mx.-------
143,31.2967,-105.42,1416.2,33.0,,15.0,,,2.2,,,,,,Ux.Mx.-------
145,30.9683,-105.35,1360.3,64.6,,17.0,,,3.8,,,,,,Ux.Mx.-------
146,38.49,-112.76,2169.8,66.9,,35.0,,,2.1,,,,,,Ux.Mx.-------
146,30.8233,-104.94,1256.9,39.6,,18.0,,,2.2,,,,,,Ux.Mx.-------
147,31.3033,-105.43,1423.3,36.0,,18.0,,,2.0,,,,,,Ux.Mx.-------
147,38.5233,-112.67,1880.9,96.2,,48.0,,,2.1,,,,,,Ux.Mx.-------
148,38.5033,-112.67,1958.8,39.2,,28.0,,,1.4,,,,,,Ux.Mx.-------
148,38.5033,-112.67,1958.8,105.0,,75.0,,,1.4,,,,,,Ux.Mx.-------
148,30.6033,-104.94,945.4,38.0,,19.0,,,2.0,,,,,,Ux.Mx.-------
149,38.5383,-112.69,1836.3,71.1,,25.0,,,2.1,,,,,,Ux.Mx.-------
149,31.1433,-105.42,1418.2,64.6,,19.0,,,3.4,,,,,,Ux.Mx.-------
150,38.5417,-112.69,1832.9,92.0,,40.0,,,2.1,,,,,,Ux.Mx.-------
150,31.1533,-105.44,1438.7,64.6,,19.0,,,3.4,,,,,,Ux.Mx.-------
151,38.5867,-112.76,1716.7,83.7,,63.0,,,2.1,,,,,,Ux.Mx.-------
151,31.3033,-105.19,1509.7,41.8,,19.0,,,2.2,,,,,,Ux.Mx.-------
152,31.1667,-105.33,1352.9,42.0,,21.0,,,2.0,,,,,,Ux.Mx.-------
153,31.3083,-105.4,1415.9,46.2,,21.0,,,2.2,,,,,,Ux.Mx.-------
154,38.53,-112.64,1885.0,62.8,,27.0,,,2.1,,,,,,Ux.Mx.-------
154,31.1417,-105.09,1409.9,50.6,,23.0,,,2.2,,,,,,Ux.Mx.-------
155,31.3733,-105.62,1420.1,46.0,,23.0,,,2.0,,,,,,Ux.Mx.-------
156,38.6583,-112.61,1882.1,21.0,,15.0,,,1.4,,,,,,Ux.Mx.-------
156,30.935,-104.95,1273.9,54.0,,27.0,,,2.0,,,,,,Ux.Mx.-------
157,30.8983,-105.3,1225.6,56.0,,28.0,,,2.0,,,,,,Ux.Mx.-------
157,38.5833,-112.69,1787.4,71.1,,34.0,,,2.1,,,,,,Ux.Mx.-------
158,30.9167,-105.17,1305.8,50.4,,28.0,,,1.8,,,,,,Ux.Mx.-------
159,30.945,-104.95,1269.4,60.0,,30.0,,,2.0,,,,,,Ux.Mx.-------
160,38.0983,-113.13,1846.3,129.7,,72.0,,,1.7,,,,,,Ux.Mx.-------
160,30.9633,-105.2,1284.8,54.0,,30.0,,,1.8,,,,,,Ux.Mx.-------
161,31.1117,-105.14,1372.2,55.8,,31.0,,,1.8,,,,,,Ux.Mx.-------
162,31.1583,-105.35,1368.1,72.0,,36.0,,,2.0,,,,,,Ux.Mx.-------
163,30.5267,-104.8,1023.6,81.4,,37.0,,,2.2,,,,,,Ux.Mx.-------
164,38.8333,-112.51,1451.6,40.6,,29.0,,,1.4,,,,,,Ux.Mx.-------
164,30.8483,-105.18,1087.9,68.4,,38.0,,,1.8,,,,,,Ux.Mx.-------
165,31.1183,-105.16,1369.4,120.0,,40.0,,,3.0,,,,,,Ux.Mx.-------
166,30.9417,-105.16,1440.1,81.0,,45.0,,,1.8,,,,,,Ux.Mx.-------
167,31.0667,-105.01,1367.5,90.0,,45.0,,,2.0,,,,,,Ux.Mx.-------
169,31.3467,-105.64,1352.0,96.0,,48.0,,,2.0,,,,,,Ux.Mx.-------
170,38.57,-112.89,1567.9,71.1,,59.0,,,1.2,,,,,,Ux.Mx.-------
171,38.08,-113.08,1882.3,83.7,,39.0,,,1.9,,,,,,Ux.Mx.-------
171,30.6533,-104.96,977.5,108.0,,54.0,,,2.0,,,,,,Ux.Mx.-------
172,30.6833,-104.81,1209.9,108.0,,54.0,,,2.0,,,,,,Ux.Mx.-------
172,38.3117,-113.16,1708.7,75.3,,34.0,,,2.3,,,,,,Ux.Mx.-------
173,30.8917,-105.18,1187.7,121.0,,55.0,,,2.2,,,,,,Ux.Mx.-------
174,30.925,-105.21,1211.1,99.0,,55.0,,,1.8,,,,,,Ux.Mx.-------
175,31.1683,-105.37,1413.7,122.0,,61.0,,,2.0,,,,,,Ux.Mx.-------
175,38.6433,-112.8,1647.3,104.6,,44.0,,,2.1,,,,,,Ux.Mx.-------
180,38.7067,-112.77,1662.8,87.9,,50.0,,,2.1,,,,,,Ux.Mx.-------
181,38.735,-112.82,1620.3,60.2,,43.0,,,1.4,,,,,,Ux.Mx.-------
181,38.735,-112.82,1620.3,96.2,,23.0,,,2.1,,,,,,Ux.Mx.-------
182,38.74,-112.75,1665.2,96.2,,39.0,,,2.1,,,,,,Ux.Mx.-------
183,38.1033,-113.19,1728.6,108.8,,65.0,,,1.7,,,,,,Ux.Mx.-------
184,38.7533,-112.72,1590.1,83.7,,56.0,,,1.5,,,,,,Ux.Mx.-------
187,38.6167,-112.62,1811.0,42.0,,30.0,,,1.4,,,,,,Ux.Mx.-------
188,31.9433,-105.25,1161.3,20.0,,10.0,,,2.0,,,,,,Ux.Mx.-------
189,38.5233,-112.83,1975.9,95.2,,68.0,,,1.4,,,,,,Ux.Mx.-------
189,31.6667,-104.87,1152.5,22.0,,11.0,,,2.0,,,,,,Ux.Mx.-------
190,38.515,-112.81,2216.0,65.8,,47.0,,,1.4,,,,,,Ux.Mx.-------
190,31.98,-104.54,1201.7,24.2,,11.0,,,2.2,,,,,,Ux.Mx.-------
191,31.96,-104.53,1196.2,26.4,,12.0,,,2.2,,,,,,Ux.Mx.-------
191,38.5483,-112.82,1950.6,83.7,,43.0,,,2.3,,,,,,Ux.Mx.-------
192,31.76,-104.92,1152.2,23.4,,13.0,,,1.8,,,,,,Ux.Mx.-------
193,38.5333,-112.9,1591.1,71.4,,51.0,,,1.4,,,,,,Ux.Mx.-------
193,31.885,-104.8,1649.6,30.8,,14.0,,,2.2,,,,,,Ux.Mx.-------
194,31.6117,-104.61,1498.1,30.0,,15.0,,,2.0,,,,,,Ux.Mx.-------
194,38.3783,-112.87,1968.5,66.9,,35.0,,,2.3,,,,,,Ux.Mx.-------
195,38.4167,-112.83,2073.8,50.2,,21.0,,,2.3,,,,,,Ux.Mx.-------
195,31.6683,-104.91,1115.1,52.5,,15.0,,,3.5,,,,,,Ux.Mx.-------
196,31.6983,-104.64,1427.8,30.0,,15.0,,,2.0,,,,,,Ux.Mx.-------
197,38.5783,-112.89,1554.9,75.3,,60.0,,,1.5,,,,,,Ux.Mx.-------
197,31.7933,-104.94,1124.9,28.8,,16.0,,,1.8,,,,,,Ux.Mx.-------
198,31.87,-104.78,1569.4,35.2,,16.0,,,2.2,,,,,,Ux.Mx.-------
199,31.6567,-104.78,1350.6,49.3,,17.0,,,2.9,,,,,,Ux.Mx.-------
200,31.85,-104.62,1278.6,52.2,,18.0,,,2.9,,,,,,Ux.Mx.-------
201,38.795,-112.74,1550.2,29.4,,21.0,,,1.4,,,,,,Ux.Mx.-------
201,31.86,-105.23,1159.1,36.0,,18.0,,,2.0,,,,,,Ux.Mx.-------
202,31.645,-105.02,1111.9,34.2,,19.0,,,1.8,,,,,,Ux.Mx.-------
202,38.775,-112.71,1517.5,62.8,,31.0,,,2.1,,,,,,Ux.Mx.-------
203,38.7333,-112.78,1614.6,75.3,,46.0,,,1.5,,,,,,Ux.Mx.-------
203,31.7917,-104.48,1219.9,60.9,,21.0,,,2.9,,,,,,Ux.Mx.-------
204,31.7183,-104.95,1107.4,39.6,,22.0,,,1.8,,,,,,Ux.Mx.-------
205,31.735,-104.63,1369.9,63.8,,22.0,,,2.9,,,,,,Ux.Mx.-------
206,31.84,-104.63,1296.7,66.7,,23.0,,,2.9,,,,,,Ux.Mx.-------
207,34.11,-107.59,2125.6,63.0,,50.0,,,1.3,,,,,,Ux.Mx.-------
207,31.83,-104.66,1364.2,72.5,,25.0,,,2.9,,,,,,Ux.Mx.-------
208,31.8883,-105.23,1142.3,50.0,,25.0,,,2.0,,,,,,Ux.Mx.-------
209,37.9067,-117.89,1752.6,105.0,,75.0,,,1.4,,,,,,Ux.Mx.-------
209,38.6133,-112.6,1824.0,40.6,,29.0,,,1.4,,,,,,Ux.Mx.-------
209,31.725,-104.93,1123.8,75.4,,26.0,,,2.9,,,,,,Ux.Mx.-------
210,33.9833,-107.63,2234.9,121.0,,57.0,,,2.1,,,,,,Ux.Mx.-------
210,31.7233,-104.9,1149.9,98.6,,34.0,,,2.9,,,,,,Ux.Mx.-------
211,31.7167,-104.9,1147.0,101.5,,35.0,,,2.9,,,,,,Ux.Mx.-------
213,38.3217,-112.8,1958.0,33.5,,13.9,,,2.5,,,,,,Ux.Mx.-------
214,38.3117,-112.84,2196.7,33.5,,11.0,,,2.3,,,,,,Ux.Mx.-------
216,38.2817,-112.88,2077.1,100.4,,44.0,,,2.1,,,,,,Ux.Mx.-------
217,38.2983,-112.93,1861.8,54.4,,15.0,,,2.5,,,,,,Ux.Mx.-------
218,38.265,-112.93,1718.0,66.9,,35.6,,,1.9,,,,,,Ux.Mx.-------
219,34.1467,-107.48,2264.0,146.0,,58.0,,,2.5,,,,,,Ux.Mx.-------
220,38.2517,-112.83,1830.3,58.6,,40.7,,,1.4,,,,,,Ux.Mx.-------
221,38.1067,-113.2,1657.1,108.8,,64.0,,,1.7,,,,,,Ux.Mx.-------
223,38.075,-113.12,1852.6,83.7,,44.0,,,1.9,,,,,,Ux.Mx.-------
234,38.71,-112.63,1723.1,121.3,,74.0,,,1.7,,,,,,Ux.Mx.-------
235,38.7517,-112.59,1537.8,46.2,,33.0,,,1.4,,,,,,Ux.Mx.-------
238,38.7517,-112.54,1606.3,125.5,,55.1,,,2.3,,,,,,Ux.Mx.-------
241,38.7233,-112.74,1752.5,129.7,,68.0,,,2.1,,,,,,Ux.Mx.-------
242,38.7683,-112.67,1564.6,104.6,,62.0,,,2.1,,,,,,Ux.Mx.-------
243,38.74,-112.69,1583.8,71.1,,50.0,,,1.5,,,,,,Ux.Mx.-------
244,38.7633,-112.64,1578.1,100.4,,60.0,,,1.7,,,,,,Ux.Mx.-------
245,38.7983,-112.67,1519.6,46.0,,38.0,,,1.5,,,,,,Ux.Mx.-------
247,38.825,-112.61,1491.9,58.6,,42.0,,,1.5,,,,,,Ux.Mx.-------
248,38.7967,-112.59,1494.0,54.4,,43.0,,,1.2,,,,,,Ux.Mx.-------
249,39.9083,-117.98,1076.2,104.0,,71.2,,,1.5,,,,,,Ux.Mx.-------
249,38.1567,-113.14,1601.5,138.1,,65.8,,,2.1,,,,,,Ux.Mx.-------
254,38.8917,-112.52,1436.9,87.9,,50.0,,,2.1,,,,,,Ux.Mx.-------
255,38.93,-112.59,1443.3,58.6,,32.0,,,2.1,,,,,,Ux.Mx.-------
256,38.8433,-112.69,1459.9,75.3,,42.0,,,1.7,,,,,,Ux.Mx.-------
258,38.8317,-112.55,1434.2,66.9,,50.0,,,1.5,,,,,,Ux.Mx.-------
259,38.9217,-112.48,1427.6,50.2,,35.0,,,1.5,,,,,,Ux.Mx.-------
260,38.7767,-112.51,1550.8,66.9,,35.0,,,2.1,,,,,,Ux.Mx.-------
263,38.8517,-112.44,1466.4,37.7,,25.0,,,1.5,,,,,,Ux.Mx.-------
266,38.81,-112.74,1484.5,54.4,,26.0,,,1.5,,,,,,Ux.Mx.-------
276,38.5717,-112.78,1741.9,75.3,,50.0,,,1.9,,,,,,Ux.Mx.-------
277,38.7817,-112.72,1546.9,46.0,,39.0,,,1.2,,,,,,Ux.Mx.-------
277,38.7817,-112.72,1546.9,44.8,,32.0,,,1.4,,,,,,Ux.Mx.-------
279,38.12,-113.13,1774.5,129.7,,52.0,,,2.7,,,,,,Ux.Mx.-------
280,38.075,-113.15,1904.9,92.0,,58.0,,,1.6,,,,,,Ux.Mx.-------
282,38.7967,-112.53,1454.3,41.8,,30.0,,,1.5,,,,,,Ux.Mx.-------
283,38.3067,-113.32,1839.0,46.0,,26.0,,,2.1,,,,,,Ux.Mx.-------
284,38.2967,-113.34,1787.5,100.4,,46.0,,,2.1,,,,,,Ux.Mx.-------
286,38.315,-113.35,1762.8,62.8,,18.0,,,3.4,,,,,,Ux.Mx.-------
287,38.5017,-112.61,1918.9,33.6,,24.0,,,1.4,,,,,,Ux.Mx.-------
289,38.1517,-113.08,1635.9,100.4,,72.0,,,1.4,,,,,,Ux.Mx.-------
294,38.7017,-112.71,1753.7,129.7,,77.0,,,1.8,,,,,,Ux.Mx.-------
295,38.7683,-112.73,1545.2,71.1,,45.0,,,1.5,,,,,,Ux.Mx.-------
298,38.7517,-112.75,1611.2,121.3,,50.0,,,2.4,,,,,,Ux.Mx.-------
301,38.315,-112.97,1574.9,71.1,,64.0,,,1.2,,,,,,Ux.Mx.-------
309,33.9867,-107.69,2149.8,42.0,,33.0,,,1.3,,,,,,Ux.Mx.-------
310,34.065,-107.59,2138.6,96.0,,33.0,,,2.9,,,,,,Ux.Mx.-------
311,38.3283,-113.28,1892.5,79.5,,40.0,,,2.7,,,,,,Ux.Mx.-------
312,38.4033,-113.28,1902.8,87.9,,53.0,,,1.7,,,,,,Ux.Mx.-------
316,38.3867,-113.21,1823.6,129.7,,46.0,,,2.7,,,,,,Ux.Mx.-------
321,38.0167,-113.2,1618.1,37.7,,28.2,,,1.2,,,,,,Ux.Mx.-------
323,38.515,-112.62,1881.1,62.8,,49.0,,,1.2,,,,,,Ux.Mx.-------
324,38.2683,-112.9,1891.6,41.8,,18.0,,,2.3,,,,,,Ux.Mx.-------
327,38.4833,-113.11,1714.9,87.9,,36.0,,,2.5,,,,,,Ux.Mx.-------
330,38.4633,-113.1,1657.6,129.7,,63.0,,,2.1,,,,,,Ux.Mx.-------
334,38.4833,-113.17,1800.1,133.9,,47.0,,,2.5,,,,,,Ux.Mx.-------
337,38.49,-113.3,1996.9,66.9,,26.0,,,2.5,,,,,,Ux.Mx.-------
338,38.41,-112.88,1803.0,87.9,,56.0,,,2.1,,,,,,Ux.Mx.-------
341,39.51,-117.48,1885.1,45.3,,31.0,,,1.5,,,,,,Ux.Mx.-------
341,38.41,-112.93,1622.6,96.2,,52.0,,,1.9,,,,,,Ux.Mx.-------
341,38.5517,-112.87,1662.5,83.7,,40.0,,,2.1,,,,,,Ux.Mx.-------
342,38.11,-113.13,1813.0,78.4,,56.0,,,1.4,,,,,,Ux.Mx.-------
345,39.405,-118.17,1261.5,53.4,,32.0,,,1.7,,,,,,Ux.Mx.-------
349,38.1783,-113.22,1541.1,87.9,,63.0,,,1.2,,,,,,Ux.Mx.-------
350,39.7017,-118.05,1041.5,112.7,,67.5,,,1.7,,,,,,Ux.Mx.-------
351,39.2883,-118.11,1343.1,60.1,,36.0,,,1.7,,,,,,Ux.Mx.-------
353,39.4517,-118.5,1249.4,51.1,,35.0,,,1.5,,,,,,Ux.Mx.-------
355,38.14,-113.2,1567.3,87.9,,72.0,,,1.2,,,,,,Ux.Mx.-------
356,39.2683,-118.35,1472.5,66.6,,39.9,,,1.7,,,,,,Ux.Mx.-------
360,39.1267,-118.16,1684.6,73.0,,50.0,,,1.5,,,,,,Ux.Mx.-------
363,38.6167,-112.75,1698.0,91.0,,65.0,,,1.4,,,,,,Ux.Mx.-------
365,38.6167,-112.72,1721.6,146.4,,72.0,,,2.1,,,,,,Ux.Mx.-------
366,39.345,-113.43,1368.0,71.0,,55.0,,,1.3,,,,,,Ux.Mx.-------
366,38.5917,-112.72,1739.5,66.9,,36.0,,,2.1,,,,,,Ux.Mx.-------
367,38.55,-112.66,1915.1,26.6,,19.0,,,1.4,,,,,,Ux.Mx.-------
368,38.55,-112.78,1892.8,79.5,,33.0,,,2.3,,,,,,Ux.Mx.-------
372,38.7867,-112.69,1525.3,28.0,,20.0,,,1.4,,,,,,Ux.Mx.-------
375,39.2667,-113.48,1352.3,33.0,,27.0,,,1.2,,,,,,Ux.Mx.-------
375,39.9767,-118.18,1279.1,89.7,,39.0,,,2.3,,,,,,Ux.Mx.-------
376,40.2817,-118.06,1368.3,48.2,,33.0,,,1.5,,,,,,Ux.Mx.-------
379,37.8917,-113.7,1580.2,63.0,,53.0,,,1.2,,,,,,Ux.Mx.-------
381,37.9367,-113.68,1614.6,79.0,,77.0,,,1.0,,,,,,Ux.Mx.-------
393,39.12,-117.73,1956.0,29.2,,20.0,,,1.5,,,,,,Ux.Mx.-------
400,38.3267,-113.32,1820.4,62.8,,29.0,,,2.3,,,,,,Ux.Mx.-------
401,38.315,-113.31,1849.2,75.3,,33.0,,,2.3,,,,,,Ux.Mx.-------
402,38.3267,-113.36,1734.1,87.9,,58.0,,,1.5,,,,,,Ux.Mx.-------
404,38.3733,-113.18,1897.9,54.4,,36.0,,,1.5,,,,,,Ux.Mx.-------
405,38.3883,-113.24,1848.4,113.0,,59.0,,,1.9,,,,,,Ux.Mx.-------
406,38.37,-113.27,1910.3,79.5,,56.0,,,1.7,,,,,,Ux.Mx.-------
408,38.3967,-113.22,1809.9,87.9,,48.0,,,1.9,,,,,,Ux.Mx.-------
409,38.4417,-113.23,1880.1,129.7,,62.0,,,2.1,,,,,,Ux.Mx.-------
410,38.2783,-112.9,1974.6,133.9,,26.0,,,5.2,,,,,,Ux.Mx.-------
411,38.2683,-112.9,1891.6,62.8,,28.0,,,2.3,,,,,,Ux.Mx.-------
413,38.2767,-112.58,2012.2,66.9,,44.0,,,1.5,,,,,,Ux.Mx.-------
415,38.2067,-112.75,1832.1,37.7,,16.0,,,0.9,,,,,,Ux.Mx.-------
416,37.9333,-113.63,1585.8,33.0,,38.0,,,0.9,,,,,,Ux.Mx.-------
416,38.2333,-112.73,1749.4,46.0,,28.0,,,1.5,,,,,,Ux.Mx.-------
417,38.26,-112.72,1736.7,62.8,,49.0,,,1.5,,,,,,Ux.Mx.-------
418,38.5683,-112.85,1780.6,75.3,,33.0,,,2.3,,,,,,Ux.Mx.-------
421,38.1917,-112.93,1673.7,92.0,,55.0,,,1.9,,,,,,Ux.Mx.-------
424,38.8817,-112.49,1445.3,62.8,,44.0,,,1.5,,,,,,Ux.Mx.-------
427,38.5067,-112.82,2070.8,107.8,,77.0,,,1.4,,,,,,Ux.Mx.-------
430,38.515,-112.57,2208.3,87.9,,42.0,,,2.1,,,,,,Ux.Mx.-------
431,38.535,-112.56,2263.4,138.1,,75.0,,,2.5,,,,,,Ux.Mx.-------
432,38.4567,-113.27,2009.4,66.9,,31.0,,,2.1,,,,,,Ux.Mx.-------
435,38.4133,-112.9,1714.2,79.5,,52.0,,,2.3,,,,,,Ux.Mx.-------
436,38.425,-112.9,1708.3,63.0,,45.0,,,1.4,,,,,,Ux.Mx.-------
437,38.545,-112.86,1717.3,92.0,,64.0,,,1.6,,,,,,Ux.Mx.-------
438,39.2433,-117.97,1583.4,85.0,,68.0,,,1.2,,,,,,Ux.Mx.-------
438,38.5517,-112.86,1707.8,133.9,,80.0,,,1.9,,,,,,Ux.Mx.-------
439,38.7583,-112.79,1554.4,54.4,,32.0,,,1.7,,,,,,Ux.Mx.-------
460,38.3217,-118.48,1885.7,50.0,,40.0,,,1.2,,,,,,Ux.Mx.-------
463,40.03,-118.12,1328.2,59.0,,60.0,,,1.0,,,,,,Ux.Mx.-------
499,43.825,-111.58,1676.2,100.0,,32.0,,,3.1,,,,,,Ux.Mx.-------
512,43.31,-119.54,1297.2,100.4,,39.0,,,2.6,,,,,,Ux.Mx.-------
514,43.485,-119.54,1341.8,133.9,,54.0,,,2.5,,,,,,Ux.Mx.-------
533,43.145,-119.72,1395.2,92.0,,43.0,,,2.1,,,,,,Ux.Mx.-------
534,43.1083,-119.73,1387.4,113.0,,45.0,,,2.5,,,,,,Ux.Mx.-------
761,35.3533,-114.15,1287.6,75.0,,20.4,,,3.7,,,,,,Ux.Mx.-------
3302,39.545,-118.12,1140.4,26.9,,12.8,,,2.1,,,,,,Ux.Mx.-------
3303,39.5467,-118.1,1171.2,64.5,,32.1,,,2.0,,,,,,Ux.Mx.-------
3311,39.54,-118.15,1159.3,66.9,,29.1,,,2.3,,,,,,Ux.Mx.-------
3312,39.5317,-118.14,1149.8,128.0,,58.2,,,2.2,,,,,,Ux.Mx.-------
3313,39.5217,-118.14,1155.1,34.5,,15.0,,,2.3,,,,,,Ux.Mx.-------
3319,39.5017,-118.17,1215.6,76.1,,34.6,,,2.2,,,,,,Ux.Mx.-------
3320,39.505,-118.18,1267.6,113.6,,47.3,,,2.4,,,,,,Ux.Mx.-------
3321,39.495,-118.16,1181.7,83.0,,36.1,,,2.3,,,,,,Ux.Mx.-------
3327,39.515,-118.15,1168.8,121.3,,60.7,,,2.0,,,,,,Ux.Mx.-------
3328,39.5217,-118.13,1155.2,48.1,,22.9,,,2.1,,,,,,Ux.Mx.-------
3329,39.5167,-118.12,1179.3,145.1,,63.1,,,2.3,,,,,,Ux.Mx.-------
3337,39.4867,-118.16,1183.2,100.3,,45.6,,,2.2,,,,,,Ux.Mx.-------
3341,39.4633,-118.16,1205.5,130.4,,62.1,,,2.1,,,,,,Ux.Mx.-------
3342,39.535,-118.18,1274.2,29.9,,13.6,,,2.2,,,,,,Ux.Mx.-------
3344,39.5267,-118.18,1280.9,47.3,,22.5,,,2.1,,,,,,Ux.Mx.-------
3346,39.51,-118.17,1224.7,120.5,,63.4,,,1.9,,,,,,Ux.Mx.-------
3352,39.5067,-118.16,1186.1,130.0,,36.0,,,3.6,,,,,,Ux.Mx.-------
3406,41.0833,-118.65,1284.1,138.3,,72.8,,,1.9,,,,,,Ux.Mx.-------
3407,41.0783,-118.63,1364.6,114.0,,60.0,,,1.9,,,,,,Ux.Mx.-------
3412,40.9917,-118.71,1251.5,142.5,,75.0,,,1.9,,,,,,Ux.Mx.-------
3421,41.045,-118.66,1353.4,127.3,,67.0,,,1.9,,,,,,Ux.Mx.-------
3423,41.0317,-118.64,1483.5,115.9,,61.0,,,1.9,,,,,,Ux.Mx.-------
3426,41.0483,-118.64,1426.1,114.0,,60.0,,,1.9,,,,,,Ux.Mx.-------
3428,41.02,-118.67,1353.9,114.0,,60.0,,,1.9,,,,,,Ux.Mx.-------
3429,41.0167,-118.7,1280.1,138.3,,72.8,,,1.9,,,,,,Ux.Mx.-------
3441,41.0083,-118.7,1274.8,138.3,,72.8,,,1.9,,,,,,Ux.Mx.-------
3445,41.03,-118.69,1338.2,138.3,,72.8,,,1.9,,,,,,Ux.Mx.-------
3450,41.0717,-118.63,1355.2,104.3,,54.9,,,1.9,,,,,,Ux.Mx.-------
3453,41.0683,-118.65,1308.5,136.8,,72.0,,,1.9,,,,,,Ux.Mx.-------
3505,39.415,-118.21,1381.3,97.3,,40.9,,,2.4,,,,,,Ux.Mx.-------
3506,39.42,-118.22,1418.0,88.3,,40.0,,,2.2,,,,,,Ux.Mx.-------
3523,39.4183,-118.27,1546.7,107.0,,62.2,,,1.7,,,,,,Ux.Mx.-------
3536,39.375,-118.25,1373.8,148.8,,62.5,,,2.4,,,,,,Ux.Mx.-------
3541,39.3767,-118.23,1344.4,140.8,,61.7,,,2.3,,,,,,Ux.Mx.-------
3551,39.4,-118.21,1352.0,109.1,,52.0,,,2.1,,,,,,Ux.Mx.-------
3552,39.405,-118.22,1384.5,134.9,,61.3,,,2.2,,,,,,Ux.Mx.-------
12663,40.2467,-118.37,1271.4,100.6,,50.3,,,2.0,,,,,,Ux.Mx.-------
12693,40.2533,-118.38,1249.3,131.2,,65.6,,,2.0,,,,,,Ux.Mx.-------
13455,40.2433,-118.34,1447.6,91.1,,60.7,,,1.5,,,,,,Ux.Mx.-------
43863,40.235,-118.35,1386.5,94.2,,62.8,,,1.5,,,,,,Ux.Mx.-------
43883,38.58,-112.61,1863.5,105.0,,42.0,,,2.5,,,,,,Ux.Mx.-------
43968,34.0417,-112.35,819.4,87.0,,50.7,,,1.7,,,,,,Ux.Mx.-------
43988,40.2367,-118.43,1222.3,90.6,,53.3,,,1.7,,,,,,Ux.Mx.-------
44099,39.7867,-117.49,1794.8,67.0,,37.2,,,1.8,,,,,,Ux.Mx.-------
44117,38.4783,-112.86,1821.0,39.2,,28.0,,,1.4,,,,,,Ux.Mx.-------
44166,40.2233,-118.34,1458.6,65.3,,43.5,,,1.5,,,,,,Ux.Mx.-------
46357,40.2567,-118.35,1388.8,90.5,,69.6,,,1.3,,,,,,Ux.Mx.-------
?,44.79,-122.57,300.3,56.96,,35.4,,,1.3,,,,,,Ux.Mx.-------
?,44.395,-122.51,336.4,49.96,,32.3,,,1.3,,,,,,Ux.Mx.-------
?,44.75,-122.39,346.4,40.89,,22.0,,,1.3,,,,,,Ux.Mx.-------
?,44.395,-122.49,334.0,43.96,,25.7,,,1.4,,,,,,Ux.Mx.-------
?,44.1217,-122.41,435.8,51.96,,29.8,,,1.5,,,,,,Ux.Mx.-------
?,44.7533,-122.62,472.1,50.02,,20.7,,,1.6,,,,,,Ux.Mx.-------
?,44.5883,-122.37,642.0,47.96,,28.7,,,1.8,,,,,,Ux.Mx.-------
?,44.115,-122.45,359.2,43.96,,13.1,,,2.7,,,,,,Ux.Mx.-------
?,44.11,-122.43,373.3,53.96,,16.6,,,2.7,,,,,,Ux.Mx.-------
?31,39.9517,-119.2,1756.8,58.2,,36.4,,,1.6,,,,,,Ux.Mx.-------
?33,39.9533,-119.0,1414.6,81.9,,36.4,,,2.2,,,,,,Ux.Mx.-------
?34,39.9533,-119.02,1411.7,122.9,,54.6,,,2.2,,,,,,Ux.Mx.-------
?38,39.9567,-119.06,1455.5,116.5,,72.8,,,1.6,,,,,,Ux.Mx.-------
?47,39.98,-118.98,1364.3,81.9,,36.4,,,2.2,,,,,,Ux.Mx.-------
?50,39.9833,-119.11,1541.5,122.9,,54.6,,,2.2,,,,,,Ux.Mx.-------
?53,39.9867,-119.29,1236.9,72.8,,36.4,,,2.0,,,,,,Ux.Mx.-------
0-1,44.3067,-122.12,1034.9,108.8,,74.6,,,1.5,,,,,,Ux.Mx.-------
0-1,46.735,-121.51,1116.8,118.8,,40.8,,,2.9,,,,,,Ux.Mx.-------
0-2,46.7117,-121.48,1256.3,42.3,,20.5,,,2.1,,,,,,Ux.Mx.-------
0-3,46.71,-121.55,902.1,45.2,,18.9,,,2.4,,,,,,Ux.Mx.-------
0-4,44.1567,-122.25,390.2,66.9,,51.0,,,1.3,,,,,,Ux.Mx.-------
0-5,46.6583,-121.51,1020.8,66.9,,32.5,,,2.1,,,,,,Ux.Mx.-------
0-6,46.6733,-121.57,729.2,41.4,,12.5,,,3.3,,,,,,Ux.Mx.-------
109A,38.9117,-112.49,1429.9,75.6,,54.0,,,1.4,,,,,,Ux.Mx.-------
1191-1(81-14) or (1191-2,37.86,-118.05,1557.5,68.6,,47.0,,,1.5,,,,,,Ux.Mx.-------
1191-10(81-24),37.8467,-118.03,1471.2,104.0,,62.0,,,1.7,,,,,,Ux.Mx.-------
1191-11(36-22),37.835,-118.08,1489.8,67.0,,40.0,,,1.7,,,,,,Ux.Mx.-------
1191-2(24-10),37.87,-118.08,1530.4,44.0,,35.0,,,1.3,,,,,,Ux.Mx.-------
1191-22(42-7),37.8733,-118.02,1577.5,49.9,,26.0,,,1.9,,,,,,Ux.Mx.-------
1191-3(34-15),37.855,-118.08,1497.8,63.0,,43.0,,,1.5,,,,,,Ux.Mx.-------
1191-41(78-26),37.9083,-118.04,1762.9,59.0,,31.0,,,1.7,,,,,,Ux.Mx.-------
15 MI CK,45.445,-121.16,467.0,42.0,,27.2,,,1.6,,,,,,Ux.Mx.-------
1500-2,41.9183,-118.73,1406.0,84.1,,60.1,,,1.4,,,,,,Ux.Mx.-------
15-21,40.2767,-118.38,1235.3,131.2,,65.6,,,2.0,,,,,,Ux.Mx.-------
17-24,40.2833,-118.34,1338.1,98.0,,75.4,,,1.3,,,,,,Ux.Mx.-------
17G1,39.7717,-118.07,1038.3,121.5,,50.0,,,2.4,,,,,,Ux.Mx.-------
18-24,40.28,-118.33,1398.5,101.1,,77.8,,,1.3,,,,,,Ux.Mx.-------
18G1,39.7733,-118.09,1068.3,128.0,,51.0,,,2.5,,,,,,Ux.Mx.-------
19-76-1,39.24,-118.44,1206.6,75.3,,35.0,,,2.0,,,,,,Ux.Mx.-------
19-76-10,39.3467,-118.32,1352.0,83.7,,54.2,,,1.5,,,,,,Ux.Mx.-------
19-76-12,39.3817,-118.26,1410.6,117.2,,51.9,,,2.2,,,,,,Ux.Mx.-------
19-76-13A,39.395,-118.28,1491.2,71.1,,33.7,,,2.1,,,,,,Ux.Mx.-------
19-76-14,39.4133,-118.24,1458.6,43.5,,33.4,,,1.3,,,,,,Ux.Mx.-------
19-76-15,39.4433,-118.21,1389.7,83.7,,41.1,,,2.0,,,,,,Ux.Mx.-------
19-76-16,39.4433,-118.27,1697.1,113.0,,52.8,,,2.1,,,,,,Ux.Mx.-------
19-76-17,39.5283,-118.18,1279.9,37.7,,17.8,,,2.2,,,,,,Ux.Mx.-------
19-76-17A,39.5217,-118.21,1507.6,29.3,,14.6,,,2.1,,,,,,Ux.Mx.-------
19-76-2,39.245,-118.49,1205.9,100.4,,61.2,,,1.6,,,,,,Ux.Mx.-------
19-76-21,39.3117,-118.43,1242.9,62.8,,38.9,,,1.6,,,,,,Ux.Mx.-------
19-76-27,39.5633,-118.16,1141.2,121.3,,51.9,,,2.3,,,,,,Ux.Mx.-------
19-76-31A,39.4133,-118.18,1296.7,129.7,,60.1,,,2.1,,,,,,Ux.Mx.-------
19-76-38,39.275,-118.49,1194.7,121.3,,77.5,,,1.6,,,,,,Ux.Mx.-------
19-76-40,39.5467,-118.09,1187.1,54.4,,28.4,,,1.9,,,,,,Ux.Mx.-------
19-76-43,39.48,-118.16,1187.6,33.5,,16.0,,,2.0,,,,,,Ux.Mx.-------
19-76-5,39.2683,-118.41,1226.8,75.3,,43.3,,,1.7,,,,,,Ux.Mx.-------
19-76-7,39.2983,-118.4,1276.4,62.8,,42.2,,,1.5,,,,,,Ux.Mx.-------
19-76-9A,39.315,-118.31,1301.1,71.1,,41.5,,,1.8,,,,,,Ux.Mx.-------
20G1,39.765,-118.08,1041.0,136.1,,66.4,,,2.0,,,,,,Ux.Mx.-------
21-78,40.4617,-119.42,1250.8,131.0,,58.2,,,2.2,,,,,,Ux.Mx.-------
2-18A3,40.75,-112.25,1282.0,77.0,,28.9,,,2.7,,,,,,Ux.Mx.-------
22-78,40.4533,-119.42,1238.6,127.4,,63.7,,,2.0,,,,,,Ux.Mx.-------
23-76-1,38.9383,-122.97,749.8,92.0,,38.2,,,2.4,,,,,,Ux.Mx.-------
23-76-15,38.8667,-122.87,935.0,84.0,,28.0,,,2.9,,,,,,Ux.Mx.-------
23-76-4,38.87,-122.9,757.2,145.0,,47.0,,,3.2,,,,,,Ux.Mx.-------
23-76-A3,38.87,-122.92,832.3,133.0,,37.2,,,2.8,,,,,,Ux.Mx.-------
23-76-B1,38.915,-122.95,844.8,117.0,,36.9,,,3.2,,,,,,Ux.Mx.-------
23-76-B2,38.8967,-122.91,779.6,92.0,,29.3,,,3.1,,,,,,Ux.Mx.-------
23-76-B3,38.9183,-122.8,669.5,42.0,,22.0,,,1.9,,,,,,Ux.Mx.-------
23-76-B4,38.9017,-122.8,812.4,96.0,,65.5,,,1.5,,,,,,Ux.Mx.-------
23-76-B6,38.7967,-122.68,784.0,113.0,,63.7,,,1.8,,,,,,Ux.Mx.-------
23-78,40.4433,-119.41,1254.3,149.2,,74.6,,,2.0,,,,,,Ux.Mx.-------
24-33,37.9117,-117.67,1528.6,49.6,,34.0,,,1.5,,,,,,Ux.Mx.-------
24-36,38.5,-112.83,1988.1,110.6,,79.0,,,1.4,,,,,,Ux.Mx.-------
25-15,38.46,-112.86,1841.8,102.2,,73.0,,,1.4,,,,,,Ux.Mx.-------
26-78,40.4383,-119.42,1226.4,127.4,,63.7,,,2.0,,,,,,Ux.Mx.-------
2-77-1,31.9733,-106.7,1242.9,79.0,,37.5,,,2.1,,,,,,Ux.Mx.-------
2-77-2,31.9583,-106.69,1221.2,84.0,,38.2,,,2.2,,,,,,Ux.Mx.-------
2-77-3,31.9583,-106.67,1163.6,100.0,,78.3,,,1.3,,,,,,Ux.Mx.-------
2-77-4,31.95,-106.71,1249.8,100.0,,49.9,,,2.0,,,,,,Ux.Mx.-------
2-77-5,31.945,-106.73,1254.5,96.0,,47.0,,,2.0,,,,,,Ux.Mx.-------
2-77-6,31.9333,-106.72,1252.0,100.0,,45.9,,,2.2,,,,,,Ux.Mx.-------
2-77-7,31.9233,-106.7,1244.0,84.0,,41.9,,,2.0,,,,,,Ux.Mx.-------
2-77-8,31.9083,-106.68,1192.9,96.0,,45.9,,,2.1,,,,,,Ux.Mx.-------
28-13-35-1,38.3283,-113.28,1892.5,112.2,,66.0,,,1.7,,,,,,Ux.Mx.-------
28-15,40.03,-117.92,1883.2,91.7,,65.5,,,1.4,,,,,,Ux.Mx.-------
28-78,40.4317,-119.41,1248.2,127.4,,63.7,,,2.0,,,,,,Ux.Mx.-------
30-78,40.4433,-119.39,1336.8,116.4,,58.2,,,2.0,,,,,,Ux.Mx.-------
31-32,37.9117,-117.68,1511.7,120.0,,60.0,,,2.0,,,,,,Ux.Mx.-------
31-78,40.445,-119.4,1293.4,102.0,,60.0,,,1.7,,,,,,Ux.Mx.-------
3316-C,39.5233,-118.17,1232.9,56.9,,13.3,,,1.8,,,,,,Ux.Mx.-------
3316-C,39.5233,-118.17,1232.9,109.2,,77.7,,,1.8,,,,,,Ux.Mx.-------
3316-C,39.5233,-118.17,1232.9,140.6,,72.7,,,1.8,,,,,,Ux.Mx.-------
3317-B,39.5133,-118.16,1191.0,41.9,,18.2,,,2.3,,,,,,Ux.Mx.-------
3317-B,39.5133,-118.16,1191.0,87.9,,38.2,,,2.3,,,,,,Ux.Mx.-------
3323-A,39.495,-118.14,1183.0,72.6,,38.2,,,1.9,,,,,,Ux.Mx.-------
3323-B,39.495,-118.14,1183.0,26.2,,11.4,,,2.3,,,,,,Ux.Mx.-------
3326-A,39.505,-118.15,1165.4,37.2,,15.5,,,2.4,,,,,,Ux.Mx.-------
35-1,37.8833,-118.04,1693.8,131.0,,73.0,,,1.9,,,,,,Ux.Mx.-------
3524-B,39.4183,-118.26,1515.3,67.0,,31.2,,,2.8,,,,,,Ux.Mx.-------
3524-C,39.4183,-118.26,1515.3,95.4,,30.2,,,3.0,,,,,,Ux.Mx.-------
3531-C,39.4033,-118.25,1468.8,146.1,,47.4,,,3.1,,,,,,Ux.Mx.-------
36-01,39.7233,-119.02,1269.0,76.4,,54.6,,,1.4,,,,,,Ux.Mx.-------
367/TV-14,39.42,-113.41,1360.9,67.0,,31.0,,,2.2,,,,,,Ux.Mx.-------
371/TV-08,39.3017,-113.56,1408.1,79.0,,62.0,,,1.3,,,,,,Ux.Mx.-------
3-74-10,40.405,-119.43,1226.7,75.7,,47.3,,,1.6,,,,,,Ux.Mx.-------
3-74-12,40.4183,-119.43,1225.7,98.2,,49.1,,,2.0,,,,,,Ux.Mx.-------
3-74-14,40.435,-119.43,1222.6,100.0,,45.5,,,2.2,,,,,,Ux.Mx.-------
3-77-12,35.675,-106.74,1750.9,67.0,,29.7,,,2.3,,,,,,Ux.Mx.-------
3-77-18,35.6517,-106.7,1878.4,63.0,,20.2,,,3.2,,,,,,Ux.Mx.-------
3-77-20,35.67,-106.66,1906.6,92.0,,25.5,,,3.6,,,,,,Ux.Mx.-------
3-77-32,35.78,-106.72,2392.4,71.0,,50.1,,,1.4,,,,,,Ux.Mx.-------
3-77-6,35.7067,-106.73,1920.0,109.0,,44.4,,,2.4,,,,,,Ux.Mx.-------
3-77-7,35.7117,-106.7,2158.6,75.0,,20.2,,,3.7,,,,,,Ux.Mx.-------
37-78,40.3367,-119.42,1292.6,145.6,,72.8,,,2.0,,,,,,Ux.Mx.-------
38-09,39.87,-117.48,1616.4,106.0,,75.7,,,1.4,,,,,,Ux.Mx.-------
3B,39.5367,-119.74,1342.4,115.5,,60.8,,,1.9,,,,,,Ux.Mx.-------
418/TV-07,39.3667,-113.6,1404.0,46.0,,22.0,,,2.1,,,,,,Ux.Mx.-------
43-78,40.3833,-119.39,1325.3,143.3,,63.7,,,2.2,,,,,,Ux.Mx.-------
44-10,40.2233,-118.38,1274.2,76.5,,17.8,,,4.3,,,,,,Ux.Mx.-------
45-14,39.8617,-118.01,1062.2,27.8,,11.1,,,2.5,,,,,,Ux.Mx.-------
45-33,39.99,-117.82,1052.7,101.0,,76.4,,,1.3,,,,,,Ux.Mx.-------
45-4,37.8767,-117.66,1509.2,137.9,,66.0,,,2.1,,,,,,Ux.Mx.-------
4566-31-1,41.7433,-114.56,1833.6,81.5,,58.2,,,1.4,,,,,,Ux.Mx.-------
4-77-11,35.5217,-107.15,1832.2,79.0,,40.4,,,2.0,,,,,,Ux.Mx.-------
4-77-12A,35.5217,-107.13,1794.1,71.0,,27.3,,,2.6,,,,,,Ux.Mx.-------
4-77-13,35.5017,-107.15,1863.7,100.0,,54.8,,,1.8,,,,,,Ux.Mx.-------
4-77-13,35.5017,-107.15,1863.7,79.0,,28.9,,,2.8,,,,,,Ux.Mx.-------
4-77-3,35.515,-107.18,1877.8,67.0,,21.5,,,3.1,,,,,,Ux.Mx.-------
4-77-4,35.52,-107.2,1906.1,67.0,,21.8,,,3.1,,,,,,Ux.Mx.-------
4-77-5A,35.5,-107.19,1910.6,46.0,,15.1,,,2.9,,,,,,Ux.Mx.-------
47-78,40.3683,-119.38,1345.3,134.3,,74.6,,,1.8,,,,,,Ux.Mx.-------
51-29,37.9133,-117.67,1527.1,130.2,,62.0,,,2.1,,,,,,Ux.Mx.-------
52-21,38.45,-112.87,1793.6,52.4,,13.1,,,4.0,,,,,,Ux.Mx.-------
52-78,40.4083,-119.39,1348.4,98.7,,56.4,,,1.8,,,,,,Ux.Mx.-------
54-13,39.8583,-117.88,1039.0,41.4,,29.6,,,1.4,,,,,,Ux.Mx.-------
55-10-FL,37.8683,-117.97,1441.3,101.9,,72.8,,,1.4,,,,,,Ux.Mx.-------
55-2,37.8817,-118.06,1694.6,41.8,,25.0,,,1.7,,,,,,Ux.Mx.-------
55-2,37.8817,-118.06,1694.6,118.6,,71.0,,,1.7,,,,,,Ux.Mx.-------
62-21,39.9383,-117.82,1053.4,112.5,,50.0,,,2.2,,,,,,Ux.Mx.-------
62-21,39.9383,-117.82,1053.4,148.8,,35.0,,,4.2,,,,,,Ux.Mx.-------
62A-23,39.9367,-117.89,1039.8,103.2,,25.8,,,4.0,,,,,,Ux.Mx.-------
66-21,39.9317,-117.93,1042.8,91.0,,55.5,,,2.5,,,,,,Ux.Mx.-------
7 MI HLL,45.6583,-121.33,371.6,54.0,,33.9,,,1.6,,,,,,Ux.Mx.-------
76-28,40.0017,-117.81,1055.1,120.6,,28.0,,,4.3,,,,,,Ux.Mx.-------
7-77-2A,34.98,-107.91,2104.4,63.0,,22.7,,,2.7,,,,,,Ux.Mx.-------
7-77-4A,34.9567,-107.97,2178.8,46.0,,17.3,,,2.7,,,,,,Ux.Mx.-------
7-77-5,34.935,-107.98,2162.1,67.0,,21.5,,,3.1,,,,,,Ux.Mx.-------
7-77-6,34.9533,-107.92,2094.1,71.0,,22.0,,,3.3,,,,,,Ux.Mx.-------
78-12,42.6733,-118.38,1292.4,33.0,,28.4,,,1.2,,,,,,Ux.Mx.-------
78-22,42.58,-118.51,1238.1,71.0,,62.0,,,1.2,,,,,,Ux.Mx.-------
78-26R,42.5633,-118.53,1294.6,67.0,,53.7,,,1.3,,,,,,Ux.Mx.-------
78-26R,42.5633,-118.53,1294.6,63.0,,34.6,,,1.9,,,,,,Ux.Mx.-------
78-2A,39.3733,-118.58,1224.6,37.7,,23.0,,,1.5,,,,,,Ux.Mx.-------
78-3,39.3883,-118.51,1257.7,117.2,,72.0,,,1.6,,,,,,Ux.Mx.-------
78-34,42.5167,-118.53,1240.4,38.0,,40.1,,,0.9,,,,,,Ux.Mx.-------
78-44,42.445,-118.53,1227.5,63.0,,48.6,,,1.3,,,,,,Ux.Mx.-------
78-49,42.4383,-118.42,1254.6,75.0,,71.8,,,1.0,,,,,,Ux.Mx.-------
78-49,42.4383,-118.42,1254.6,54.0,,43.0,,,1.3,,,,,,Ux.Mx.-------
78-4a,42.715,-118.3,1238.5,54.0,,40.2,,,1.4,,,,,,Ux.Mx.-------
78-5R,42.68,-118.35,1245.9,29.0,,23.7,,,1.2,,,,,,Ux.Mx.-------
78-5R,42.68,-118.35,1245.9,75.0,,52.9,,,1.4,,,,,,Ux.Mx.-------
78-6,42.6967,-118.33,1250.6,88.0,,76.7,,,1.2,,,,,,Ux.Mx.-------
78-6,42.6967,-118.33,1250.6,105.0,,74.7,,,1.4,,,,,,Ux.Mx.-------
78-6,39.3617,-118.53,1208.2,41.8,,27.0,,,1.5,,,,,,Ux.Mx.-------
78-7,42.675,-118.32,1272.1,59.0,,51.0,,,1.2,,,,,,Ux.Mx.-------
78-72,42.605,-118.52,1348.8,42.0,,43.7,,,1.0,,,,,,Ux.Mx.-------
78-72,42.605,-118.52,1348.8,50.0,,49.2,,,1.0,,,,,,Ux.Mx.-------
78-72,42.605,-118.52,1348.8,46.0,,41.9,,,1.1,,,,,,Ux.Mx.-------
78-72,42.605,-118.52,1348.8,79.0,,69.3,,,1.2,,,,,,Ux.Mx.-------
78-9,42.6633,-118.32,1377.5,63.0,,47.4,,,1.3,,,,,,Ux.Mx.-------
78-9,42.6633,-118.32,1377.5,29.0,,21.9,,,1.4,,,,,,Ux.Mx.-------
78-9,39.3283,-118.5,1209.6,58.6,,39.0,,,1.5,,,,,,Ux.Mx.-------
78-9,39.3283,-118.5,1209.6,87.9,,60.0,,,1.5,,,,,,Ux.Mx.-------
79-1,39.3633,-118.6,1203.9,87.9,,53.0,,,1.6,,,,,,Ux.Mx.-------
79-18,39.3867,-118.54,1240.6,125.5,,77.0,,,1.6,,,,,,Ux.Mx.-------
79-20,39.4317,-118.52,1265.0,121.3,,74.0,,,1.6,,,,,,Ux.Mx.-------
79-28,39.2583,-118.62,1210.6,66.9,,41.0,,,1.6,,,,,,Ux.Mx.-------
79-28,39.2583,-118.62,1210.6,87.9,,54.0,,,1.6,,,,,,Ux.Mx.-------
79-5,42.5483,-118.52,1228.0,33.0,,36.5,,,0.9,,,,,,Ux.Mx.-------
80-5106,43.725,-117.11,851.7,121.3,,71.3,,,1.7,,,,,,Ux.Mx.-------
80-5111,43.6733,-117.14,999.1,50.2,,39.3,,,1.3,,,,,,Ux.Mx.-------
80-5116,43.6183,-117.22,1173.4,58.6,,43.9,,,1.3,,,,,,Ux.Mx.-------
80-5116,43.6183,-117.22,1173.4,36.8,,25.8,,,1.4,,,,,,Ux.Mx.-------
80-5117,43.62,-117.2,1183.0,64.9,,50.0,,,1.3,,,,,,Ux.Mx.-------
80-5117,43.62,-117.2,1183.0,54.4,,33.5,,,1.6,,,,,,Ux.Mx.-------
80-5120,43.5683,-117.22,1364.3,50.2,,37.1,,,1.3,,,,,,Ux.Mx.-------
80-5122,43.5583,-117.22,1373.5,50.2,,39.0,,,1.3,,,,,,Ux.Mx.-------
80-5122,43.5583,-117.22,1373.5,79.7,,54.4,,,1.5,,,,,,Ux.Mx.-------
81-5104,43.7167,-117.29,1005.0,77.0,,64.2,,,1.2,,,,,,Ux.Mx.-------
81-5167,43.7,-117.17,837.4,64.9,,47.1,,,1.4,,,,,,Ux.Mx.-------
81-5172,43.7333,-117.2,797.0,28.5,,24.9,,,1.1,,,,,,Ux.Mx.-------
82-33,38.5117,-112.86,1792.6,79.8,,57.0,,,1.4,,,,,,Ux.Mx.-------
844-12,42.9133,-116.32,1033.8,87.9,,27.0,,,2.7,,,,,,Ux.Mx.-------
844-18,42.7717,-116.26,1285.7,96.2,,41.0,,,2.2,,,,,,Ux.Mx.-------
844-19,42.8167,-116.18,1036.9,125.5,,77.0,,,1.3,,,,,,Ux.Mx.-------
844-20,42.77,-116.15,1087.3,125.5,,80.0,,,1.9,,,,,,Ux.Mx.-------
844-22,42.7917,-116.11,1014.7,71.1,,54.0,,,1.5,,,,,,Ux.Mx.-------
844-23,42.7383,-116.12,1189.3,129.7,,70.0,,,2.5,,,,,,Ux.Mx.-------
844-3,42.9233,-116.35,1007.2,113.0,,47.0,,,2.5,,,,,,Ux.Mx.-------
844-37,42.7367,-115.98,1009.4,108.8,,66.0,,,2.5,,,,,,Ux.Mx.-------
844-39,42.77,-115.97,910.0,58.6,,25.0,,,2.7,,,,,,Ux.Mx.-------
844-4,42.9117,-116.36,1083.7,121.3,,47.0,,,2.5,,,,,,Ux.Mx.-------
844-40,42.9417,-116.35,919.9,81.0,,30.0,,,2.7,,,,,,Ux.Mx.-------
844-41,42.8517,-116.32,1268.3,87.9,,36.0,,,2.5,,,,,,Ux.Mx.-------
844-5,42.9033,-116.37,1118.4,117.2,,70.0,,,1.9,,,,,,Ux.Mx.-------
844-56,42.8083,-115.93,817.2,31.5,,15.0,,,2.1,,,,,,Ux.Mx.-------
844-58,42.9683,-116.48,1174.5,146.4,,48.0,,,2.7,,,,,,Ux.Mx.-------
844-59,42.925,-116.43,1148.1,133.9,,73.0,,,3.4,,,,,,Ux.Mx.-------
844-6,42.855,-116.31,1224.7,54.4,,40.0,,,1.3,,,,,,Ux.Mx.-------
844-60,42.8683,-116.37,1280.3,104.6,,41.0,,,2.4,,,,,,Ux.Mx.-------
844-7,42.8617,-116.3,1165.8,62.8,,44.0,,,1.5,,,,,,Ux.Mx.-------
844-82,42.7033,-115.76,1016.8,125.5,,63.0,,,2.1,,,,,,Ux.Mx.-------
860-17,41.4033,-116.12,1740.5,99.0,,55.1,,,1.7,,,,,,Ux.Mx.-------
860-18,41.385,-116.15,1717.5,95.0,,52.7,,,1.7,,,,,,Ux.Mx.-------
860-28,41.5,-116.1,1920.0,118.0,,41.4,,,2.5,,,,,,Ux.Mx.-------
860-31,41.4467,-116.1,1803.2,28.0,,45.5,,,1.5,,,,,,Ux.Mx.-------
860-37,41.5167,-116.15,1958.1,128.0,,54.0,,,2.3,,,,,,Ux.Mx.-------
864-13,39.8617,-117.47,1677.7,120.0,,62.2,,,1.9,,,,,,Ux.Mx.-------
864-19,39.9017,-117.45,1573.3,79.8,,57.0,,,1.4,,,,,,Ux.Mx.-------
864-2,39.785,-117.47,1711.0,74.0,,43.5,,,1.7,,,,,,Ux.Mx.-------
864-20,39.8683,-117.44,1626.9,50.0,,35.7,,,1.4,,,,,,Ux.Mx.-------
864-26,39.9017,-117.57,1334.0,39.5,,28.2,,,1.4,,,,,,Ux.Mx.-------
864-29,39.8717,-117.51,1520.1,94.6,,67.6,,,1.4,,,,,,Ux.Mx.-------
864-5,39.8267,-117.48,1678.6,84.0,,50.1,,,1.7,,,,,,Ux.Mx.-------
864-52,39.7467,-117.57,1666.5,76.3,,54.5,,,1.4,,,,,,Ux.Mx.-------
864-54,39.8433,-117.66,1536.1,47.6,,34.0,,,1.4,,,,,,Ux.Mx.-------
864-6,39.85,-117.47,1667.8,142.0,,73.6,,,1.9,,,,,,Ux.Mx.-------
864-62,39.8433,-117.66,1536.1,51.0,,36.4,,,1.4,,,,,,Ux.Mx.-------
864-88,39.74,-117.54,1670.7,126.0,,75.0,,,1.7,,,,,,Ux.Mx.-------
864-90,39.735,-117.51,1762.4,84.0,,31.0,,,3.1,,,,,,Ux.Mx.-------
864-92,39.71,-117.46,1891.5,71.0,,29.2,,,2.1,,,,,,Ux.Mx.-------
864-93,39.82,-117.45,1604.7,92.0,,51.7,,,1.9,,,,,,Ux.Mx.-------
864-94,39.75,-117.44,1762.1,84.0,,40.0,,,2.1,,,,,,Ux.Mx.-------
864-95,39.78,-117.44,1675.1,118.0,,62.0,,,1.7,,,,,,Ux.Mx.-------
864-96,39.795,-117.45,1638.1,112.0,,40.9,,,2.7,,,,,,Ux.Mx.-------
864-97,39.8167,-117.45,1607.0,76.0,,31.2,,,2.3,,,,,,Ux.Mx.-------
88-11,37.86,-118.05,1557.5,42.0,,30.0,,,1.4,,,,,,Ux.Mx.-------
903-13,39.7117,-117.93,1177.0,38.0,,19.0,,,2.0,,,,,,Ux.Mx.-------
903-13,39.7117,-117.93,1177.0,58.0,,29.0,,,2.0,,,,,,Ux.Mx.-------
903-13,39.7117,-117.93,1177.0,82.5,,33.0,,,2.5,,,,,,Ux.Mx.-------
903-14,39.6367,-118.04,1096.3,89.6,,64.0,,,1.4,,,,,,Ux.Mx.-------
903-14,39.6367,-118.04,1096.3,100.3,,48.0,,,2.1,,,,,,Ux.Mx.-------
903-16,39.6617,-117.89,1549.9,126.0,,63.0,,,2.0,,,,,,Ux.Mx.-------
903-16,39.6617,-117.89,1549.9,146.0,,73.0,,,2.0,,,,,,Ux.Mx.-------
903-16,39.6617,-117.89,1549.9,100.3,,48.0,,,2.1,,,,,,Ux.Mx.-------
903-2,39.6617,-118.02,1101.2,83.5,,50.0,,,1.7,,,,,,Ux.Mx.-------
903-3,39.67,-118.04,1054.3,110.8,,53.0,,,2.1,,,,,,Ux.Mx.-------
903-4,39.645,-118.0,1266.0,57.6,,28.8,,,2.0,,,,,,Ux.Mx.-------
903-4,39.645,-118.0,1266.0,88.8,,35.5,,,2.5,,,,,,Ux.Mx.-------
903-5,39.6333,-117.99,1415.6,44.5,,17.8,,,2.5,,,,,,Ux.Mx.-------
903-7,39.6767,-117.99,1119.9,88.0,,44.0,,,2.0,,,,,,Ux.Mx.-------
903-8,39.69,-117.97,1112.4,47.5,,27.0,,,1.8,,,,,,Ux.Mx.-------
903-8,39.69,-117.97,1112.4,65.1,,37.0,,,1.8,,,,,,Ux.Mx.-------
903-8,39.69,-117.97,1112.4,68.6,,39.0,,,1.8,,,,,,Ux.Mx.-------
9-76-11,35.8067,-106.71,2422.2,84.0,,67.3,,,1.2,,,,,,Ux.Mx.-------
9-76-7,35.73,-106.71,1977.2,142.0,,60.6,,,2.3,,,,,,Ux.Mx.-------
9-76-G,35.735,-106.77,2002.0,138.0,,54.8,,,2.5,,,,,,Ux.Mx.-------
A.M. Hospital #4,37.8333,-96.94,427.3,65.1,,40.1,,,1.6,,,,,,Ux.Mx.-------
A1,43.5883,-111.81,1544.1,114.0,,63.3,,,1.8,,,,,,Ux.Mx.-------
A-1,32.1933,-108.96,1321.9,49.1,,27.3,,,1.8,,,,,,Ux.Mx.-------
A-10,31.9717,-108.79,1345.3,32.5,,13.0,,,2.5,,,,,,Ux.Mx.-------
A-11,32.22,-108.83,1286.8,78.8,,35.0,,,2.2,,,,,,Ux.Mx.-------
A-12,32.255,-108.83,1286.9,58.8,,42.0,,,1.4,,,,,,Ux.Mx.-------
A-2,32.2417,-108.91,1267.9,137.0,,60.9,,,2.2,,,,,,Ux.Mx.-------
A-3,32.2083,-108.88,1270.8,98.8,,43.9,,,2.2,,,,,,Ux.Mx.-------
A-4,32.235,-108.83,1287.6,36.5,,16.2,,,2.2,,,,,,Ux.Mx.-------
A-5,32.2,-108.84,1278.2,141.8,,63.0,,,2.2,,,,,,Ux.Mx.-------
A-6,32.2017,-108.8,1322.1,59.4,,42.4,,,1.4,,,,,,Ux.Mx.-------
A-7,32.17,-108.91,1276.6,75.2,,33.4,,,2.2,,,,,,Ux.Mx.-------
A-8,32.185,-108.79,1342.1,99.0,,44.0,,,2.2,,,,,,Ux.Mx.-------
A-9,32.2433,-108.77,1378.8,105.0,,42.0,,,2.5,,,,,,Ux.Mx.-------
ABBOTN,36.4,-104.23,1983.4,55.0,,45.6,,,1.2,,,,,,Ux.Mx.-------
ABQSE2,34.9333,-106.55,1631.0,60.0,,17.5,,,3.4,,,,,,Ux.Mx.-------
AC-1,33.9667,-117.63,184.1,67.0,,55.1,,,1.3,,,,,,Ux.Mx.-------
ACKLEY 1,41.7433,-121.31,1274.5,79.0,,54.7,,,1.5,,,,,,Ux.Mx.-------
AD-1,42.5367,-118.49,1219.8,65.0,,75.8,,,0.9,,,,,,Ux.Mx.-------
AD-1,42.535,-118.47,1220.0,67.0,,74.7,,,0.9,,,,,,Ux.Mx.-------
AD-2E,42.5383,-118.43,1221.9,54.0,,60.1,,,0.9,,,,,,Ux.Mx.-------
ADAM TUN,40.25,-105.67,3519.5,66.0,,19.7,,,3.3,,,,,,Ux.Mx.-------
ADCOH-2,34.7533,-83.24,449.8,54.0,,19.4,,,2.8,,,,,,Ux.Mx.-------
ADCOH-3,34.7567,-83.15,391.6,57.0,,16.3,,,3.5,,,,,,Ux.Mx.-------
ADPA,36.2333,-107.73,2068.8,65.0,,29.5,,,2.2,,,,,,Ux.Mx.-------
ADRIAN 1,43.7417,-117.09,731.2,78.4,,56.0,,,1.4,,,,,,Ux.Mx.-------
Adsit #A25,37.8383,-96.91,423.0,60.5,,36.6,,,1.6,,,,,,Ux.Mx.-------
AE-WW,43.7983,-122.42,696.2,43.0,,36.5,,,1.2,,,,,,Ux.Mx.-------
AGLA,33.7417,-113.12,776.0,61.0,,22.6,,,2.7,,,,,,Ux.Mx.-------
A-GP-13,38.7983,-122.87,574.9,132.0,,41.0,,,3.2,,,,,,Ux.Mx.-------
AH-13,40.695,-119.35,1213.9,29.0,,24.0,,,1.2,,,,,,Ux.Mx.-------
AH-15A,39.52,-118.6,1193.7,84.0,,59.0,,,1.4,,,,,,Ux.Mx.-------
AH-16,39.5183,-118.63,1194.8,42.0,,29.0,,,1.4,,,,,,Ux.Mx.-------
AH-23A,39.4833,-118.56,1195.2,109.0,,76.0,,,1.4,,,,,,Ux.Mx.-------
AH-3,40.6483,-119.35,1196.8,59.0,,56.0,,,1.0,,,,,,Ux.Mx.-------
AH-7,40.6383,-119.41,1212.8,79.0,,74.0,,,1.1,,,,,,Ux.Mx.-------
ALBERTA,36.87,-77.9,113.4,59.0,,18.0,,,3.3,,,,,,Ux.Mx.-------
ALHAMBRA,46.45,-111.98,1344.9,30.8,,22.0,,,1.4,,,,,,Ux.Mx.-------
ALMO-2,42.1333,-114.01,1756.5,109.0,,52.0,,,2.1,,,,,,Ux.Mx.-------
ALP,32.9883,-111.11,825.7,76.0,,23.1,,,3.3,,,,,,Ux.Mx.-------
ALTON,43.4833,-71.27,323.8,66.0,,25.7,,,2.5,,,,,,Ux.Mx.-------
AMAX-1,38.68,-122.55,675.7,121.3,,36.2,,,3.3,,,,,,Ux.Mx.-------
AMAX-L1,38.69,-122.61,558.4,94.0,,47.6,,,2.3,,,,,,Ux.Mx.-------
AMAX-L31,38.6733,-122.58,606.8,130.0,,49.4,,,2.6,,,,,,Ux.Mx.-------
AMAX-L33,38.67,-122.56,754.1,130.0,,71.3,,,1.8,,,,,,Ux.Mx.-------
AMAX-L36,38.6933,-122.51,526.2,142.0,,79.8,,,1.8,,,,,,Ux.Mx.-------
AMAX-L39,38.68,-122.5,442.6,113.0,,61.7,,,1.8,,,,,,Ux.Mx.-------
AMAX-L4,38.6683,-122.55,754.2,146.0,,78.2,,,1.8,,,,,,Ux.Mx.-------
AMAX-L42,38.67,-122.54,654.2,117.0,,38.8,,,3.0,,,,,,Ux.Mx.-------
AMAX-L43,38.6617,-122.54,651.6,142.0,,71.5,,,2.0,,,,,,Ux.Mx.-------
AMAX-L44,38.66,-122.55,741.3,109.0,,65.2,,,1.7,,,,,,Ux.Mx.-------
AMAX-L46,38.65,-122.53,688.9,117.0,,75.2,,,1.5,,,,,,Ux.Mx.-------
AMAX-L47,38.6483,-122.52,663.0,109.0,,53.0,,,2.0,,,,,,Ux.Mx.-------
AMAX-L48,38.645,-122.5,374.0,138.0,,70.1,,,2.0,,,,,,Ux.Mx.-------
AMAX-L54,38.5967,-122.47,635.3,105.0,,56.0,,,1.9,,,,,,Ux.Mx.-------
AMAX-L6,38.645,-122.51,531.4,146.0,,55.9,,,2.3,,,,,,Ux.Mx.-------
AMAX-L60,38.655,-122.56,719.3,100.0,,66.9,,,1.5,,,,,,Ux.Mx.-------
AMAX-L60,38.66,-122.57,713.2,144.8,,75.4,,,1.9,,,,,,Ux.Mx.-------
AMAX-L62,38.655,-122.58,706.5,84.0,,55.2,,,1.5,,,,,,Ux.Mx.-------
AMAX-L63,38.6683,-122.6,635.5,142.0,,51.0,,,2.8,,,,,,Ux.Mx.-------
AMAX-L64,38.7417,-122.56,353.2,100.0,,60.3,,,1.7,,,,,,Ux.Mx.-------
AMAX-L65,38.6733,-122.57,701.3,138.0,,73.6,,,1.9,,,,,,Ux.Mx.-------
AN-3,33.5383,-116.6,1454.8,68.0,,23.9,,,2.8,,,,,,Ux.Mx.-------
AN-A-5R,42.6983,-118.32,1222.5,89.0,,75.7,,,1.2,,,,,,Ux.Mx.-------
AN-B-62,42.3117,-118.64,1252.9,67.0,,56.2,,,1.2,,,,,,Ux.Mx.-------
ANDCMPWW,42.665,-114.29,1190.5,92.0,,62.5,,,1.5,,,,,,Ux.Mx.-------
ANDSN1,46.3117,-119.76,431.7,54.0,,34.0,,,1.6,,,,,,Ux.Mx.-------
A-NG-11,38.8633,-122.86,940.7,74.0,,20.0,,,3.2,,,,,,Ux.Mx.-------
A-NG-15,38.845,-122.87,663.2,145.0,,45.0,,,3.2,,,,,,Ux.Mx.-------
A-NG-8,38.8717,-122.86,914.5,138.0,,37.0,,,3.2,,,,,,Ux.Mx.-------
A-NG-9,38.8633,-122.83,894.7,116.0,,32.0,,,3.2,,,,,,Ux.Mx.-------
ANGEL PK,36.55,-108.03,1896.6,73.0,,29.3,,,2.5,,,,,,Ux.Mx.-------
APEX123,39.8667,-105.55,3221.0,61.0,,24.8,,,2.5,,,,,,Ux.Mx.-------
ARRYTETL,35.6583,-106.18,2044.2,109.0,,48.9,,,2.2,,,,,,Ux.Mx.-------
Arthur,41.8417,-121.33,1234.4,96.0,,65.6,,,1.5,,,,,,Ux.Mx.-------
ARTID8WW,46.0617,-118.37,259.7,54.0,,34.0,,,1.6,,,,,,Ux.Mx.-------
ASC,32.965,-111.81,454.0,70.0,,19.5,,,3.5,,,,,,Ux.Mx.-------
ASHGH,42.2117,-122.71,553.1,92.0,,48.9,,,1.9,,,,,,Ux.Mx.-------
ASHLEY 1,45.2483,-121.12,337.0,91.0,,77.0,,,1.2,,,,,,Ux.Mx.-------
AST,34.4617,-113.26,860.1,83.0,,27.1,,,3.1,,,,,,Ux.Mx.-------
Atkins #118A,37.8517,-96.9,424.8,58.9,,35.7,,,1.6,,,,,,Ux.Mx.-------
AUBURN39,42.9583,-76.54,215.1,65.0,,17.1,,,3.8,,,,,,Ux.Mx.-------
AUDRBERG,47.5067,-117.4,743.2,56.0,,41.6,,,1.3,,,,,,Ux.Mx.-------
Augusta #T5-53,37.6317,-96.96,399.5,53.2,,32.6,,,1.6,,,,,,Ux.Mx.-------
AWU,69.15,-158.02,347.2,38.0,,22.6,,,1.7,,,,,,Ux.Mx.-------
AZT,32.775,-113.46,175.2,63.0,,26.8,,,2.4,,,,,,Ux.Mx.-------
B,37.94,-117.84,1591.0,68.6,,49.0,,,1.4,,,,,,Ux.Mx.-------
B COLE,45.8633,-120.67,697.3,49.0,,30.5,,,1.6,,,,,,Ux.Mx.-------
B JONES,45.275,-117.94,818.3,67.0,,55.9,,,1.2,,,,,,Ux.Mx.-------
B LNDSEY,46.78,-122.26,416.5,25.0,,14.6,,,1.7,,,,,,Ux.Mx.-------
B-1,43.835,-118.09,1290.4,50.0,,47.5,,,1.1,,,,,,Ux.Mx.-------
B-11,43.975,-118.28,1369.6,59.0,,61.0,,,1.0,,,,,,Ux.Mx.-------
B-11,43.975,-118.28,1369.6,50.0,,47.1,,,1.3,,,,,,Ux.Mx.-------
B-12,44.0567,-118.23,1366.7,25.0,,16.7,,,1.4,,,,,,Ux.Mx.-------
B-13,43.935,-118.02,1534.5,46.0,,46.3,,,1.0,,,,,,Ux.Mx.-------
B-13,43.935,-118.02,1534.5,44.5,,24.7,,,1.8,,,,,,Ux.Mx.-------
B-14,43.9267,-118.21,1394.3,59.0,,53.5,,,1.1,,,,,,Ux.Mx.-------
B-14,43.9267,-118.21,1394.3,58.5,,45.0,,,1.3,,,,,,Ux.Mx.-------
B-14,43.9267,-118.21,1394.3,58.0,,16.3,,,3.6,,,,,,Ux.Mx.-------
B-2,40.6017,-119.45,1198.0,21.0,,24.8,,,0.8,,,,,,Ux.Mx.-------
B-2,43.8417,-118.16,1043.2,92.0,,67.9,,,1.4,,,,,,Ux.Mx.-------
B-2,43.8417,-118.16,1043.2,93.5,,35.4,,,2.6,,,,,,Ux.Mx.-------
B21-1,39.7533,-118.95,1360.4,32.0,,16.0,,,2.0,,,,,,Ux.Mx.-------
B21-2,39.765,-118.95,1415.8,36.0,,18.0,,,2.0,,,,,,Ux.Mx.-------
B22,34.035,-107.03,1813.2,62.4,,34.5,,,1.8,,,,,,Ux.Mx.-------
B23,34.03,-107.06,1898.0,67.6,,39.3,,,1.7,,,,,,Ux.Mx.-------
B-2615,47.7833,-97.05,257.0,27.0,,12.6,,,2.1,,,,,,Ux.Mx.-------
B-3,40.6417,-119.41,1215.3,59.0,,67.6,,,0.8,,,,,,Ux.Mx.-------
B-3,46.05,-112.55,1897.0,88.0,,30.7,,,2.9,,,,,,Ux.Mx.-------
B-3164,46.2667,-96.95,300.0,32.0,,18.0,,,1.8,,,,,,Ux.Mx.-------
B-35-79,40.56,-116.57,1565.1,94.2,,55.4,,,1.7,,,,,,Ux.Mx.-------
B-3825,48.725,-97.81,305.8,47.0,,31.9,,,1.5,,,,,,Ux.Mx.-------
B-3991,47.3333,-97.53,345.8,54.0,,47.3,,,1.1,,,,,,Ux.Mx.-------
B-4,40.6633,-119.35,1197.2,36.0,,42.5,,,0.8,,,,,,Ux.Mx.-------
B-4,43.96,-118.11,1091.5,71.0,,66.0,,,1.1,,,,,,Ux.Mx.-------
B-4,43.96,-118.11,1091.5,64.0,,24.7,,,2.6,,,,,,Ux.Mx.-------
B-5,43.9983,-118.16,1456.5,29.0,,27.4,,,1.1,,,,,,Ux.Mx.-------
B-54-79,40.5417,-116.63,1610.4,97.6,,57.4,,,1.7,,,,,,Ux.Mx.-------
B-7,43.885,-118.19,1228.9,81.0,,45.0,,,1.8,,,,,,Ux.Mx.-------
B-7-79,40.575,-116.6,1460.4,110.7,,65.1,,,1.7,,,,,,Ux.Mx.-------
B-9,43.8367,-118.25,1172.0,50.0,,46.9,,,1.1,,,,,,Ux.Mx.-------
BACA-10,35.8867,-106.58,2798.3,150.0,,60.0,,,2.5,,,,,,Ux.Mx.-------
BACA-11,35.895,-106.57,2922.9,125.0,,50.0,,,2.5,,,,,,Ux.Mx.-------
BACA-13,35.895,-106.57,2922.9,150.0,,60.0,,,2.5,,,,,,Ux.Mx.-------
BACA-14,35.8833,-106.58,2786.0,150.0,,60.0,,,2.5,,,,,,Ux.Mx.-------
BACA-15,35.8933,-106.58,2862.1,108.0,,60.0,,,1.8,,,,,,Ux.Mx.-------
BACA-18,35.8867,-106.58,2798.3,150.0,,60.0,,,2.5,,,,,,Ux.Mx.-------
BACA-19,35.8933,-106.58,2862.1,42.5,,17.0,,,2.5,,,,,,Ux.Mx.-------
BACA-20,35.895,-106.57,2922.9,108.0,,60.0,,,1.8,,,,,,Ux.Mx.-------
BACA-21,35.8983,-106.57,2914.1,108.0,,60.0,,,1.8,,,,,,Ux.Mx.-------
BACA-22,35.8967,-106.57,2918.8,108.0,,60.0,,,1.8,,,,,,Ux.Mx.-------
BACA-24,35.8867,-106.58,2798.3,114.0,,60.0,,,1.9,,,,,,Ux.Mx.-------
BACA-5,35.89,-106.57,2935.5,150.0,,60.0,,,2.5,,,,,,Ux.Mx.-------
BACA-6,35.8883,-106.58,2811.1,150.0,,60.0,,,2.5,,,,,,Ux.Mx.-------
BADGER,46.89,-120.39,664.7,46.0,,29.4,,,1.5,,,,,,Ux.Mx.-------
BAGDAD2,34.5917,-113.19,1173.1,65.0,,20.6,,,3.0,,,,,,Ux.Mx.-------
BAGGS,41.0633,-107.77,1993.6,50.0,,20.0,,,2.5,,,,,,Ux.Mx.-------
BAILIE,46.6133,-119.12,231.7,77.0,,48.3,,,1.6,,,,,,Ux.Mx.-------
BALSLEY,38.7667,-109.63,1480.4,20.0,,13.3,,,1.5,,,,,,Ux.Mx.-------
BALTIMOR,39.32,-76.77,133.3,50.0,,15.6,,,3.2,,,,,,Ux.Mx.-------
BAMS,44.19,-117.49,833.1,59.0,,48.8,,,1.2,,,,,,Ux.Mx.-------
BANGERT,43.155,-124.22,51.5,42.0,,32.4,,,1.3,,,,,,Ux.Mx.-------
BARCUS C,40.05,-108.52,2325.2,81.0,,67.4,,,1.2,,,,,,Ux.Mx.-------
BARSTOW,34.65,-116.68,1281.9,74.0,,22.6,,,3.3,,,,,,Ux.Mx.-------
BASTROP,32.7317,-91.89,51.4,72.0,,33.0,,,2.2,,,,,,Ux.Mx.-------
BATTELLE,46.3617,-119.27,107.2,64.0,,40.1,,,1.6,,,,,,Ux.Mx.-------
BATTLE 2,46.4283,-119.28,115.5,60.0,,37.7,,,1.6,,,,,,Ux.Mx.-------
BATTLLE1,46.4433,-119.4,161.3,66.0,,41.3,,,1.6,,,,,,Ux.Mx.-------
Batz #1,40.5633,-116.59,1521.2,80.1,,18.2,,,4.4,,,,,,Ux.Mx.-------
BAUMANN1,46.9317,-118.41,525.8,28.0,,17.4,,,1.6,,,,,,Ux.Mx.-------
BA-WW,42.15,-121.68,1248.7,59.0,,80.0,,,0.8,,,,,,Ux.Mx.-------
BAYER 1,45.5683,-112.26,1590.7,34.7,,24.8,,,1.4,,,,,,Ux.Mx.-------
BAYER 2,45.5683,-112.26,1590.7,77.8,,55.6,,,1.4,,,,,,Ux.Mx.-------
BC-WW,43.0317,-117.04,1452.1,92.0,,69.7,,,1.3,,,,,,Ux.Mx.-------
BEAR PEN,34.1167,-78.33,17.5,69.0,,28.4,,,2.4,,,,,,Ux.Mx.-------
BEARSKIN,38.4817,-112.78,2319.0,50.4,,36.0,,,1.4,,,,,,Ux.Mx.-------
BEARTOTH,45.0833,-109.24,2269.1,62.0,,33.3,,,1.9,,,,,,Ux.Mx.-------
BEAUFORT,34.7717,-76.66,2.8,44.0,,31.5,,,1.4,,,,,,Ux.Mx.-------
BEDFORD1,42.9333,-71.53,110.0,72.0,,26.2,,,2.8,,,,,,Ux.Mx.-------
BELCROSS,36.3267,-76.06,7.5,51.0,,34.7,,,1.5,,,,,,Ux.Mx.-------
Beltner 1,36.91,-98.23,364.3,41.0,,23.9,,,1.7,,,,,,Ux.Mx.-------
BELVIDERE,43.85,-101.26,700.6,78.7,,65.7,,,1.2,,,,,,Ux.Mx.-------
BENEVID1,30.02,-104.57,1140.8,91.9,,31.7,,,2.9,,,,,,Ux.Mx.-------
BENJAMIN,47.07,-122.22,178.3,23.0,,13.8,,,1.7,,,,,,Ux.Mx.-------
BERDOO C,33.8133,-116.17,363.5,54.0,,19.8,,,2.7,,,,,,Ux.Mx.-------
BFZ-2-PHILLIPS,43.4717,-119.86,1423.1,117.6,,62.3,,,1.9,,,,,,Ux.Mx.-------
BFZ-7509,43.2167,-119.25,1381.0,88.0,,54.2,,,1.6,,,,,,Ux.Mx.-------
BFZ-7511,43.4367,-119.02,1262.7,42.0,,30.9,,,1.3,,,,,,Ux.Mx.-------
BFZ-7516,43.185,-119.89,1474.4,84.0,,51.3,,,1.6,,,,,,Ux.Mx.-------
BFZ-7518,43.7133,-119.93,1329.4,63.0,,42.4,,,1.5,,,,,,Ux.Mx.-------
BFZ-7519,43.66,-119.94,1299.8,63.0,,61.0,,,1.0,,,,,,Ux.Mx.-------
BFZ-FBS,43.6167,-120.47,1577.2,83.0,,50.9,,,1.6,,,,,,Ux.Mx.-------
BG MD FL,42.85,-106.97,1840.9,59.0,,35.5,,,1.7,,,,,,Ux.Mx.-------
BGD1,34.5817,-113.22,983.4,82.0,,29.5,,,2.8,,,,,,Ux.Mx.-------
BGRDCAN,33.7333,-107.35,1939.0,54.0,,28.5,,,1.9,,,,,,Ux.Mx.-------
BHL-WW,42.0633,-121.62,1287.2,42.0,,58.0,,,0.8,,,,,,Ux.Mx.-------
Bianchi2,38.795,-122.71,739.5,146.0,,54.0,,,2.7,,,,,,Ux.Mx.-------
BIBOS,35.2,-107.32,1888.7,90.0,,28.3,,,3.2,,,,,,Ux.Mx.-------
BIG MARI,33.73,-114.53,124.2,95.0,,25.9,,,3.6,,,,,,Ux.Mx.-------
BIG SPRG,41.07,-102.1,1063.8,77.0,,59.0,,,1.3,,,,,,Ux.Mx.-------
BIGCEDAR,38.4617,-112.84,1994.3,92.4,,66.0,,,1.4,,,,,,Ux.Mx.-------
BINGHAM,40.5167,-112.15,1772.6,71.0,,18.3,,,3.9,,,,,,Ux.Mx.-------
BIT CREE,32.9,-109.03,1534.8,128.0,,45.7,,,2.8,,,,,,Ux.Mx.-------
BJ-WW,44.4517,-122.8,155.6,31.0,,23.3,,,1.3,,,,,,Ux.Mx.-------
BL 1,42.955,-115.01,1008.8,77.0,,50.0,,,1.5,,,,,,Ux.Mx.-------
BLACK RK,37.6833,-118.53,2098.3,84.0,,33.5,,,2.5,,,,,,Ux.Mx.-------
BLANC2,36.7,-107.72,1960.4,56.0,,28.9,,,1.9,,,,,,Ux.Mx.-------
BLANCN,36.7833,-107.83,1859.0,72.0,,29.0,,,2.5,,,,,,Ux.Mx.-------
BLK RK 2,40.9083,-119.09,1192.4,63.0,,62.0,,,1.0,,,,,,Ux.Mx.-------
BLKRNG1,33.2833,-107.72,2070.3,99.0,,43.8,,,2.2,,,,,,Ux.Mx.-------
BLM,44.48,-109.03,1619.5,28.6,,20.4,,,1.4,,,,,,Ux.Mx.-------
BLMA-WW,42.055,-117.7,1425.3,88.0,,76.1,,,1.2,,,,,,Ux.Mx.-------
BLMMAUPN,45.175,-121.07,352.3,97.0,,61.4,,,1.6,,,,,,Ux.Mx.-------
BLND53&55,37.7317,-109.36,2102.3,66.0,,17.0,,,3.9,,,,,,Ux.Mx.-------
BLUE MTN,42.3167,-117.9,1727.1,90.2,,64.4,,,1.4,,,,,,Ux.Mx.-------
BLYTHVLE,35.9233,-89.91,78.1,55.0,,19.9,,,2.8,,,,,,Ux.Mx.-------
BM10,40.4417,-116.97,1495.4,62.2,,44.4,,,1.4,,,,,,Ux.Mx.-------
BM10,40.4967,-117.16,1479.5,110.6,,44.2,,,2.5,,,,,,Ux.Mx.-------
BM18,40.9117,-117.0,1380.1,141.3,,62.8,,,2.2,,,,,,Ux.Mx.-------
BM-2,38.0883,-113.14,1909.4,116.0,,78.0,,,1.5,,,,,,Ux.Mx.-------
BM20,40.4417,-117.17,1422.9,129.0,,57.3,,,2.2,,,,,,Ux.Mx.-------
BM21,40.73,-117.19,1592.9,33.2,,14.7,,,2.2,,,,,,Ux.Mx.-------
BM22,40.7017,-117.27,1523.9,114.7,,51.0,,,2.2,,,,,,Ux.Mx.-------
BM24,40.58,-117.26,1616.6,127.4,,36.4,,,3.5,,,,,,Ux.Mx.-------
BM26,40.6733,-116.62,1482.3,52.8,,21.1,,,2.5,,,,,,Ux.Mx.-------
BM30,40.8183,-116.58,1425.7,44.2,,19.7,,,2.2,,,,,,Ux.Mx.-------
BM31,40.9417,-116.74,1508.5,122.9,,54.6,,,2.2,,,,,,Ux.Mx.-------
BM34,40.8733,-117.32,1370.2,143.3,,41.0,,,3.5,,,,,,Ux.Mx.-------
BM35,40.8367,-117.27,1359.4,122.0,,54.2,,,2.2,,,,,,Ux.Mx.-------
BM44,40.515,-116.78,1455.8,110.6,,44.2,,,2.5,,,,,,Ux.Mx.-------
BM47,40.3967,-116.58,1469.4,124.2,,49.7,,,2.5,,,,,,Ux.Mx.-------
BM48,40.3483,-116.63,1510.8,98.3,,39.3,,,2.5,,,,,,Ux.Mx.-------
BM50,40.3767,-116.5,1449.1,109.2,,72.8,,,1.5,,,,,,Ux.Mx.-------
BM52,40.56,-116.34,1500.7,79.9,,35.5,,,2.2,,,,,,Ux.Mx.-------
BM53,40.5367,-116.12,1656.7,94.2,,41.9,,,2.2,,,,,,Ux.Mx.-------
BM54,40.4433,-116.11,1590.8,90.1,,40.0,,,2.2,,,,,,Ux.Mx.-------
BM55,40.7283,-116.21,1648.8,57.3,,25.5,,,2.2,,,,,,Ux.Mx.-------
BM56,40.375,-116.39,1524.3,91.0,,45.5,,,2.0,,,,,,Ux.Mx.-------
BM57,40.4117,-116.31,1531.8,86.6,,43.3,,,2.0,,,,,,Ux.Mx.-------
BM6,40.5733,-117.01,1448.6,64.2,,25.7,,,2.5,,,,,,Ux.Mx.-------
BM62,40.9617,-116.84,1558.8,116.5,,72.8,,,1.6,,,,,,Ux.Mx.-------
BM64,41.0,-116.8,1562.0,109.2,,36.4,,,3.0,,,,,,Ux.Mx.-------
BM67,40.4717,-116.26,1647.0,87.4,,43.7,,,2.0,,,,,,Ux.Mx.-------
BM68,40.485,-116.29,1619.2,131.0,,65.5,,,2.0,,,,,,Ux.Mx.-------
BM69,40.505,-116.27,1627.8,80.1,,40.0,,,2.0,,,,,,Ux.Mx.-------
BM7,40.51,-117.07,1417.6,86.5,,34.6,,,2.5,,,,,,Ux.Mx.-------
BM70,40.4933,-116.23,1798.0,63.7,,36.4,,,1.8,,,,,,Ux.Mx.-------
BM81,40.2267,-117.25,1762.1,65.5,,36.4,,,1.8,,,,,,Ux.Mx.-------
BM82,40.2283,-117.29,1716.0,134.3,,74.6,,,1.8,,,,,,Ux.Mx.-------
BM83,40.2133,-117.35,1871.3,98.3,,54.6,,,1.8,,,,,,Ux.Mx.-------
BM84,40.895,-116.49,1466.1,143.3,,63.7,,,2.2,,,,,,Ux.Mx.-------
BM86,40.22,-117.32,1777.9,124.5,,69.2,,,1.8,,,,,,Ux.Mx.-------
BM87,40.2117,-117.36,1914.1,121.2,,67.3,,,1.8,,,,,,Ux.Mx.-------
BM89,40.2317,-117.34,1792.4,131.0,,72.8,,,1.8,,,,,,Ux.Mx.-------
BM96,40.9817,-116.98,1421.2,72.8,,45.5,,,1.6,,,,,,Ux.Mx.-------
BMF1,40.425,-117.22,1569.1,115.3,,72.1,,,1.6,,,,,,Ux.Mx.-------
BMG1,40.9267,-117.38,1573.2,66.1,,20.0,,,3.3,,,,,,Ux.Mx.-------
BMO1,32.0467,-111.51,882.5,86.0,,40.1,,,2.1,,,,,,Ux.Mx.-------
BMO2,32.155,-112.66,661.9,83.0,,29.3,,,2.8,,,,,,Ux.Mx.-------
BMS,33.85,-111.47,1100.5,86.0,,25.5,,,3.4,,,,,,Ux.Mx.-------
BMT,32.7833,-110.92,1308.9,64.0,,17.1,,,3.7,,,,,,Ux.Mx.-------
BN-10,43.72,-118.86,1660.4,63.0,,58.3,,,1.1,,,,,,Ux.Mx.-------
BN-11,43.7067,-118.79,1508.8,42.0,,36.6,,,1.1,,,,,,Ux.Mx.-------
BN-11,44.135,-122.02,919.6,126.0,,79.6,,,1.6,,,,,,Ux.Mx.-------
BN-12,43.6633,-119.08,1351.1,75.0,,68.6,,,1.1,,,,,,Ux.Mx.-------
BN-12,43.6633,-119.08,1351.1,74.3,,44.5,,,1.7,,,,,,Ux.Mx.-------
BN-13,43.7217,-119.09,1486.5,84.0,,77.7,,,1.1,,,,,,Ux.Mx.-------
BN-13,43.7217,-119.09,1486.5,83.9,,27.5,,,3.0,,,,,,Ux.Mx.-------
BN-2,44.2183,-122.05,693.7,78.0,,47.9,,,1.6,,,,,,Ux.Mx.-------
BN-2,43.705,-118.99,1459.5,101.2,,62.1,,,1.6,,,,,,Ux.Mx.-------
BN-4,43.65,-118.92,1341.6,88.0,,60.1,,,1.5,,,,,,Ux.Mx.-------
BN-4,44.2033,-122.03,718.4,117.0,,67.3,,,1.7,,,,,,Ux.Mx.-------
BN-5,43.695,-118.93,1479.3,67.0,,61.7,,,1.1,,,,,,Ux.Mx.-------
BN-5,43.695,-118.93,1479.3,66.8,,40.0,,,1.7,,,,,,Ux.Mx.-------
BN-5,43.695,-118.93,1479.3,67.2,,19.6,,,3.4,,,,,,Ux.Mx.-------
BN-7,43.6533,-118.79,1361.6,42.0,,43.4,,,1.0,,,,,,Ux.Mx.-------
BN-7,43.6533,-118.79,1361.6,54.0,,57.5,,,1.0,,,,,,Ux.Mx.-------
BN-8,44.155,-122.09,661.7,109.0,,68.4,,,1.6,,,,,,Ux.Mx.-------
BN-9,43.7667,-118.91,1803.6,59.0,,37.6,,,1.6,,,,,,Ux.Mx.-------
BOARDMAN,45.8433,-119.67,87.8,113.0,,71.4,,,1.6,,,,,,Ux.Mx.-------
BOGALUSA,30.8167,-89.91,59.1,44.0,,17.7,,,2.5,,,,,,Ux.Mx.-------
BOOTHEEL,42.1583,-105.84,2156.4,57.0,,22.8,,,2.5,,,,,,Ux.Mx.-------
BOSTIC 1-A,43.04,-115.46,967.0,96.0,,65.9,,,1.4,,,,,,Ux.Mx.-------
BOTTMLLR,45.7267,-122.44,230.1,46.0,,28.7,,,1.6,,,,,,Ux.Mx.-------
BOU,33.9333,-113.9,390.0,76.0,,27.0,,,2.8,,,,,,Ux.Mx.-------
BOULOUGN,30.7833,-82.02,10.4,21.0,,16.4,,,1.3,,,,,,Ux.Mx.-------
BOX ELDR,40.96,-100.57,907.2,64.0,,28.9,,,2.2,,,,,,Ux.Mx.-------
BR-1,30.25,-104.56,1305.4,84.5,,44.0,,,1.9,,,,,,Ux.Mx.-------
BR-10,40.8783,-119.1,1192.0,70.0,,67.1,,,1.0,,,,,,Ux.Mx.-------
BR-3,41.09,-121.0,1560.5,63.0,,55.6,,,1.1,,,,,,Ux.Mx.-------
BR-3,41.09,-121.0,1560.5,88.0,,45.1,,,2.0,,,,,,Ux.Mx.-------
BR-4,41.1083,-121.09,1264.4,92.0,,77.9,,,1.2,,,,,,Ux.Mx.-------
BR-4,41.075,-119.02,1227.3,95.0,,70.9,,,1.3,,,,,,Ux.Mx.-------
BR-4,41.1083,-121.09,1264.4,67.0,,46.1,,,1.4,,,,,,Ux.Mx.-------
BR-5,41.1,-121.19,1253.1,44.0,,47.4,,,1.0,,,,,,Ux.Mx.-------
BR-5,41.1,-121.19,1253.1,44.0,,47.0,,,1.0,,,,,,Ux.Mx.-------
BR-5,41.1,-121.19,1253.1,88.0,,80.0,,,1.1,,,,,,Ux.Mx.-------
BR-6,41.0933,-121.16,1252.8,59.0,,49.6,,,1.2,,,,,,Ux.Mx.-------
BR-7,41.0217,-119.06,1192.7,81.0,,76.7,,,1.0,,,,,,Ux.Mx.-------
BR-7,41.17,-121.05,1267.7,63.0,,53.9,,,1.2,,,,,,Ux.Mx.-------
BR-75-23,43.4833,-120.1,1391.0,99.4,,71.0,,,1.4,,,,,,Ux.Mx.-------
BR78-14,42.1217,-111.89,1444.1,59.7,,74.6,,,0.8,,,,,,Ux.Mx.-------
BR78-20,42.1517,-111.96,1445.9,105.6,,52.8,,,2.0,,,,,,Ux.Mx.-------
BR78-26,42.1883,-111.93,1447.2,92.9,,61.9,,,1.5,,,,,,Ux.Mx.-------
BR78-31,42.185,-111.9,1473.1,40.7,,50.9,,,0.8,,,,,,Ux.Mx.-------
BR-8,41.105,-121.11,1256.7,92.0,,76.3,,,1.2,,,,,,Ux.Mx.-------
BRADFORD,43.2667,-71.98,269.5,68.0,,23.0,,,3.0,,,,,,Ux.Mx.-------
BRADLEY,45.71,-121.31,118.8,52.0,,33.0,,,1.6,,,,,,Ux.Mx.-------
BRASELTO,34.0833,-83.77,260.7,27.0,,10.7,,,2.5,,,,,,Ux.Mx.-------
BRD1,40.705,-119.33,1186.4,25.5,,18.2,,,1.4,,,,,,Ux.Mx.-------
BRD10,40.7583,-119.32,1329.9,25.5,,18.2,,,1.4,,,,,,Ux.Mx.-------
BRD16,40.8117,-119.22,1197.5,79.0,,56.4,,,1.4,,,,,,Ux.Mx.-------
BRD18,40.9233,-119.37,1296.7,51.0,,36.4,,,1.4,,,,,,Ux.Mx.-------
BRD19,40.9283,-119.4,1327.0,51.0,,36.4,,,1.4,,,,,,Ux.Mx.-------
BRD2,40.69,-119.3,1192.4,51.0,,36.4,,,1.4,,,,,,Ux.Mx.-------
BRD4,40.7267,-119.25,1190.0,33.1,,23.7,,,1.4,,,,,,Ux.Mx.-------
BRD5,40.7667,-119.25,1193.0,56.1,,40.0,,,1.4,,,,,,Ux.Mx.-------
BRD7,40.7967,-119.29,1220.8,30.6,,21.8,,,1.4,,,,,,Ux.Mx.-------
BRD8,40.775,-119.3,1263.4,25.5,,18.2,,,1.4,,,,,,Ux.Mx.-------
BRD9,40.8133,-119.34,1240.3,53.5,,38.2,,,1.4,,,,,,Ux.Mx.-------
BRDGPORT,41.5,-103.1,1245.0,61.0,,55.1,,,1.1,,,,,,Ux.Mx.-------
BRETZ EX,42.05,-117.88,1822.6,55.5,,50.4,,,1.1,,,,,,Ux.Mx.-------
BRETZ WW,42.05,-117.88,1822.6,37.7,,34.2,,,1.1,,,,,,Ux.Mx.-------
BREWSTER,41.75,-70.08,29.1,48.0,,15.1,,,3.2,,,,,,Ux.Mx.-------
BRINE WELL1,39.805,-118.56,1181.4,111.4,,61.9,,,1.8,,,,,,Ux.Mx.-------
BRINGOLF,42.2983,-108.86,2372.8,47.0,,18.7,,,2.5,,,,,,Ux.Mx.-------
BRNAMWW,46.025,-118.62,152.1,73.0,,69.0,,,1.0,,,,,,Ux.Mx.-------
BSS,42.02,-123.84,1053.0,46.0,,16.0,,,2.8,,,,,,Ux.Mx.-------
BSV-4,38.8217,-117.18,1707.9,98.0,,70.0,,,1.4,,,,,,Ux.Mx.-------
BS-WW,43.6317,-117.04,758.0,88.0,,75.2,,,1.2,,,,,,Ux.Mx.-------
BUCK MTN,44.6,-122.06,1260.7,96.0,,79.0,,,1.2,,,,,,Ux.Mx.-------
BUCKINGH,40.6167,-117.07,1853.3,115.0,,31.4,,,3.7,,,,,,Ux.Mx.-------
BUENAVIS,38.7833,-106.17,2570.3,121.0,,37.7,,,2.5,,,,,,Ux.Mx.-------
BULB SPR,42.0983,-107.6,2107.1,36.0,,16.5,,,2.2,,,,,,Ux.Mx.-------
BUNESS,46.435,-111.96,1423.2,84.0,,60.0,,,1.4,,,,,,Ux.Mx.-------
BURNIPS,42.7233,-85.82,204.8,45.0,,11.9,,,3.8,,,,,,Ux.Mx.-------
BV1,40.195,-118.24,1466.9,89.2,,63.7,,,1.4,,,,,,Ux.Mx.-------
BV110,40.055,-118.08,1272.2,98.3,,49.1,,,2.0,,,,,,Ux.Mx.-------
BV12,40.0783,-118.04,1254.1,116.5,,58.2,,,2.0,,,,,,Ux.Mx.-------
BV13,40.0433,-118.0,1604.1,51.9,,34.6,,,1.5,,,,,,Ux.Mx.-------
BV2,40.1433,-118.28,1348.7,87.4,,58.2,,,1.5,,,,,,Ux.Mx.-------
BV-2,40.3633,-117.35,1407.2,82.0,,79.0,,,1.0,,,,,,Ux.Mx.-------
BV27,40.0083,-118.02,1831.8,58.2,,36.4,,,1.6,,,,,,Ux.Mx.-------
BV28,40.0217,-118.05,1443.2,87.4,,58.2,,,1.5,,,,,,Ux.Mx.-------
BV29,40.035,-118.06,1351.2,101.0,,67.3,,,1.5,,,,,,Ux.Mx.-------
BV30,40.1933,-117.88,1312.7,32.8,,16.4,,,2.0,,,,,,Ux.Mx.-------
BV31,40.135,-117.94,1271.3,116.5,,58.2,,,2.0,,,,,,Ux.Mx.-------
BV32,40.115,-117.91,1360.7,51.9,,34.6,,,1.5,,,,,,Ux.Mx.-------
BV33,40.0933,-117.87,1583.9,95.6,,63.7,,,1.5,,,,,,Ux.Mx.-------
BV35,40.15,-117.88,1376.0,101.0,,67.3,,,1.5,,,,,,Ux.Mx.-------
BV36,40.17,-117.93,1245.9,120.1,,60.1,,,2.0,,,,,,Ux.Mx.-------
BV37,40.1367,-117.98,1241.0,131.0,,65.5,,,2.0,,,,,,Ux.Mx.-------
BV38,40.1067,-117.95,1286.4,134.7,,67.3,,,2.0,,,,,,Ux.Mx.-------
BV4,40.1983,-118.04,1247.8,116.5,,58.2,,,2.0,,,,,,Ux.Mx.-------
BV5,40.0383,-118.14,1331.1,72.8,,36.4,,,2.0,,,,,,Ux.Mx.-------
BV51,40.0233,-118.19,1240.0,134.7,,67.3,,,2.0,,,,,,Ux.Mx.-------
BV-60,39.965,-117.97,1608.4,145.6,,58.2,,,2.5,,,,,,Ux.Mx.-------
C,40.7733,-117.49,1512.5,102.1,,72.9,,,1.4,,,,,,Ux.Mx.-------
C-185,33.4283,-88.4,54.6,20.0,,12.6,,,1.5,,,,,,Ux.Mx.-------
C-4,34.165,-112.8,939.4,118.0,,34.7,,,3.4,,,,,,Ux.Mx.-------
CA-131-1,34.6467,-116.15,628.6,33.0,,21.0,,,1.7,,,,,,Ux.Mx.-------
CAB,32.3317,-112.93,569.2,94.0,,30.9,,,3.0,,,,,,Ux.Mx.-------
CAHUILLA,33.6133,-116.27,46.3,92.0,,38.4,,,2.4,,,,,,Ux.Mx.-------
CAI-PHU1,41.205,-91.33,199.5,62.0,,18.9,,,3.2,,,,,,Ux.Mx.-------
CAJA 4,35.75,-106.15,2097.0,57.5,,41.1,,,1.4,,,,,,Ux.Mx.-------
CAJON PS,34.3217,-117.48,1007.4,99.0,,36.0,,,2.6,,,,,,Ux.Mx.-------
CALHOUN,32.5167,-92.28,45.3,67.0,,31.1,,,2.1,,,,,,Ux.Mx.-------
CALUMET,47.2833,-88.47,358.5,39.0,,18.6,,,2.1,,,,,,Ux.Mx.-------
CALUMET,34.4217,-115.56,242.5,84.0,,28.6,,,2.9,,,,,,Ux.Mx.-------
CANAAN,43.65,-72.07,281.4,49.0,,13.1,,,3.7,,,,,,Ux.Mx.-------
CANON CY,38.5,-105.33,1950.6,80.0,,25.3,,,3.2,,,,,,Ux.Mx.-------
CANYLA,36.4,-107.42,2012.3,72.0,,38.0,,,1.9,,,,,,Ux.Mx.-------
CAR-4201,43.3667,-113.76,1543.7,126.0,,33.8,,,3.7,,,,,,Ux.Mx.-------
CAR-4203,43.3817,-113.73,1594.2,93.0,,29.7,,,3.1,,,,,,Ux.Mx.-------
CAR-4209,43.3883,-113.66,1690.0,56.0,,23.7,,,2.3,,,,,,Ux.Mx.-------
CAR-4211,43.4017,-113.64,1728.1,48.0,,12.5,,,3.8,,,,,,Ux.Mx.-------
CAR-4212,43.4017,-113.82,1645.0,33.0,,19.9,,,1.7,,,,,,Ux.Mx.-------
CARGO,32.92,-114.85,184.8,66.0,,22.2,,,3.0,,,,,,Ux.Mx.-------
CARY,32.805,-90.93,32.0,34.0,,17.1,,,2.0,,,,,,Ux.Mx.-------
CARZCRKS,36.65,-107.67,1844.1,53.0,,27.3,,,1.9,,,,,,Ux.Mx.-------
CAS,32.2033,-110.23,1335.7,70.0,,21.6,,,3.2,,,,,,Ux.Mx.-------
CASTALIA,36.07,-78.12,80.6,61.0,,19.3,,,3.2,,,,,,Ux.Mx.-------
CATLOWV3,42.635,-119.09,1388.0,45.0,,52.0,,,0.9,,,,,,Ux.Mx.-------
CB-4,43.8533,-117.27,842.1,92.0,,73.6,,,1.3,,,,,,Ux.Mx.-------
CB-4/ V-18,43.8567,-117.15,807.3,92.0,,73.6,,,1.3,,,,,,Ux.Mx.-------
CBHF-12,36.1017,-117.82,1520.3,73.0,,26.1,,,2.8,,,,,,Ux.Mx.-------
CBHF-16,35.8067,-117.56,881.1,117.0,,55.8,,,2.1,,,,,,Ux.Mx.-------
CBHF-4,36.0267,-117.89,1045.1,146.0,,55.2,,,2.6,,,,,,Ux.Mx.-------
CBHF-6,36.1,-117.84,1512.2,90.0,,38.3,,,2.3,,,,,,Ux.Mx.-------
CBHF-8,35.9733,-117.78,1060.1,89.0,,60.9,,,1.3,,,,,,Ux.Mx.-------
CC-1,39.16,-119.77,1442.7,100.0,,40.0,,,2.5,,,,,,Ux.Mx.-------
CC-10,38.475,-105.19,1673.0,59.0,,39.9,,,1.5,,,,,,Ux.Mx.-------
CC-11,38.4617,-105.03,1718.1,63.0,,46.8,,,1.4,,,,,,Ux.Mx.-------
CC-2,38.4283,-105.05,1613.4,92.0,,62.5,,,1.5,,,,,,Ux.Mx.-------
CC-3,38.4467,-105.07,1647.2,80.0,,53.2,,,1.5,,,,,,Ux.Mx.-------
CC-4,38.46,-105.15,1684.4,79.0,,35.8,,,2.1,,,,,,Ux.Mx.-------
CC-5,38.42,-105.11,1627.0,34.0,,22.6,,,1.5,,,,,,Ux.Mx.-------
CC-6,38.4617,-105.11,1687.5,42.0,,27.6,,,1.5,,,,,,Ux.Mx.-------
CC-7,38.4383,-105.14,1636.3,50.0,,36.6,,,1.4,,,,,,Ux.Mx.-------
CC-9,38.4467,-105.18,1631.0,54.0,,43.3,,,1.2,,,,,,Ux.Mx.-------
CCPA-WW,45.3583,-121.94,527.9,100.0,,55.5,,,1.8,,,,,,Ux.Mx.-------
CEDAR-N6,37.6333,-113.43,1826.0,92.0,,24.4,,,3.8,,,,,,Ux.Mx.-------
CERILOS2,35.45,-106.1,1803.0,55.0,,26.4,,,2.1,,,,,,Ux.Mx.-------
CERROPR1,34.56,-108.59,2059.5,89.0,,45.6,,,1.9,,,,,,Ux.Mx.-------
CFP-WW,45.6283,-121.36,375.7,49.0,,31.1,,,1.6,,,,,,Ux.Mx.-------
CFR,33.835,-111.84,929.8,76.0,,21.8,,,3.5,,,,,,Ux.Mx.-------
CGB,32.895,-111.88,400.4,81.0,,23.3,,,3.6,,,,,,Ux.Mx.-------
CH1,39.31,-118.3,1296.2,91.7,,51.0,,,1.8,,,,,,Ux.Mx.-------
CH-1,46.15,-123.88,6.4,40.0,,30.7,,,1.3,,,,,,Ux.Mx.-------
CH-1&3,40.05,-108.33,1865.2,62.0,,56.4,,,1.1,,,,,,Ux.Mx.-------
CH-10,39.5617,-117.63,1608.1,91.7,,51.0,,,1.8,,,,,,Ux.Mx.-------
CH11,39.6333,-118.33,1271.2,81.9,,45.5,,,1.8,,,,,,Ux.Mx.-------
CH2,39.3483,-118.27,1326.9,88.5,,49.1,,,1.8,,,,,,Ux.Mx.-------
CH-2,39.9667,-108.47,2020.2,54.0,,50.9,,,1.0,,,,,,Ux.Mx.-------
CH3,39.41,-118.18,1294.4,49.1,,27.3,,,1.8,,,,,,Ux.Mx.-------
CH-8,39.4017,-117.89,1638.7,53.2,,23.7,,,2.2,,,,,,Ux.Mx.-------
CH-9,39.53,-117.68,1630.8,102.4,,45.5,,,2.2,,,,,,Ux.Mx.-------
CHA,70.77,-152.47,3.4,66.0,,38.2,,,1.7,,,,,,Ux.Mx.-------
CHAMPAGN,43.5967,-113.57,2010.7,107.8,,77.0,,,1.4,,,,,,Ux.Mx.-------
CHAMPOUX,46.6033,-120.35,520.6,80.0,,51.5,,,1.5,,,,,,Ux.Mx.-------
CHANGALA,46.52,-120.01,514.4,54.0,,34.3,,,1.6,,,,,,Ux.Mx.-------
CHAPITA,40.0667,-109.35,1498.0,51.0,,23.2,,,2.2,,,,,,Ux.Mx.-------
CHEV12,40.42,-119.44,1225.1,83.7,,41.9,,,2.0,,,,,,Ux.Mx.-------
CHEV6,40.3783,-119.44,1226.8,149.2,,74.6,,,2.0,,,,,,Ux.Mx.-------
CHEVRON BHT,39.9067,-118.28,1183.6,92.1,,51.2,,,1.8,,,,,,Ux.Mx.-------
CHMNEYCK,36.9167,-104.87,2532.9,81.0,,56.0,,,1.5,,,,,,Ux.Mx.-------
CHN,35.3983,-112.88,1743.8,115.0,,36.2,,,3.2,,,,,,Ux.Mx.-------
CHNO,34.7917,-112.29,1612.3,60.0,,21.5,,,2.8,,,,,,Ux.Mx.-------
CHR,34.5433,-112.07,1473.9,62.0,,20.0,,,3.1,,,,,,Ux.Mx.-------
CHRISTMA,33.0333,-110.68,792.6,60.0,,18.8,,,3.2,,,,,,Ux.Mx.-------
CH-RM-11,38.9917,-122.62,486.2,146.0,,52.2,,,2.8,,,,,,Ux.Mx.-------
CH-RM-13,38.9817,-122.62,445.6,136.0,,48.4,,,2.8,,,,,,Ux.Mx.-------
CH-RM-19,38.9867,-122.65,551.7,146.0,,51.5,,,2.8,,,,,,Ux.Mx.-------
CHRS CRK,43.8833,-122.37,646.9,112.0,,64.0,,,1.8,,,,,,Ux.Mx.-------
CIMMARON,34.32,-108.85,2117.8,54.0,,29.2,,,1.9,,,,,,Ux.Mx.-------
CISCO,39.05,-109.55,1568.0,92.0,,51.9,,,1.8,,,,,,Ux.Mx.-------
CITATION,43.09,-104.03,1258.2,59.0,,54.1,,,1.1,,,,,,Ux.Mx.-------
CKLAIRD,42.6583,-119.74,1363.3,28.8,,20.6,,,1.4,,,,,,Ux.Mx.-------
CL-1,45.0867,-122.09,676.2,41.8,,29.9,,,1.4,,,,,,Ux.Mx.-------
CL-10,44.795,-121.88,1069.9,55.4,,39.5,,,1.4,,,,,,Ux.Mx.-------
CL-11,44.45,-121.99,1090.7,51.6,,36.9,,,1.4,,,,,,Ux.Mx.-------
CL-11,44.455,-121.98,1124.4,69.0,,43.8,,,1.6,,,,,,Ux.Mx.-------
CL-18,39.03,-122.57,386.5,146.0,,61.6,,,2.7,,,,,,Ux.Mx.-------
CL-4,45.085,-122.25,1316.1,88.7,,63.4,,,1.4,,,,,,Ux.Mx.-------
CL-5,45.0317,-122.16,1029.1,70.1,,50.0,,,1.4,,,,,,Ux.Mx.-------
CL-6,44.9333,-122.15,1008.3,20.9,,14.9,,,1.4,,,,,,Ux.Mx.-------
CL-7,44.97,-122.14,709.4,34.2,,24.4,,,1.4,,,,,,Ux.Mx.-------
CL-8,45.0017,-122.13,1331.9,72.2,,51.6,,,1.4,,,,,,Ux.Mx.-------
CLEAR CK,39.5667,-110.95,1982.9,94.0,,31.1,,,1.3,,,,,,Ux.Mx.-------
CLMX1HO,39.3683,-106.18,3461.9,147.0,,40.7,,,3.6,,,,,,Ux.Mx.-------
CLMX2HO,39.3683,-106.18,3461.9,138.0,,32.3,,,4.3,,,,,,Ux.Mx.-------
CM,32.0167,-105.48,1422.7,85.0,,22.5,,,4.0,,,,,,Ux.Mx.-------
CMG-1,42.3567,-111.74,1563.4,81.9,,54.6,,,1.5,,,,,,Ux.Mx.-------
CMG-2,42.335,-111.73,1547.7,57.0,,38.0,,,1.5,,,,,,Ux.Mx.-------
CMG-4,42.285,-111.7,1699.3,59.2,,16.0,,,3.7,,,,,,Ux.Mx.-------
CMG-5,42.2833,-111.73,1608.7,111.0,,30.0,,,3.7,,,,,,Ux.Mx.-------
CMG-9,42.2667,-111.77,1761.9,36.0,,20.0,,,1.8,,,,,,Ux.Mx.-------
CM-WW,42.09,-121.7,1246.7,59.0,,77.0,,,0.8,,,,,,Ux.Mx.-------
COLD CRK,39.7,-122.88,1440.4,88.0,,20.4,,,4.3,,,,,,Ux.Mx.-------
COLMORW,36.2167,-104.68,1821.4,84.0,,71.8,,,1.1,,,,,,Ux.Mx.-------
COLUMBIA,34.1667,-81.03,132.6,46.0,,16.7,,,2.7,,,,,,Ux.Mx.-------
CON,34.0283,-112.65,905.7,48.0,,18.1,,,2.7,,,,,,Ux.Mx.-------
COW HLLW,40.6833,-110.9,3275.8,53.0,,21.1,,,1.0,,,,,,Ux.Mx.-------
COX MT F,34.0433,-115.2,505.9,51.0,,17.5,,,2.9,,,,,,Ux.Mx.-------
COX MTE,34.1017,-115.35,346.4,89.0,,33.4,,,2.7,,,,,,Ux.Mx.-------
CPWD,34.79,-112.91,1792.6,119.0,,35.8,,,3.3,,,,,,Ux.Mx.-------
CQ-40,31.3483,-110.7,1667.8,89.0,,33.6,,,2.6,,,,,,Ux.Mx.-------
CRATER-3,38.4933,-112.79,2216.4,25.2,,18.0,,,1.4,,,,,,Ux.Mx.-------
CRAVENS1,36.3783,-105.9,2248.2,55.2,,39.4,,,1.4,,,,,,Ux.Mx.-------
CRAVENS2,36.1567,-105.95,1962.7,37.5,,26.8,,,1.4,,,,,,Ux.Mx.-------
CRAVENSK,35.8983,-106.08,1733.5,29.8,,21.3,,,1.4,,,,,,Ux.Mx.-------
CRD,34.2817,-112.11,1118.7,62.0,,17.3,,,3.7,,,,,,Ux.Mx.-------
CREED2,37.9283,-106.95,3594.2,75.0,,31.1,,,2.4,,,,,,Ux.Mx.-------
CREEDS,36.6067,-76.01,4.7,57.0,,44.0,,,1.3,,,,,,Ux.Mx.-------
CRESTB,38.9167,-107.12,3572.0,108.0,,32.6,,,3.3,,,,,,Ux.Mx.-------
CRMT,35.1917,-113.38,1534.1,103.0,,30.1,,,3.4,,,,,,Ux.Mx.-------
CROSS RA,41.6067,-101.8,1139.6,65.0,,54.0,,,1.2,,,,,,Ux.Mx.-------
CR-WW,45.9017,-119.22,137.8,42.0,,26.6,,,1.6,,,,,,Ux.Mx.-------
CS-12,39.5933,-118.37,1203.7,62.0,,59.1,,,1.0,,,,,,Ux.Mx.-------
CS-13,39.29,-118.85,1206.9,89.0,,60.7,,,1.5,,,,,,Ux.Mx.-------
CS-14,39.3917,-118.85,1211.6,79.0,,63.3,,,1.3,,,,,,Ux.Mx.-------
CS-15,39.4367,-118.98,1259.6,89.0,,70.7,,,1.3,,,,,,Ux.Mx.-------
CS-16,39.6967,-119.1,1238.4,31.0,,16.4,,,1.9,,,,,,Ux.Mx.-------
CS-17,39.705,-118.77,1189.1,54.0,,43.2,,,1.3,,,,,,Ux.Mx.-------
CS-19,39.775,-118.61,1181.8,47.0,,57.8,,,0.8,,,,,,Ux.Mx.-------
CS-2,39.8517,-118.73,1203.8,74.0,,59.1,,,1.3,,,,,,Ux.Mx.-------
CS-21,39.5333,-119.0,1234.0,76.0,,60.7,,,1.3,,,,,,Ux.Mx.-------
CS-22,39.5317,-118.8,1210.2,100.0,,79.7,,,1.3,,,,,,Ux.Mx.-------
CS-3,39.865,-118.85,1195.1,113.0,,77.5,,,1.5,,,,,,Ux.Mx.-------
CS-4,39.895,-118.61,1188.6,38.0,,45.2,,,0.8,,,,,,Ux.Mx.-------
CS-6,40.0,-118.39,1217.0,92.0,,43.7,,,2.1,,,,,,Ux.Mx.-------
CS-8,40.05,-118.25,1224.0,69.0,,48.6,,,1.5,,,,,,Ux.Mx.-------
CS-WW,43.8,-122.42,679.2,46.0,,39.0,,,1.2,,,,,,Ux.Mx.-------
CTY CSTN,47.765,-118.52,745.2,88.0,,55.4,,,1.6,,,,,,Ux.Mx.-------
CTYCLDWW,43.6633,-116.7,719.4,72.0,,61.3,,,1.2,,,,,,Ux.Mx.-------
CUFFYTOW,33.92,-82.12,163.0,68.0,,17.6,,,3.8,,,,,,Ux.Mx.-------
CUMB-CP1,38.685,-106.5,3585.1,70.0,,25.2,,,2.8,,,,,,Ux.Mx.-------
CUMB-CP2,38.68,-106.5,3611.6,75.0,,24.7,,,3.0,,,,,,Ux.Mx.-------
CUNDAYO,35.9667,-105.9,2036.0,48.0,,34.3,,,1.4,,,,,,Ux.Mx.-------
CUTD-10,36.0467,-117.74,1168.9,75.0,,41.9,,,1.8,,,,,,Ux.Mx.-------
CUTD-5,36.0533,-117.85,1316.4,146.0,,68.6,,,2.1,,,,,,Ux.Mx.-------
CWF-1D,31.9533,-106.6,1154.2,120.0,,77.0,,,1.6,,,,,,Ux.Mx.-------
CWF-2D,31.9533,-106.61,1146.0,120.0,,70.0,,,1.7,,,,,,Ux.Mx.-------
CWW,44.0617,-122.79,193.6,42.0,,26.2,,,1.6,,,,,,Ux.Mx.-------
CWW-1,43.78,-117.16,727.5,67.0,,56.0,,,1.2,,,,,,Ux.Mx.-------
D-02,41.6867,-118.49,1313.9,91.7,,65.5,,,1.4,,,,,,Ux.Mx.-------
D-03,41.6483,-118.47,1281.1,53.5,,38.2,,,1.4,,,,,,Ux.Mx.-------
D-04,41.62,-118.53,1262.3,58.6,,41.9,,,1.4,,,,,,Ux.Mx.-------
D-05,41.5183,-118.58,1291.2,94.3,,67.3,,,1.4,,,,,,Ux.Mx.-------
D-07,41.645,-118.59,1310.7,63.7,,45.5,,,1.4,,,,,,Ux.Mx.-------
D-08,41.685,-118.56,1296.5,76.4,,54.6,,,1.4,,,,,,Ux.Mx.-------
D-10,41.6,-118.45,1257.0,40.8,,29.1,,,1.4,,,,,,Ux.Mx.-------
D-11,41.5633,-118.46,1246.2,38.2,,27.3,,,1.4,,,,,,Ux.Mx.-------
D-13,41.76,-118.48,1394.2,91.7,,65.5,,,1.4,,,,,,Ux.Mx.-------
DA-1,32.3,-106.65,1396.0,21.0,,15.0,,,1.4,,,,,,Ux.Mx.-------
DA-1,32.3,-106.65,1396.0,88.2,,63.0,,,1.4,,,,,,Ux.Mx.-------
DA-10,32.4167,-107.08,1445.8,63.0,,45.0,,,1.4,,,,,,Ux.Mx.-------
DA-11,32.4167,-107.23,1479.0,64.4,,46.0,,,1.4,,,,,,Ux.Mx.-------
DA-15,32.2333,-107.2,1312.0,70.0,,50.0,,,1.4,,,,,,Ux.Mx.-------
DA-2,31.9333,-106.92,1256.7,75.6,,54.0,,,1.4,,,,,,Ux.Mx.-------
DA-4,31.9667,-106.87,1267.9,88.2,,63.0,,,1.4,,,,,,Ux.Mx.-------
DA-5,32.2333,-106.87,1276.6,28.0,,20.0,,,1.4,,,,,,Ux.Mx.-------
DA-6,32.1333,-106.85,1277.0,56.0,,40.0,,,1.4,,,,,,Ux.Mx.-------
DA-8,31.9667,-106.82,1266.8,105.0,,75.0,,,1.4,,,,,,Ux.Mx.-------
DA-9,31.9667,-106.93,1269.6,84.0,,60.0,,,1.4,,,,,,Ux.Mx.-------
DALE MIN,34.0717,-115.76,542.4,60.0,,20.4,,,2.9,,,,,,Ux.Mx.-------
DALTON 1,41.1383,-114.96,1745.1,112.0,,56.0,,,2.0,,,,,,Ux.Mx.-------
DAV,35.22,-114.56,241.7,120.0,,34.6,,,3.5,,,,,,Ux.Mx.-------
Dav148a,29.8,-104.48,1000.7,110.0,,55.0,,,2.0,,,,,,Ux.Mx.-------
Dav150,29.805,-104.49,990.3,72.0,,36.0,,,2.0,,,,,,Ux.Mx.-------
Dav151,29.815,-104.5,995.4,110.0,,55.0,,,2.0,,,,,,Ux.Mx.-------
Dav153,29.82,-104.52,960.6,36.4,,18.2,,,2.0,,,,,,Ux.Mx.-------
Dav155,29.8217,-104.48,1058.6,72.8,,36.4,,,2.0,,,,,,Ux.Mx.-------
Dav156.5,29.83,-104.48,1087.7,36.4,,18.2,,,2.0,,,,,,Ux.Mx.-------
Dav157E,29.8317,-104.47,1116.8,72.8,,36.4,,,2.0,,,,,,Ux.Mx.-------
Dav157W,29.8383,-104.48,1120.6,145.6,,72.8,,,2.0,,,,,,Ux.Mx.-------
Dav160,29.8333,-104.52,1000.3,91.0,,45.5,,,2.0,,,,,,Ux.Mx.-------
Dav162,29.85,-104.52,1043.6,54.6,,27.3,,,2.0,,,,,,Ux.Mx.-------
Dav165,29.865,-104.52,1121.3,36.4,,18.2,,,2.0,,,,,,Ux.Mx.-------
Dav168,29.8767,-104.56,1010.3,109.2,,54.6,,,2.0,,,,,,Ux.Mx.-------
Dav171a,29.8917,-104.56,1044.6,72.8,,36.4,,,2.0,,,,,,Ux.Mx.-------
Dav172,29.8983,-104.57,1034.8,145.6,,72.8,,,2.0,,,,,,Ux.Mx.-------
Dav33,29.8533,-104.48,1198.0,145.6,,72.8,,,2.0,,,,,,Ux.Mx.-------
Dav40,29.8733,-104.51,1140.8,72.8,,36.4,,,2.0,,,,,,Ux.Mx.-------
DAVIS,34.94,-95.92,213.6,44.0,,23.4,,,1.9,,,,,,Ux.Mx.-------
DAVIS,44.1883,-105.12,1314.8,50.0,,16.6,,,3.0,,,,,,Ux.Mx.-------
Davis #A11,38.8817,-96.31,428.9,65.3,,38.1,,,1.7,,,,,,Ux.Mx.-------
Davis #A4,38.8783,-96.31,429.3,71.4,,41.2,,,1.7,,,,,,Ux.Mx.-------
DCH,34.7317,-113.91,1030.6,100.0,,34.8,,,2.9,,,,,,Ux.Mx.-------
DCR,34.24,-112.87,1028.1,79.0,,23.5,,,3.4,,,,,,Ux.Mx.-------
DD 1,39.77,-118.09,1062.3,55.9,,39.9,,,1.4,,,,,,Ux.Mx.-------
DD 10A,39.885,-117.99,1039.8,92.4,,66.0,,,1.4,,,,,,Ux.Mx.-------
DD 11,39.8767,-118.01,1074.4,110.6,,79.0,,,1.4,,,,,,Ux.Mx.-------
DD 12,39.8917,-118.02,1220.9,50.4,,36.0,,,1.4,,,,,,Ux.Mx.-------
DD 13,39.8967,-118.0,1080.9,82.6,,59.0,,,1.4,,,,,,Ux.Mx.-------
DD 14,39.9267,-117.94,1044.8,100.8,,72.0,,,1.4,,,,,,Ux.Mx.-------
DD 15,39.8533,-117.83,1066.4,68.6,,49.0,,,1.4,,,,,,Ux.Mx.-------
DD 16,39.82,-117.87,1067.5,86.8,,62.0,,,1.4,,,,,,Ux.Mx.-------
DD 17,39.7883,-117.88,1109.7,82.6,,59.0,,,1.4,,,,,,Ux.Mx.-------
DD 2,39.8233,-118.04,1130.2,92.4,,66.0,,,1.4,,,,,,Ux.Mx.-------
DD 3,39.8167,-118.03,1062.2,68.6,,49.0,,,1.4,,,,,,Ux.Mx.-------
DD 6,39.83,-118.03,1099.9,100.8,,72.0,,,1.4,,,,,,Ux.Mx.-------
DDH-1,47.9333,-108.57,1582.8,21.0,,15.0,,,2.3,,,,,,Ux.Mx.-------
DDH-1,44.2933,-114.8,2390.8,46.0,,15.7,,,2.9,,,,,,Ux.Mx.-------
DDH-1,47.04,-112.38,1691.7,100.0,,27.5,,,3.7,,,,,,Ux.Mx.-------
DDH-1,47.5083,-121.35,1165.4,64.0,,16.2,,,3.9,,,,,,Ux.Mx.-------
DDH-1,46.3383,-112.08,1760.8,58.0,,14.8,,,3.9,,,,,,Ux.Mx.-------
DDH-1,46.45,-113.42,2044.5,83.0,,18.9,,,4.3,,,,,,Ux.Mx.-------
DDH-12,47.6833,-121.65,1062.0,32.0,,10.5,,,3.0,,,,,,Ux.Mx.-------
DDH-13,44.5017,-114.24,1651.6,59.0,,29.9,,,2.0,,,,,,Ux.Mx.-------
DDH-13,43.0267,-116.78,1926.9,82.0,,31.2,,,2.6,,,,,,Ux.Mx.-------
DDH-13,44.8883,-111.74,2582.6,38.0,,10.9,,,3.5,,,,,,Ux.Mx.-------
DDH-14 (74I-49),43.0183,-116.8,1880.0,90.0,,43.6,,,2.1,,,,,,Ux.Mx.-------
DDH-17,45.9167,-112.01,1763.1,65.0,,19.8,,,3.3,,,,,,Ux.Mx.-------
DDH-2,44.2917,-114.8,2376.9,90.0,,30.8,,,2.9,,,,,,Ux.Mx.-------
DDH-2,47.975,-118.07,907.5,89.0,,28.4,,,3.1,,,,,,Ux.Mx.-------
DDH-2,46.245,-112.44,1845.5,85.0,,27.2,,,3.1,,,,,,Ux.Mx.-------
DDH-2,48.36,-118.88,1057.3,56.0,,16.8,,,3.4,,,,,,Ux.Mx.-------
DDH-2,48.915,-117.6,781.9,132.0,,22.0,,,6.0,,,,,,Ux.Mx.-------
DDH-20,46.385,-112.58,1945.4,74.0,,24.2,,,3.1,,,,,,Ux.Mx.-------
DDH-29,47.0267,-112.38,1772.7,80.0,,17.0,,,4.7,,,,,,Ux.Mx.-------
DDH-3,48.6667,-118.77,965.9,75.0,,30.9,,,2.4,,,,,,Ux.Mx.-------
DDH-36,46.9667,-110.71,1956.1,65.0,,24.3,,,2.8,,,,,,Ux.Mx.-------
DDH-37,46.965,-110.74,1881.5,76.0,,29.1,,,2.7,,,,,,Ux.Mx.-------
DDH-38,44.4083,-114.36,2570.0,131.0,,38.6,,,3.4,,,,,,Ux.Mx.-------
DDH-5,44.0333,-115.78,1854.5,108.0,,38.4,,,2.8,,,,,,Ux.Mx.-------
DDH-66,46.9667,-110.71,1956.1,111.0,,33.7,,,3.3,,,,,,Ux.Mx.-------
DDH-702,48.995,-118.6,1140.4,80.0,,25.2,,,3.2,,,,,,Ux.Mx.-------
DDH-77,44.5167,-114.36,2126.4,83.0,,42.4,,,2.0,,,,,,Ux.Mx.-------
DDH-8,48.1367,-116.86,788.0,54.0,,20.1,,,2.7,,,,,,Ux.Mx.-------
DDH-A,45.0967,-116.69,1542.6,51.0,,19.5,,,2.6,,,,,,Ux.Mx.-------
DDH-A,48.0583,-118.71,733.5,56.0,,14.6,,,3.8,,,,,,Ux.Mx.-------
DDH-BM 1,43.94,-116.02,1832.7,79.0,,26.9,,,2.9,,,,,,Ux.Mx.-------
DDH-BM 2,43.94,-116.02,1832.7,77.0,,26.4,,,2.9,,,,,,Ux.Mx.-------
DDH-C008,45.0417,-110.6,2536.6,38.0,,15.1,,,2.5,,,,,,Ux.Mx.-------
DDH-LD10,48.6083,-120.38,1149.6,73.0,,28.3,,,2.9,,,,,,Ux.Mx.-------
DDH-M19A,45.3767,-109.91,2238.1,64.0,,21.2,,,3.0,,,,,,Ux.Mx.-------
DDH-U7,46.3583,-112.1,1678.5,47.0,,17.4,,,2.7,,,,,,Ux.Mx.-------
DDH-U9,46.3517,-112.06,1631.1,61.0,,19.9,,,3.1,,,,,,Ux.Mx.-------
DDH-W3,44.4783,-113.29,2216.9,64.0,,24.4,,,2.6,,,,,,Ux.Mx.-------
DEAVER,41.1733,-103.28,1387.1,49.0,,44.3,,,1.1,,,,,,Ux.Mx.-------
DeBraga2,39.5467,-118.55,1188.6,47.0,,18.8,,,2.5,,,,,,Ux.Mx.-------
DEPOEB-1,44.7983,-124.06,26.8,34.0,,21.6,,,1.6,,,,,,Ux.Mx.-------
DESERT C,33.6833,-115.43,420.9,59.0,,18.5,,,3.2,,,,,,Ux.Mx.-------
DESRT MT,39.7333,-112.6,1497.9,93.0,,31.0,,,3.0,,,,,,Ux.Mx.-------
DEVILLE,31.395,-92.16,22.1,47.0,,24.9,,,1.9,,,,,,Ux.Mx.-------
DF-1,45.4683,-121.2,418.8,63.0,,42.8,,,1.5,,,,,,Ux.Mx.-------
DGER-2,45.9767,-121.62,894.4,77.0,,53.8,,,1.4,,,,,,Ux.Mx.-------
DGER-4,46.125,-121.77,1222.7,61.0,,48.5,,,1.2,,,,,,Ux.Mx.-------
DGER-7,46.0483,-121.75,1260.2,84.0,,70.0,,,1.2,,,,,,Ux.Mx.-------
D-G-M,70.28,-148.66,10.4,54.0,,16.0,,,3.3,,,,,,Ux.Mx.-------
DH-1,40.5883,-117.65,1418.3,105.0,,69.0,,,1.5,,,,,,Ux.Mx.-------
DH-1,46.5833,-119.52,145.9,64.0,,37.2,,,1.7,,,,,,Ux.Mx.-------
DH101,40.0983,-111.31,2105.5,100.0,,38.0,,,2.7,,,,,,Ux.Mx.-------
DH-101A,39.6117,-118.56,1186.8,46.0,,28.0,,,1.6,,,,,,Ux.Mx.-------
DH103,40.0983,-111.31,2105.5,137.0,,39.0,,,3.5,,,,,,Ux.Mx.-------
DH-106A,39.505,-118.59,1194.5,134.0,,76.1,,,1.8,,,,,,Ux.Mx.-------
DH-107,39.4933,-118.57,1195.2,92.0,,46.0,,,2.0,,,,,,Ux.Mx.-------
DH-111A,39.525,-118.49,1191.0,42.0,,29.6,,,1.4,,,,,,Ux.Mx.-------
DH-13A,40.5767,-116.56,1477.5,110.0,,66.0,,,1.7,,,,,,Ux.Mx.-------
DH-14,34.8617,-118.74,1312.2,92.0,,26.2,,,3.5,,,,,,Ux.Mx.-------
DH-15A,40.5667,-116.65,1586.1,99.0,,58.0,,,1.7,,,,,,Ux.Mx.-------
DH-16A,40.5717,-116.58,1485.3,110.0,,67.0,,,1.7,,,,,,Ux.Mx.-------
DH-16B,40.5817,-116.62,1507.1,110.0,,65.0,,,1.7,,,,,,Ux.Mx.-------
DH-2,40.5817,-117.66,1409.3,101.9,,72.8,,,1.4,,,,,,Ux.Mx.-------
DH-2,40.62,-117.63,1498.7,59.0,,48.0,,,1.5,,,,,,Ux.Mx.-------
DH-3,38.475,-112.95,1555.2,113.0,,60.0,,,2.1,,,,,,Ux.Mx.-------
DH-43,34.89,-118.77,1064.2,82.0,,23.8,,,3.5,,,,,,Ux.Mx.-------
DH61-2-5,34.9383,-118.82,594.3,58.0,,20.3,,,2.8,,,,,,Ux.Mx.-------
DH-65,34.935,-118.81,769.9,53.0,,18.0,,,2.9,,,,,,Ux.Mx.-------
DH-7,40.6117,-117.64,1456.0,61.2,,43.7,,,1.4,,,,,,Ux.Mx.-------
DH-8,40.6033,-117.67,1394.6,92.0,,68.0,,,1.3,,,,,,Ux.Mx.-------
DH-9A,40.5967,-116.59,1479.9,100.0,,61.0,,,1.7,,,,,,Ux.Mx.-------
DIXON,44.9,-101.8,702.0,91.9,,76.6,,,1.2,,,,,,Ux.Mx.-------
DL1,40.32,-119.04,1373.5,68.8,,49.1,,,1.4,,,,,,Ux.Mx.-------
DL10,40.4117,-119.02,1355.8,63.7,,45.5,,,1.4,,,,,,Ux.Mx.-------
DL11,40.4167,-118.93,1300.8,79.0,,56.4,,,1.4,,,,,,Ux.Mx.-------
DL12,40.57,-118.9,1511.2,53.5,,38.2,,,1.4,,,,,,Ux.Mx.-------
DL13,40.66,-118.86,1421.1,84.1,,60.1,,,1.4,,,,,,Ux.Mx.-------
DL14,40.5217,-118.73,1554.6,63.7,,45.5,,,1.4,,,,,,Ux.Mx.-------
DL15,40.64,-118.73,1540.3,79.0,,56.4,,,1.4,,,,,,Ux.Mx.-------
DL18,40.4967,-119.02,1504.6,107.0,,76.4,,,1.4,,,,,,Ux.Mx.-------
DL19,40.5967,-119.09,1525.8,73.9,,52.8,,,1.4,,,,,,Ux.Mx.-------
DL2,40.2567,-119.09,1686.0,45.9,,32.8,,,1.4,,,,,,Ux.Mx.-------
DL21,40.7517,-118.75,1355.6,96.8,,69.2,,,1.4,,,,,,Ux.Mx.-------
DL23,40.705,-118.73,1376.6,81.5,,58.2,,,1.4,,,,,,Ux.Mx.-------
DL3,40.3117,-119.13,1396.8,71.3,,51.0,,,1.4,,,,,,Ux.Mx.-------
DL4,40.3833,-119.24,1566.7,56.1,,40.0,,,1.4,,,,,,Ux.Mx.-------
DL5,40.2983,-119.23,1392.9,81.5,,58.2,,,1.4,,,,,,Ux.Mx.-------
DL6,40.4033,-119.12,1357.6,79.0,,56.4,,,1.4,,,,,,Ux.Mx.-------
DL7,40.47,-119.12,1390.8,91.7,,65.5,,,1.4,,,,,,Ux.Mx.-------
DL8,40.4917,-119.21,1480.3,73.9,,52.8,,,1.4,,,,,,Ux.Mx.-------
DL9,40.5683,-119.18,1453.0,40.8,,29.1,,,1.4,,,,,,Ux.Mx.-------
DMNH KIOWA#1,39.3517,-104.47,1939.9,56.4,,30.0,,,1.9,,,,,,Ux.Mx.-------
DNR 85-1C,46.345,-121.59,1076.6,115.0,,56.1,,,2.0,,,,,,Ux.Mx.-------
DNR 85-2,46.3383,-121.7,834.3,125.0,,63.2,,,2.0,,,,,,Ux.Mx.-------
DNR 85-3,46.3517,-121.55,1236.8,54.0,,34.5,,,1.5,,,,,,Ux.Mx.-------
DNR 85-4,46.105,-121.32,906.9,64.0,,47.8,,,1.3,,,,,,Ux.Mx.-------
DNR 85-5,46.0217,-121.6,993.4,26.0,,20.3,,,1.3,,,,,,Ux.Mx.-------
DNR 88-1,46.7233,-121.51,1004.9,149.0,,51.7,,,2.9,,,,,,Ux.Mx.-------
DNR 88-3,46.39,-121.54,1019.3,145.0,,58.0,,,2.4,,,,,,Ux.Mx.-------
DNR 88-4,46.2967,-121.71,990.9,75.0,,56.9,,,1.4,,,,,,Ux.Mx.-------
DNR 88-6,46.225,-121.66,1055.3,85.0,,49.5,,,1.6,,,,,,Ux.Mx.-------
DNR 88-7,46.195,-121.83,707.7,60.0,,34.8,,,2.2,,,,,,Ux.Mx.-------
DNR 88-8,45.8033,-121.67,593.6,50.0,,33.6,,,1.4,,,,,,Ux.Mx.-------
DNR-CCWR,46.6517,-121.33,1197.6,132.0,,65.3,,,2.0,,,,,,Ux.Mx.-------
DNR-CRB,46.96,-118.79,452.5,68.0,,42.5,,,1.6,,,,,,Ux.Mx.-------
DNRGOULD,46.14,-119.63,331.7,56.0,,35.0,,,1.6,,,,,,Ux.Mx.-------
DNR-KID3,46.2467,-119.4,254.3,69.0,,43.1,,,1.6,,,,,,Ux.Mx.-------
DNRMCR1,45.9617,-119.88,228.2,78.0,,48.9,,,1.6,,,,,,Ux.Mx.-------
DNR-SCN1,47.7117,-121.14,947.3,138.0,,67.2,,,2.1,,,,,,Ux.Mx.-------
DNR-SCN2,47.72,-121.12,1008.9,98.0,,36.5,,,2.7,,,,,,Ux.Mx.-------
DNR-SNQ1,47.425,-121.41,994.2,49.0,,16.7,,,3.0,,,,,,Ux.Mx.-------
DNR-SRDG,46.65,-121.28,1083.5,111.0,,43.5,,,2.6,,,,,,Ux.Mx.-------
DNR-WTRV,47.025,-121.7,828.2,58.0,,24.2,,,2.4,,,,,,Ux.Mx.-------
Dobbins 1,35.79,-98.8,552.3,35.0,,21.8,,,1.6,,,,,,Ux.Mx.-------
DOE TST6,47.5783,-118.27,718.8,85.0,,53.3,,,1.6,,,,,,Ux.Mx.-------
DOE TST7,45.9167,-120.19,678.2,44.0,,27.2,,,1.6,,,,,,Ux.Mx.-------
DOGAMI-B,42.2183,-122.74,577.8,105.0,,56.3,,,1.9,,,,,,Ux.Mx.-------
DOGAMI-D,42.2,-122.71,575.0,108.0,,59.9,,,1.8,,,,,,Ux.Mx.-------
DOGMI-BF,42.2183,-122.74,577.8,105.0,,56.3,,,1.9,,,,,,Ux.Mx.-------
DOGMI-CC,42.1183,-122.38,1094.4,50.0,,40.4,,,1.2,,,,,,Ux.Mx.-------
DOGMI-JC,42.195,-122.7,584.7,55.0,,31.1,,,1.8,,,,,,Ux.Mx.-------
DOGMI-OC,42.1883,-122.69,609.3,45.0,,25.7,,,1.8,,,,,,Ux.Mx.-------
DOGMI-RG,42.18,-122.67,631.0,47.0,,28.6,,,1.7,,,,,,Ux.Mx.-------
DORT,36.5283,-76.88,14.2,61.0,,23.2,,,2.6,,,,,,Ux.Mx.-------
DOS,32.1783,-109.59,1651.4,51.0,,16.2,,,3.3,,,,,,Ux.Mx.-------
DOVER,39.1117,-75.46,4.3,62.0,,49.1,,,1.3,,,,,,Ux.Mx.-------
DOW1,39.7667,-118.09,1056.3,68.8,,38.2,,,1.8,,,,,,Ux.Mx.-------
DP 29-1,39.74,-118.97,1306.3,27.3,,18.2,,,1.5,,,,,,Ux.Mx.-------
DP 29-1,39.74,-118.97,1306.3,109.0,,18.2,,,6.0,,,,,,Ux.Mx.-------
DRP,70.88,-153.9,3.1,64.0,,38.0,,,1.7,,,,,,Ux.Mx.-------
DT-1,32.2833,-106.72,1263.2,77.0,,35.0,,,2.2,,,,,,Ux.Mx.-------
DUNDAS,46.595,-112.1,1308.4,64.4,,46.0,,,1.4,,,,,,Ux.Mx.-------
DUNLIETH,33.4083,-90.83,35.0,56.0,,29.0,,,1.9,,,,,,Ux.Mx.-------
DV1 (OPC-D1),40.1033,-117.66,1138.7,42.6,,23.7,,,1.8,,,,,,Ux.Mx.-------
DV-10,39.69,-117.97,1112.4,90.1,,40.0,,,2.2,,,,,,Ux.Mx.-------
DV11,39.6733,-118.15,1075.7,81.9,,45.5,,,1.8,,,,,,Ux.Mx.-------
DV12,39.5767,-118.15,1110.4,65.5,,36.4,,,1.8,,,,,,Ux.Mx.-------
DV2 (OPC-D2),40.1133,-117.58,1167.7,134.3,,74.6,,,1.8,,,,,,Ux.Mx.-------
DV21,39.7033,-118.19,1248.3,22.9,,12.7,,,1.8,,,,,,Ux.Mx.-------
DV23,39.635,-118.08,1071.7,88.5,,49.1,,,1.8,,,,,,Ux.Mx.-------
DV24,39.5767,-118.07,1168.5,45.0,,20.0,,,2.2,,,,,,Ux.Mx.-------
DV3 (OPC-D3),40.0717,-117.59,1178.0,111.4,,61.9,,,1.8,,,,,,Ux.Mx.-------
DV-401,39.9767,-117.82,1053.3,104.5,,74.6,,,1.4,,,,,,Ux.Mx.-------
DV-6,39.9283,-117.66,1236.2,35.0,,20.0,,,1.8,,,,,,Ux.Mx.-------
DV-7,39.85,-117.71,1301.2,81.9,,36.4,,,2.2,,,,,,Ux.Mx.-------
DV-8,39.9017,-117.76,1117.6,147.4,,65.5,,,2.2,,,,,,Ux.Mx.-------
DVCK-8&9,37.7833,-108.77,2123.1,149.0,,57.0,,,2.8,,,,,,Ux.Mx.-------
E-01,38.3033,-117.82,1633.4,56.1,,40.0,,,1.4,,,,,,Ux.Mx.-------
E-02,38.285,-117.84,1705.1,61.2,,43.7,,,1.4,,,,,,Ux.Mx.-------
E-1,33.5683,-116.62,1358.0,59.0,,27.0,,,2.2,,,,,,Ux.Mx.-------
E-3,33.6167,-116.42,1043.5,39.0,,17.0,,,2.3,,,,,,Ux.Mx.-------
EAGLE CO,39.5167,-106.65,3139.0,103.0,,24.8,,,4.2,,,,,,Ux.Mx.-------
EAGLE MT,33.8667,-115.43,276.5,54.0,,19.9,,,2.7,,,,,,Ux.Mx.-------
EAHILL 1,41.9333,-77.85,585.0,62.0,,38.5,,,1.6,,,,,,Ux.Mx.-------
EASTVILL,37.355,-75.99,3.4,59.0,,25.1,,,2.3,,,,,,Ux.Mx.-------
EBNER 1,45.8367,-122.53,113.2,41.0,,25.6,,,1.6,,,,,,Ux.Mx.-------
ECKBERG2,35.9483,-106.25,2126.2,50.3,,35.9,,,1.4,,,,,,Ux.Mx.-------
ED-11,37.88,-113.2,1691.4,93.0,,50.0,,,1.9,,,,,,Ux.Mx.-------
ED-4,37.615,-113.52,1738.8,102.0,,51.0,,,2.0,,,,,,Ux.Mx.-------
ED-9,37.8833,-113.44,1602.8,67.0,,46.0,,,1.4,,,,,,Ux.Mx.-------
EDC-1,37.8383,-113.55,1562.7,58.0,,41.0,,,1.4,,,,,,Ux.Mx.-------
EDC-2,37.875,-113.62,1566.9,43.0,,31.0,,,1.4,,,,,,Ux.Mx.-------
EDC-3,37.8383,-113.69,1569.6,96.0,,68.0,,,1.4,,,,,,Ux.Mx.-------
EDC-4,37.835,-113.63,1566.8,92.0,,66.0,,,1.4,,,,,,Ux.Mx.-------
EDE-1,37.885,-113.33,1583.0,42.0,,30.0,,,1.4,,,,,,Ux.Mx.-------
EDMUND,45.6683,-117.84,959.7,63.0,,39.2,,,1.6,,,,,,Ux.Mx.-------
EDV-2,39.9733,-117.71,1111.5,96.8,,69.2,,,1.4,,,,,,Ux.Mx.-------
EDV-3,39.9617,-117.72,1115.5,91.7,,65.5,,,1.4,,,,,,Ux.Mx.-------
EE-1,35.885,-106.67,2627.2,75.0,,30.0,,,2.5,,,,,,Ux.Mx.-------
EE-1,35.885,-106.67,2627.2,150.0,,60.0,,,2.5,,,,,,Ux.Mx.-------
EKU,68.84,-153.3,402.4,44.0,,26.3,,,1.7,,,,,,Ux.Mx.-------
EL-01,40.5717,-115.87,1700.8,25.5,,18.2,,,1.4,,,,,,Ux.Mx.-------
EL-02,41.605,-116.03,2186.7,66.2,,47.3,,,1.4,,,,,,Ux.Mx.-------
EL-05,41.0567,-115.26,1633.4,101.9,,72.8,,,1.4,,,,,,Ux.Mx.-------
EL-07,41.725,-115.74,2085.9,89.2,,63.7,,,1.4,,,,,,Ux.Mx.-------
EL-08,41.84,-115.87,1961.6,56.1,,40.0,,,1.4,,,,,,Ux.Mx.-------
EL-12,41.8117,-115.9,1863.9,76.4,,54.6,,,1.4,,,,,,Ux.Mx.-------
EL-14,41.8117,-115.98,1870.6,25.5,,18.2,,,1.4,,,,,,Ux.Mx.-------
EL-17,41.7283,-116.89,1614.8,71.3,,51.0,,,1.4,,,,,,Ux.Mx.-------
EL-18,41.8267,-116.96,1618.1,63.7,,45.5,,,1.4,,,,,,Ux.Mx.-------
EL-19,41.5533,-116.63,1645.9,43.3,,30.9,,,1.4,,,,,,Ux.Mx.-------
EL-22,41.5133,-117.0,1581.4,73.9,,52.8,,,1.4,,,,,,Ux.Mx.-------
EL-26,41.815,-116.95,1616.9,84.1,,60.1,,,1.4,,,,,,Ux.Mx.-------
EL-29,41.6117,-116.85,1616.0,99.4,,71.0,,,1.4,,,,,,Ux.Mx.-------
EL-30,41.6817,-116.98,1673.0,63.7,,45.5,,,1.4,,,,,,Ux.Mx.-------
EL-31,41.8133,-116.98,1623.0,35.7,,25.5,,,1.4,,,,,,Ux.Mx.-------
EL-35,40.3783,-115.03,1994.1,86.6,,61.9,,,1.4,,,,,,Ux.Mx.-------
ELDER CK,40.6833,-117.07,1555.2,139.0,,35.1,,,4.0,,,,,,Ux.Mx.-------
ELIZABET,44.2167,-73.53,201.1,35.0,,18.3,,,1.9,,,,,,Ux.Mx.-------
ELK HL-1,35.295,-119.54,387.8,49.0,,30.8,,,1.7,,,,,,Ux.Mx.-------
ELK HL-2,35.2717,-119.42,334.8,53.0,,29.0,,,1.8,,,,,,Ux.Mx.-------
ELKINS,36.03,-93.95,413.7,31.0,,20.4,,,1.5,,,,,,Ux.Mx.-------
ELLIOTT,33.695,-89.72,71.0,36.0,,13.3,,,2.7,,,,,,Ux.Mx.-------
ELY 3,47.8167,-91.72,454.0,33.0,,18.2,,,1.8,,,,,,Ux.Mx.-------
EM1,40.745,-118.6,1595.2,48.4,,25.5,,,1.9,,,,,,Ux.Mx.-------
EM-11,41.15,-118.12,1273.3,84.1,,60.1,,,1.4,,,,,,Ux.Mx.-------
EM-12,41.0717,-117.9,1272.4,94.3,,67.3,,,1.4,,,,,,Ux.Mx.-------
EM-13,41.1083,-118.04,1388.7,89.2,,63.7,,,1.4,,,,,,Ux.Mx.-------
EM-14,41.16,-117.93,1368.5,66.2,,47.3,,,1.4,,,,,,Ux.Mx.-------
EM-2,40.8117,-118.48,1668.3,69.2,,36.4,,,1.9,,,,,,Ux.Mx.-------
EM-4,40.8117,-118.36,1294.6,114.1,,60.1,,,1.9,,,,,,Ux.Mx.-------
EM-5,40.8117,-118.28,1359.7,100.3,,52.8,,,1.9,,,,,,Ux.Mx.-------
EM-6,40.9117,-118.27,1273.9,107.2,,56.4,,,1.9,,,,,,Ux.Mx.-------
EM-7,40.9067,-118.14,1356.5,58.8,,30.9,,,1.9,,,,,,Ux.Mx.-------
EM-8,41.0267,-118.28,1269.8,73.9,,52.8,,,1.4,,,,,,Ux.Mx.-------
EM-9,40.9983,-118.19,1274.4,72.6,,38.2,,,1.9,,,,,,Ux.Mx.-------
EMM-1,38.4733,-112.67,2218.5,41.8,,18.0,,,2.4,,,,,,Ux.Mx.-------
ENCLR 1,41.8667,-78.0,629.0,55.0,,35.2,,,1.6,,,,,,Ux.Mx.-------
ENGELHAR,35.52,-75.99,0.9,52.0,,32.6,,,1.6,,,,,,Ux.Mx.-------
Enyart #111,37.7967,-96.95,424.9,47.1,,28.7,,,1.6,,,,,,Ux.Mx.-------
EP-101-7,41.88,-118.75,1299.0,84.0,,60.0,,,1.4,,,,,,Ux.Mx.-------
EP-122,41.9083,-118.7,1338.3,56.0,,40.0,,,1.4,,,,,,Ux.Mx.-------
EP-143,41.8367,-118.92,1832.5,50.1,,21.8,,,2.3,,,,,,Ux.Mx.-------
EP-144,41.8433,-118.89,1687.6,52.7,,22.9,,,2.3,,,,,,Ux.Mx.-------
EP-145,41.845,-118.87,1442.3,142.2,,67.7,,,2.1,,,,,,Ux.Mx.-------
EP-147,41.8117,-118.87,1571.7,63.7,,45.5,,,1.4,,,,,,Ux.Mx.-------
EP-151A,41.785,-118.89,1633.1,95.6,,47.8,,,2.0,,,,,,Ux.Mx.-------
EP-154,41.8,-118.95,1768.0,96.9,,69.2,,,1.4,,,,,,Ux.Mx.-------
EP-155,41.785,-118.95,1752.4,45.9,,32.8,,,1.4,,,,,,Ux.Mx.-------
EP-156,41.725,-118.96,1852.4,101.9,,72.8,,,1.4,,,,,,Ux.Mx.-------
EP-172,41.805,-118.72,1354.2,59.1,,42.2,,,1.4,,,,,,Ux.Mx.-------
EP-187,41.7017,-118.46,1425.9,64.0,,40.0,,,1.6,,,,,,Ux.Mx.-------
EP-189,41.675,-118.45,1375.2,96.9,,69.2,,,1.4,,,,,,Ux.Mx.-------
EP-195,41.8,-118.91,1869.3,47.6,,31.7,,,1.5,,,,,,Ux.Mx.-------
EP2,42.9017,-116.14,879.2,105.0,,75.0,,,1.4,,,,,,Ux.Mx.-------
EP-219,41.73,-118.92,1420.9,117.6,,73.5,,,1.6,,,,,,Ux.Mx.-------
EP-2791,41.815,-118.91,1866.5,46.7,,31.1,,,1.5,,,,,,Ux.Mx.-------
EP-2791,41.815,-118.91,1866.5,104.9,,69.9,,,1.5,,,,,,Ux.Mx.-------
EP7,42.9117,-116.16,873.0,86.8,,62.0,,,1.4,,,,,,Ux.Mx.-------
ERQU VL,33.0883,-116.49,759.3,55.0,,24.7,,,2.2,,,,,,Ux.Mx.-------
ER-WW,43.9317,-122.91,262.8,41.0,,34.6,,,1.2,,,,,,Ux.Mx.-------
ER-WW,42.2183,-117.87,1464.2,88.0,,75.0,,,1.2,,,,,,Ux.Mx.-------
ES1,70.92,-154.62,1.3,79.0,,45.3,,,1.8,,,,,,Ux.Mx.-------
ES12,30.9917,-105.04,1371.6,80.1,,36.4,,,2.2,,,,,,Ux.Mx.-------
ES16,30.96,-104.99,1291.2,145.6,,72.8,,,2.0,,,,,,Ux.Mx.-------
ES18,30.9633,-105.02,1338.5,32.8,,18.2,,,1.8,,,,,,Ux.Mx.-------
ES2,70.98,-154.67,1.4,73.0,,42.2,,,1.7,,,,,,Ux.Mx.-------
ES32,31.1,-105.11,1357.2,72.8,,36.4,,,2.0,,,,,,Ux.Mx.-------
ES40,31.0617,-105.09,1328.9,36.4,,18.2,,,2.0,,,,,,Ux.Mx.-------
ES46,31.0483,-105.07,1323.1,36.4,,18.2,,,2.0,,,,,,Ux.Mx.-------
ETK,70.57,-152.94,0.8,90.0,,48.3,,,1.9,,,,,,Ux.Mx.-------
EU1,40.8133,-116.2,1716.2,124.5,,65.5,,,1.9,,,,,,Ux.Mx.-------
EU2,40.8333,-116.21,1656.2,83.0,,43.7,,,1.9,,,,,,Ux.Mx.-------
EU3,40.7267,-116.25,1953.7,38.0,,20.0,,,1.9,,,,,,Ux.Mx.-------
EUCHRE,42.0867,-120.06,1803.6,89.5,,63.9,,,1.4,,,,,,Ux.Mx.-------
EUREKA,39.5,-115.98,2146.8,27.0,,10.3,,,3.5,,,,,,Ux.Mx.-------
EUTAW,32.835,-87.89,55.3,21.0,,10.7,,,2.0,,,,,,Ux.Mx.-------
EV4113,38.4067,-112.83,2157.6,61.6,,44.0,,,1.4,,,,,,Ux.Mx.-------
EV4115,38.4083,-112.83,2138.4,51.8,,37.0,,,1.4,,,,,,Ux.Mx.-------
EVADALE,35.5517,-90.09,69.1,44.0,,15.8,,,2.8,,,,,,Ux.Mx.-------
EVG-1,37.9817,-113.63,1699.9,109.2,,78.0,,,1.4,,,,,,Ux.Mx.-------
EVG-12,37.795,-113.73,1579.0,56.0,,40.0,,,1.4,,,,,,Ux.Mx.-------
EVG-14,37.7783,-113.78,1593.7,53.2,,38.0,,,1.4,,,,,,Ux.Mx.-------
EVG-17,37.76,-113.82,1608.6,28.0,,20.0,,,1.4,,,,,,Ux.Mx.-------
EVG-18,37.7583,-113.78,1595.5,46.2,,33.0,,,1.4,,,,,,Ux.Mx.-------
EVG-2,37.98,-113.62,1680.0,64.4,,46.0,,,1.4,,,,,,Ux.Mx.-------
EVG-3,37.9567,-113.74,1700.7,98.0,,70.0,,,1.4,,,,,,Ux.Mx.-------
EVG-8,37.8417,-113.72,1573.2,84.0,,60.0,,,1.4,,,,,,Ux.Mx.-------
EVG-9,37.8317,-113.66,1567.6,88.2,,63.0,,,1.4,,,,,,Ux.Mx.-------
EWEB-2,44.545,-121.96,1242.3,97.0,,71.4,,,1.4,,,,,,Ux.Mx.-------
EWEB-6,44.905,-121.88,912.9,107.0,,71.5,,,1.5,,,,,,Ux.Mx.-------
EX11,38.385,-118.58,1793.7,33.0,,11.0,,,3.0,,,,,,Ux.Mx.-------
EX23,38.3333,-118.59,1842.8,121.0,,41.0,,,3.0,,,,,,Ux.Mx.-------
EX38,38.275,-118.61,1931.4,100.0,,64.0,,,1.6,,,,,,Ux.Mx.-------
F,41.39,-116.13,1733.2,142.0,,56.0,,,2.5,,,,,,Ux.Mx.-------
F1,39.4833,-118.72,1205.2,76.4,,54.6,,,1.4,,,,,,Ux.Mx.-------
F11,39.375,-118.8,1205.0,109.6,,78.3,,,1.4,,,,,,Ux.Mx.-------
F-11,40.9333,-119.32,1243.4,46.0,,57.2,,,0.8,,,,,,Ux.Mx.-------
F12,39.3967,-118.8,1207.6,79.0,,56.4,,,1.4,,,,,,Ux.Mx.-------
F-12,40.975,-119.33,1276.5,54.0,,63.3,,,0.8,,,,,,Ux.Mx.-------
F13,39.3983,-118.78,1205.5,86.6,,61.9,,,1.4,,,,,,Ux.Mx.-------
F14,39.4233,-118.8,1210.9,76.4,,54.6,,,1.4,,,,,,Ux.Mx.-------
F15,39.2817,-118.79,1197.1,79.0,,56.4,,,1.4,,,,,,Ux.Mx.-------
F20,39.5633,-118.63,1192.0,84.1,,60.1,,,1.4,,,,,,Ux.Mx.-------
F23,39.6467,-118.53,1185.8,56.1,,40.0,,,1.4,,,,,,Ux.Mx.-------
F26,39.475,-118.61,1196.8,61.2,,43.7,,,1.4,,,,,,Ux.Mx.-------
F27,39.3317,-118.63,1231.0,89.2,,63.7,,,1.4,,,,,,Ux.Mx.-------
F28,39.2967,-118.65,1196.4,71.4,,51.0,,,1.4,,,,,,Ux.Mx.-------
F-4,40.8,-119.33,1219.4,37.0,,40.3,,,0.9,,,,,,Ux.Mx.-------
F5,39.4533,-118.74,1206.8,101.9,,72.8,,,1.4,,,,,,Ux.Mx.-------
F-5,40.8333,-119.33,1210.5,71.0,,51.0,,,1.4,,,,,,Ux.Mx.-------
F6,39.3883,-118.72,1198.7,112.0,,80.0,,,1.4,,,,,,Ux.Mx.-------
FAYETVLL,36.1167,-94.01,382.5,29.0,,17.9,,,1.6,,,,,,Ux.Mx.-------
FCK,70.33,-152.06,29.8,69.0,,39.3,,,1.8,,,,,,Ux.Mx.-------
FC-WW,43.76,-122.43,548.6,47.0,,36.5,,,1.2,,,,,,Ux.Mx.-------
FED14-36,39.295,-118.58,1288.7,56.0,,40.0,,,1.4,,,,,,Ux.Mx.-------
FED1NM,36.7333,-108.28,1623.7,69.0,,33.5,,,2.2,,,,,,Ux.Mx.-------
FEDERAL 60-13 #1,42.985,-116.29,840.0,76.0,,39.8,,,1.9,,,,,,Ux.Mx.-------
FEDERAL1,38.6833,-109.43,1281.7,94.0,,34.2,,,2.8,,,,,,Ux.Mx.-------
Feikes 1,35.99,-98.73,587.3,29.0,,22.2,,,1.3,,,,,,Ux.Mx.-------
FERRISFL,42.1667,-107.13,2139.8,59.0,,34.8,,,1.7,,,,,,Ux.Mx.-------
FIC,35.3517,-116.05,361.0,91.0,,33.7,,,2.7,,,,,,Ux.Mx.-------
FIG. 17,31.93,-95.45,106.2,99.7,,49.9,,,2.0,,,,,,Ux.Mx.-------
FIG. 18,31.93,-95.45,106.2,78.4,,39.2,,,2.0,,,,,,Ux.Mx.-------
FIG. 19,31.93,-95.45,106.2,110.0,,55.0,,,2.0,,,,,,Ux.Mx.-------
FIG. 20,31.955,-95.44,97.8,87.7,,43.9,,,2.0,,,,,,Ux.Mx.-------
FIG. 21,33.6,-96.14,171.9,61.3,,37.9,,,1.6,,,,,,Ux.Mx.-------
FIG. 22,33.45,-96.29,201.3,46.5,,26.0,,,1.8,,,,,,Ux.Mx.-------
FIG. 23,32.6,-96.66,129.9,49.4,,30.9,,,1.6,,,,,,Ux.Mx.-------
FIG. 24,32.35,-96.64,164.2,55.4,,33.0,,,1.7,,,,,,Ux.Mx.-------
FIG. 25,33.38,-96.06,213.1,61.3,,36.1,,,1.7,,,,,,Ux.Mx.-------
FIG. 26,33.37,-96.08,200.9,63.5,,35.8,,,1.8,,,,,,Ux.Mx.-------
FIG. 27,33.75,-96.65,233.0,40.6,,24.5,,,1.7,,,,,,Ux.Mx.-------
FIG. 28,33.64,-96.6,230.2,43.7,,26.4,,,1.7,,,,,,Ux.Mx.-------
FIG. 29,31.65,-96.52,170.0,44.3,,22.2,,,2.0,,,,,,Ux.Mx.-------
FIG. 30,31.65,-96.52,170.0,82.6,,41.3,,,2.0,,,,,,Ux.Mx.-------
FIG. 31,31.65,-96.52,170.0,77.4,,38.7,,,2.0,,,,,,Ux.Mx.-------
FIG. 32,33.14,-96.1,164.4,57.3,,33.5,,,1.7,,,,,,Ux.Mx.-------
FIG. 33,31.75,-96.5,150.0,75.5,,37.8,,,2.0,,,,,,Ux.Mx.-------
FIG. 34,31.75,-96.5,150.0,74.7,,37.3,,,2.0,,,,,,Ux.Mx.-------
FIG. 35,31.78,-96.56,140.6,71.7,,35.9,,,2.0,,,,,,Ux.Mx.-------
FIG. 36,31.76,-96.5,149.2,83.5,,41.7,,,2.0,,,,,,Ux.Mx.-------
FIG. 37,32.0267,-96.39,134.1,75.6,,37.8,,,2.0,,,,,,Ux.Mx.-------
FIG. 38,32.02,-96.38,130.7,50.0,,25.0,,,2.0,,,,,,Ux.Mx.-------
FIG. 39,31.78,-96.44,138.4,74.4,,37.2,,,2.0,,,,,,Ux.Mx.-------
FIG. 40,31.78,-96.45,139.8,71.0,,35.5,,,2.0,,,,,,Ux.Mx.-------
FIG. 41,32.1,-96.37,105.6,56.0,,28.0,,,2.0,,,,,,Ux.Mx.-------
FIG. 42,32.11,-96.28,112.6,56.3,,28.1,,,2.0,,,,,,Ux.Mx.-------
FIG. 43,32.05,-96.38,125.3,89.4,,44.7,,,2.0,,,,,,Ux.Mx.-------
FIG. 44,32.05,-96.38,125.3,57.3,,28.7,,,2.0,,,,,,Ux.Mx.-------
FIG. 45,32.12,-96.28,112.8,79.1,,39.5,,,2.0,,,,,,Ux.Mx.-------
FIG. 46,32.11,-96.28,112.6,55.2,,27.6,,,2.0,,,,,,Ux.Mx.-------
FIG. 47,32.1,-96.37,105.6,59.8,,29.9,,,2.0,,,,,,Ux.Mx.-------
FIG. 48,32.13,-96.28,112.4,84.4,,42.2,,,2.0,,,,,,Ux.Mx.-------
FIG. 49,32.75,-95.07,143.4,57.1,,28.5,,,2.0,,,,,,Ux.Mx.-------
FIG. 50,32.67,-95.73,142.8,60.4,,30.2,,,2.0,,,,,,Ux.Mx.-------
FIG. 51,32.67,-95.73,142.8,63.0,,31.5,,,2.0,,,,,,Ux.Mx.-------
FIG. 52,32.67,-95.73,142.8,67.0,,33.5,,,2.0,,,,,,Ux.Mx.-------
FIG. 53,32.75,-95.07,143.4,74.9,,37.5,,,2.0,,,,,,Ux.Mx.-------
FIG. 54,32.67,-95.73,142.8,65.6,,32.8,,,2.0,,,,,,Ux.Mx.-------
FIG. 55,32.67,-95.73,142.8,62.5,,31.2,,,2.0,,,,,,Ux.Mx.-------
FIG. 56,32.67,-95.73,142.8,76.7,,38.3,,,2.0,,,,,,Ux.Mx.-------
FINLAYM1,31.3583,-105.62,1423.1,110.0,,44.0,,,2.5,,,,,,Ux.Mx.-------
FINLEY,41.4583,-106.67,2207.2,86.0,,34.7,,,2.5,,,,,,Ux.Mx.-------
FINN1-4,39.7333,-96.64,404.6,69.1,,27.8,,,2.5,,,,,,Ux.Mx.-------
Finney #2,37.805,-96.9,415.0,53.3,,32.9,,,1.6,,,,,,Ux.Mx.-------
FISH-CRK,45.1183,-122.16,526.3,95.0,,66.7,,,1.4,,,,,,Ux.Mx.-------
FLATHEAD #3,39.04,-103.05,1547.0,65.0,,48.2,,,1.4,,,,,,Ux.Mx.-------
FLETCHRG,40.0833,-108.62,1949.1,73.0,,28.5,,,2.6,,,,,,Ux.Mx.-------
FLORNC 3,33.065,-111.42,467.9,89.0,,33.2,,,2.7,,,,,,Ux.Mx.-------
FLP-1,37.9167,-117.98,1483.8,101.9,,72.8,,,1.4,,,,,,Ux.Mx.-------
FOH-3,39.3833,-118.68,1196.9,95.2,,56.0,,,1.7,,,,,,Ux.Mx.-------
FQ46,29.9033,-104.66,841.1,54.6,,27.3,,,2.0,,,,,,Ux.Mx.-------
FR-01,39.8883,-119.13,1438.9,104.5,,74.6,,,1.4,,,,,,Ux.Mx.-------
FR-08,39.9567,-119.01,1402.2,81.5,,58.2,,,1.4,,,,,,Ux.Mx.-------
FR-09,39.9567,-119.02,1406.5,28.0,,20.0,,,1.4,,,,,,Ux.Mx.-------
FR-10,39.94,-119.02,1425.8,81.5,,58.2,,,1.4,,,,,,Ux.Mx.-------
Frankfort #1,39.7333,-96.36,372.3,41.9,,21.4,,,2.0,,,,,,Ux.Mx.-------
Franks #1,39.7283,-96.35,371.9,42.2,,19.0,,,2.2,,,,,,Ux.Mx.-------
FRANZ,47.0033,-118.81,436.7,31.0,,19.1,,,1.6,,,,,,Ux.Mx.-------
FRED-TWN,37.5417,-90.3,242.4,24.0,,10.2,,,2.4,,,,,,Ux.Mx.-------
Freiderich,39.465,-96.89,399.8,62.2,,26.2,,,2.4,,,,,,Ux.Mx.-------
FREMONT,41.4917,-96.56,376.8,56.0,,23.2,,,2.4,,,,,,Ux.Mx.-------
FRMTNRWW,45.625,-121.48,517.8,65.3,,42.1,,,1.5,,,,,,Ux.Mx.-------
FS-DRSWW,44.7283,-122.18,566.8,61.0,,52.0,,,1.2,,,,,,Ux.Mx.-------
FT BRAGG,39.4333,-123.73,114.3,84.0,,48.3,,,1.7,,,,,,Ux.Mx.-------
FT WAL B,30.3983,-86.6,-3.0,37.0,,28.7,,,1.3,,,,,,Ux.Mx.-------
FTHALL-1,43.0067,-112.28,1468.0,88.0,,52.8,,,1.7,,,,,,Ux.Mx.-------
FTHALL-2,43.0617,-112.35,1430.6,75.0,,45.0,,,1.7,,,,,,Ux.Mx.-------
FU 1,42.3167,-117.9,1727.1,71.0,,40.6,,,1.7,,,,,,Ux.Mx.-------
Full10,30.145,-104.64,1018.8,69.2,,36.4,,,1.9,,,,,,Ux.Mx.-------
FW03,43.635,-111.09,1897.8,44.8,,32.0,,,1.4,,,,,,Ux.Mx.-------
FW-03,41.7717,-114.55,2048.9,58.6,,41.9,,,1.4,,,,,,Ux.Mx.-------
FW05,43.625,-111.07,2096.4,72.8,,52.0,,,1.4,,,,,,Ux.Mx.-------
FW09,43.6167,-111.1,1881.0,41.0,,29.3,,,1.4,,,,,,Ux.Mx.-------
G10,40.945,-117.47,1353.7,73.7,,32.8,,,2.2,,,,,,Ux.Mx.-------
G11,40.94,-117.46,1355.5,57.3,,25.5,,,2.2,,,,,,Ux.Mx.-------
G278J5,42.14,-111.97,1443.6,79.0,,41.3,,,1.9,,,,,,Ux.Mx.-------
G278J7,42.1283,-111.94,1410.1,96.0,,50.2,,,1.9,,,,,,Ux.Mx.-------
G278J9,42.12,-111.94,1404.2,20.0,,10.0,,,2.0,,,,,,Ux.Mx.-------
G9,40.9533,-117.51,1356.5,122.9,,54.6,,,2.2,,,,,,Ux.Mx.-------
GADIAH,36.0333,-110.52,1824.8,77.0,,24.7,,,3.5,,,,,,Ux.Mx.-------
GALIST,35.4167,-106.0,1872.1,62.0,,30.9,,,2.0,,,,,,Ux.Mx.-------
GALLUP,35.65,-108.52,2188.6,67.0,,22.8,,,3.0,,,,,,Ux.Mx.-------
GALPW1,35.55,-108.77,2017.1,85.0,,32.3,,,2.6,,,,,,Ux.Mx.-------
GAP1,40.2633,-116.73,1622.4,90.1,,27.3,,,3.3,,,,,,Ux.Mx.-------
GAR2,37.645,-122.01,351.1,140.0,,49.0,,,2.9,,,,,,Ux.Mx.-------
GARCIA 1,35.955,-106.24,2103.9,74.9,,53.5,,,1.4,,,,,,Ux.Mx.-------
GARCIALK,34.53,-108.45,2132.3,52.0,,17.5,,,3.0,,,,,,Ux.Mx.-------
GB-16,43.5617,-120.0,1422.6,107.0,,76.4,,,1.4,,,,,,Ux.Mx.-------
GB-16,43.5467,-119.99,1521.6,66.2,,47.3,,,1.4,,,,,,Ux.Mx.-------
GB-20,43.5183,-120.15,1406.3,63.7,,45.5,,,1.4,,,,,,Ux.Mx.-------
GB-3 AMINOIL,43.4733,-119.89,1450.9,128.9,,63.2,,,2.0,,,,,,Ux.Mx.-------
GB-31,43.5183,-120.0,1568.4,103.6,,71.0,,,1.5,,,,,,Ux.Mx.-------
GB-4-AMIN,43.5483,-119.84,1451.7,69.5,,39.7,,,1.8,,,,,,Ux.Mx.-------
GB-AMIN-14CD,43.6533,-119.92,1306.8,77.4,,74.4,,,1.0,,,,,,Ux.Mx.-------
GB-AMIN-20AA,43.4833,-120.1,1391.0,81.2,,77.3,,,1.0,,,,,,Ux.Mx.-------
GBP-1,40.54,-116.59,1644.9,146.0,,67.9,,,2.2,,,,,,Ux.Mx.-------
GBP-10,40.5517,-116.54,1617.4,117.0,,72.8,,,1.6,,,,,,Ux.Mx.-------
GBP-12,40.5583,-116.53,1583.3,126.0,,76.4,,,1.6,,,,,,Ux.Mx.-------
GBP-13,40.565,-116.52,1564.1,96.0,,60.1,,,1.6,,,,,,Ux.Mx.-------
GBP-14,40.5717,-116.52,1538.0,68.7,,49.1,,,1.4,,,,,,Ux.Mx.-------
GBP-9,40.5467,-116.55,1653.2,109.0,,55.6,,,2.0,,,,,,Ux.Mx.-------
GBS,36.2667,-114.2,1215.9,67.0,,19.1,,,3.5,,,,,,Ux.Mx.-------
GB-ST#3,43.5083,-119.96,1511.6,89.2,,63.7,,,1.4,,,,,,Ux.Mx.-------
GB-ST#4,43.545,-120.01,1479.6,89.2,,63.7,,,1.4,,,,,,Ux.Mx.-------
GB-STRAT-3,43.535,-119.92,1448.0,86.6,,61.9,,,1.4,,,,,,Ux.Mx.-------
GB-STRAT-4,43.5117,-119.95,1534.8,86.6,,61.9,,,1.4,,,,,,Ux.Mx.-------
GC,58.075,-134.62,601.4,88.0,,19.6,,,4.5,,,,,,Ux.Mx.-------
GDS-1,40.9667,-117.48,1328.2,128.0,,64.0,,,2.0,,,,,,Ux.Mx.-------
GDS-2,41.0667,-117.51,1329.4,108.0,,60.0,,,1.8,,,,,,Ux.Mx.-------
GDS-3,41.1,-117.02,1391.2,77.4,,43.0,,,1.8,,,,,,Ux.Mx.-------
GEBO FLD,43.8,-108.23,1354.5,67.0,,39.5,,,1.7,,,,,,Ux.Mx.-------
GENVA1-9,43.09,-111.53,2076.1,126.1,,61.5,,,2.0,,,,,,Ux.Mx.-------
GEO-N-3,43.825,-121.25,1771.4,96.0,,53.2,,,1.8,,,,,,Ux.Mx.-------
GEO-NG27,38.9167,-122.88,511.7,146.0,,70.5,,,2.0,,,,,,Ux.Mx.-------
GERL#1,40.6133,-119.4,1193.7,98.0,,70.0,,,1.4,,,,,,Ux.Mx.-------
GERL#2,40.6183,-119.37,1193.4,76.4,,54.6,,,1.4,,,,,,Ux.Mx.-------
GGC-HS2,38.7983,-122.59,344.2,144.0,,71.2,,,2.3,,,,,,Ux.Mx.-------
GH-2,35.765,-106.64,2416.6,103.7,,54.6,,,1.9,,,,,,Ux.Mx.-------
GILFORD,43.5333,-71.43,250.6,45.0,,15.2,,,2.9,,,,,,Ux.Mx.-------
GINN1-13,40.5533,-116.62,1501.8,80.1,,18.2,,,4.4,,,,,,Ux.Mx.-------
GI-WW,44.77,-122.56,252.2,67.0,,53.2,,,1.3,,,,,,Ux.Mx.-------
GJR-WW,46.605,-120.38,486.3,42.0,,26.4,,,1.6,,,,,,Ux.Mx.-------
GLADE,38.95,-108.62,2149.6,60.0,,25.3,,,2.4,,,,,,Ux.Mx.-------
GLAMIS 5,33.0033,-115.25,27.5,127.0,,70.0,,,1.8,,,,,,Ux.Mx.-------
GLAMIS 7,33.04,-115.27,27.9,115.0,,70.0,,,1.6,,,,,,Ux.Mx.-------
GLAMIS11,33.0433,-115.06,146.7,148.0,,63.0,,,2.3,,,,,,Ux.Mx.-------
GLAMIS17,32.8883,-115.11,42.4,71.0,,29.0,,,2.5,,,,,,Ux.Mx.-------
GLB-1,43.8017,-123.88,59.8,36.8,,26.6,,,1.4,,,,,,Ux.Mx.-------
GLDN HLL,38.4017,-76.19,5.0,59.0,,55.1,,,1.1,,,,,,Ux.Mx.-------
GLENWOOD,34.3833,-93.83,356.1,46.0,,21.1,,,2.2,,,,,,Ux.Mx.-------
GLMEYER5,43.2133,-123.25,240.1,25.0,,15.6,,,1.6,,,,,,Ux.Mx.-------
GLUCK-WW,46.155,-118.68,265.2,60.0,,37.7,,,1.6,,,,,,Ux.Mx.-------
GMT,33.1633,-111.05,790.2,85.0,,33.0,,,2.7,,,,,,Ux.Mx.-------
GOFFSTOW,43.0167,-71.62,111.0,69.0,,20.6,,,3.3,,,,,,Ux.Mx.-------
GOLD ACR,40.2667,-116.75,1708.9,104.0,,27.2,,,3.8,,,,,,Ux.Mx.-------
GOLDEN,39.7833,-105.27,2160.3,67.0,,22.2,,,3.0,,,,,,Ux.Mx.-------
GOLDEN1,35.2667,-106.2,2085.8,52.0,,18.8,,,2.7,,,,,,Ux.Mx.-------
GOODMAN,43.45,-99.18,438.5,60.8,,50.7,,,1.2,,,,,,Ux.Mx.-------
GOODWIN,46.535,-122.48,206.2,32.0,,19.1,,,1.7,,,,,,Ux.Mx.-------
GORDON C,39.5667,-111.02,2200.9,82.0,,25.2,,,3.2,,,,,,Ux.Mx.-------
GR MTN C / GMC,34.5683,-117.11,1059.6,74.0,,23.4,,,3.2,,,,,,Ux.Mx.-------
GR-16,40.7667,-119.17,1191.8,21.0,,15.0,,,1.4,,,,,,Ux.Mx.-------
GR-8,40.7667,-119.15,1192.9,84.0,,60.0,,,1.4,,,,,,Ux.Mx.-------
GRA,40.705,-119.29,1191.7,71.0,,76.0,,,0.9,,,,,,Ux.Mx.-------
GRAFTON,43.5667,-72.03,424.0,57.0,,15.4,,,3.7,,,,,,Ux.Mx.-------
GRAHAM,33.4417,-115.14,514.0,38.0,,15.8,,,2.4,,,,,,Ux.Mx.-------
GRANEROS,37.9333,-104.82,1836.9,87.0,,19.8,,,4.4,,,,,,Ux.Mx.-------
GRANTHAM,43.4833,-72.13,348.9,73.0,,23.7,,,3.1,,,,,,Ux.Mx.-------
GRD,40.7717,-119.22,1191.3,59.0,,57.0,,,1.1,,,,,,Ux.Mx.-------
GREGST,39.5233,-119.75,1344.4,127.7,,67.2,,,1.9,,,,,,Ux.Mx.-------
GRH,40.8,-119.13,1190.1,67.0,,64.0,,,1.0,,,,,,Ux.Mx.-------
GRI-DV-1,39.9783,-117.83,1050.9,105.0,,49.0,,,2.1,,,,,,Ux.Mx.-------
GRIEB,45.6033,-119.6,332.8,59.0,,38.0,,,1.6,,,,,,Ux.Mx.-------
GRIMM,45.9017,-122.66,172.0,42.0,,32.1,,,1.3,,,,,,Ux.Mx.-------
GRJ,40.7717,-119.25,1192.0,67.0,,61.0,,,1.1,,,,,,Ux.Mx.-------
GRN,33.525,-111.66,453.3,77.0,,23.2,,,3.3,,,,,,Ux.Mx.-------
GRN-FRST,36.3183,-93.43,401.5,25.0,,11.3,,,2.2,,,,,,Ux.Mx.-------
GROUSE,41.5333,-113.7,1757.1,104.0,,33.0,,,3.1,,,,,,Ux.Mx.-------
GRP,42.4883,-123.38,373.4,40.0,,14.7,,,2.7,,,,,,Ux.Mx.-------
GS-06,39.9617,-119.07,1478.4,81.5,,58.2,,,1.4,,,,,,Ux.Mx.-------
GS-07,39.9617,-119.06,1461.5,81.5,,58.2,,,1.4,,,,,,Ux.Mx.-------
GT-2,35.885,-106.67,2627.2,63.0,,30.0,,,2.1,,,,,,Ux.Mx.-------
GT-2,35.885,-106.67,2627.2,150.0,,60.0,,,2.5,,,,,,Ux.Mx.-------
GULF-A,43.6967,-117.39,1010.2,63.0,,53.5,,,1.2,,,,,,Ux.Mx.-------
GUNNISON,39.3167,-111.87,1781.8,94.0,,30.9,,,3.0,,,,,,Ux.Mx.-------
GV-79-10,40.55,-117.61,1473.3,110.0,,53.2,,,3.5,,,,,,Ux.Mx.-------
GV-79106,40.56,-117.63,1442.3,100.0,,52.2,,,2.6,,,,,,Ux.Mx.-------
GV-79-11,40.5333,-117.61,1466.2,92.0,,46.8,,,3.3,,,,,,Ux.Mx.-------
GV-79-13,40.5133,-117.59,1501.2,146.0,,74.4,,,3.2,,,,,,Ux.Mx.-------
GV-79-14,40.5033,-117.61,1475.3,86.0,,54.3,,,2.4,,,,,,Ux.Mx.-------
GV-79-15,40.5,-117.58,1517.1,92.0,,45.4,,,3.4,,,,,,Ux.Mx.-------
GV-79-3,40.62,-117.62,1567.6,96.0,,56.2,,,2.7,,,,,,Ux.Mx.-------
GV-79-4,40.5983,-117.67,1396.7,126.0,,66.2,,,3.1,,,,,,Ux.Mx.-------
GV-79-7,40.5933,-117.62,1550.3,55.6,,37.2,,,2.2,,,,,,Ux.Mx.-------
GV-79-8,40.5817,-117.62,1514.8,76.0,,42.7,,,2.8,,,,,,Ux.Mx.-------
GV-79-9,40.5583,-117.56,1635.6,68.0,,31.2,,,3.2,,,,,,Ux.Mx.-------
GW-2,40.5333,-111.47,1749.0,126.0,,70.0,,,1.8,,,,,,Ux.Mx.-------
GW-4,40.5167,-111.47,1713.4,46.8,,26.0,,,1.8,,,,,,Ux.Mx.-------
H ACRES,32.3833,-106.68,1369.8,56.0,,40.0,,,1.4,,,,,,Ux.Mx.-------
H-1,39.24,-118.44,1206.6,54.4,,34.0,,,1.6,,,,,,Ux.Mx.-------
H-2,39.2433,-118.49,1209.3,83.7,,61.0,,,1.4,,,,,,Ux.Mx.-------
H-2,39.9083,-117.98,1076.2,102.5,,73.2,,,1.4,,,,,,Ux.Mx.-------
H-21,39.3117,-118.43,1242.9,58.6,,37.0,,,1.6,,,,,,Ux.Mx.-------
H-38,39.2733,-118.49,1194.7,96.2,,76.0,,,1.3,,,,,,Ux.Mx.-------
H-5,39.2683,-118.41,1226.8,66.9,,46.0,,,1.5,,,,,,Ux.Mx.-------
H-7,39.2933,-118.4,1290.0,71.1,,46.0,,,1.5,,,,,,Ux.Mx.-------
HABB,46.465,-112.0,1378.6,71.4,,51.0,,,1.4,,,,,,Ux.Mx.-------
HACHITA,31.85,-108.3,1489.0,113.0,,32.2,,,3.5,,,,,,Ux.Mx.-------
HADSELL,42.1867,-107.64,2338.6,27.0,,11.0,,,2.4,,,,,,Ux.Mx.-------
HAGSTROM,41.1817,-103.67,1491.4,46.0,,41.5,,,1.1,,,,,,Ux.Mx.-------
HALELONE,34.59,-108.69,2259.4,27.0,,15.8,,,1.7,,,,,,Ux.Mx.-------
HAMBLIN / HV 1,37.985,-113.95,2021.0,78.0,,49.0,,,1.6,,,,,,Ux.Mx.-------
HAMBLIN 1,40.7333,-112.08,1297.1,119.0,,49.2,,,2.4,,,,,,Ux.Mx.-------
Hamilton #18,37.7983,-96.95,425.5,61.5,,36.8,,,1.7,,,,,,Ux.Mx.-------
HAMPEL,36.7667,-116.12,1299.6,77.0,,41.8,,,1.8,,,,,,Ux.Mx.-------
HANLON#1,41.7717,-103.7,1218.8,51.0,,46.2,,,1.1,,,,,,Ux.Mx.-------
HANSON,43.605,-118.82,1256.2,72.0,,74.6,,,1.0,,,,,,Ux.Mx.-------
HAP CMP,41.86,-123.37,888.2,36.0,,14.3,,,2.5,,,,,,Ux.Mx.-------
HARD RKS,36.0433,-110.53,1849.9,62.0,,15.3,,,1.7,,,,,,Ux.Mx.-------
HARRIS,44.605,-123.3,174.2,44.0,,27.8,,,1.6,,,,,,Ux.Mx.-------
HAUNT,45.6467,-121.47,579.4,41.0,,25.8,,,1.6,,,,,,Ux.Mx.-------
HAW-GC,38.51,-118.68,1545.4,53.5,,38.2,,,1.4,,,,,,Ux.Mx.-------
HAYCK RN,44.5933,-120.92,955.2,85.0,,31.3,,,2.7,,,,,,Ux.Mx.-------
HELBAR,46.0867,-116.98,323.5,84.0,,53.0,,,1.6,,,,,,Ux.Mx.-------
HELENA,34.545,-90.65,74.0,25.0,,13.8,,,1.9,,,,,,Ux.Mx.-------
Helena Dick 36-1,35.47,-98.63,522.2,35.0,,21.6,,,1.6,,,,,,Ux.Mx.-------
Hess #A31,37.7867,-96.93,413.5,58.5,,35.2,,,1.7,,,,,,Ux.Mx.-------
Hess 1,36.43,-98.59,421.7,36.0,,21.7,,,1.7,,,,,,Ux.Mx.-------
HF1,32.67,-109.72,1040.4,77.0,,43.4,,,1.8,,,,,,Ux.Mx.-------
HF10,32.685,-109.73,1081.7,126.0,,70.9,,,1.8,,,,,,Ux.Mx.-------
HF2,32.6567,-109.72,1057.3,56.0,,31.7,,,1.8,,,,,,Ux.Mx.-------
HF5,32.685,-109.69,1021.4,61.0,,44.4,,,1.4,,,,,,Ux.Mx.-------
HF7,32.6517,-109.69,1100.8,107.0,,78.2,,,1.4,,,,,,Ux.Mx.-------
HH-ST-2,40.58,-118.26,1332.4,56.1,,40.0,,,1.4,,,,,,Ux.Mx.-------
HICKEY,42.455,-121.37,1307.9,48.3,,34.5,,,1.4,,,,,,Ux.Mx.-------
HICKEY,42.455,-121.37,1307.9,64.0,,39.9,,,1.6,,,,,,Ux.Mx.-------
HIDDEN,39.5,-119.75,1341.0,97.9,,51.5,,,1.9,,,,,,Ux.Mx.-------
HIFLATS,43.0483,-105.7,1668.4,35.0,,15.6,,,2.5,,,,,,Ux.Mx.-------
HILLBR_2,46.4483,-111.99,1364.8,50.4,,36.0,,,1.4,,,,,,Ux.Mx.-------
HILLDALE,41.6617,-101.48,1094.2,54.0,,49.0,,,1.1,,,,,,Ux.Mx.-------
HIMROD,42.575,-76.96,288.6,65.0,,32.5,,,2.0,,,,,,Ux.Mx.-------
HO-1,36.7217,-121.41,560.0,83.0,,30.2,,,2.8,,,,,,Ux.Mx.-------
HOENIG,39.5833,-118.84,1212.7,121.0,,63.7,,,1.9,,,,,,Ux.Mx.-------
HOLE 1,31.8833,-106.98,1247.8,30.8,,22.0,,,1.4,,,,,,Ux.Mx.-------
HOLE 1,31.8833,-106.98,1247.8,85.7,,61.2,,,1.4,,,,,,Ux.Mx.-------
HOLE 2,31.9,-106.98,1248.6,30.8,,22.0,,,1.4,,,,,,Ux.Mx.-------
HOLE 2,31.9,-106.98,1248.6,70.0,,50.0,,,1.4,,,,,,Ux.Mx.-------
HOLE 3,31.95,-107.02,1282.0,43.4,,31.0,,,1.4,,,,,,Ux.Mx.-------
HOLE 4,31.915,-106.99,1255.3,50.4,,36.0,,,1.4,,,,,,Ux.Mx.-------
HOLE 5,31.9167,-107.0,1263.0,56.0,,40.0,,,1.4,,,,,,Ux.Mx.-------
HOPE1,40.71,-119.43,1224.8,83.7,,41.9,,,2.0,,,,,,Ux.Mx.-------
HOPKINTO,43.15,-71.68,148.4,47.0,,15.0,,,3.1,,,,,,Ux.Mx.-------
HORSES,36.85,-108.53,1639.7,72.0,,21.6,,,5.1,,,,,,Ux.Mx.-------
HOUSHOUR,44.245,-120.97,986.3,109.0,,66.0,,,1.6,,,,,,Ux.Mx.-------
How5,30.11,-104.68,874.0,138.3,,72.8,,,1.9,,,,,,Ux.Mx.-------
How6,30.1217,-104.67,890.7,103.7,,54.6,,,1.9,,,,,,Ux.Mx.-------
How7,30.13,-104.68,878.2,103.7,,54.6,,,1.9,,,,,,Ux.Mx.-------
How9,30.15,-104.68,914.6,86.5,,45.5,,,1.9,,,,,,Ux.Mx.-------
HP-1,43.7167,-117.56,1201.3,42.0,,37.0,,,1.2,,,,,,Ux.Mx.-------
HP-113,35.245,-89.96,85.6,27.0,,10.8,,,2.5,,,,,,Ux.Mx.-------
HRB-38,40.62,-118.31,1267.6,122.0,,64.2,,,1.9,,,,,,Ux.Mx.-------
HRB-40,40.595,-118.23,1424.0,142.7,,75.1,,,1.9,,,,,,Ux.Mx.-------
HRB-43,40.485,-118.36,1356.2,118.8,,62.5,,,1.9,,,,,,Ux.Mx.-------
HRB-68,40.6333,-118.28,1266.8,77.0,,55.0,,,1.4,,,,,,Ux.Mx.-------
HRB-76,40.635,-118.24,1273.4,79.7,,56.9,,,1.4,,,,,,Ux.Mx.-------
HRUSKA,41.22,-103.06,1325.4,56.0,,50.5,,,1.1,,,,,,Ux.Mx.-------
HR-WW,43.205,-118.03,1253.1,92.0,,59.1,,,1.6,,,,,,Ux.Mx.-------
HSDP2,19.7117,-155.06,14.6,25.0,,18.8,,,1.3,,,,,,Ux.Mx.-------
HSR-22,40.605,-116.47,1437.8,35.7,,25.5,,,1.4,,,,,,Ux.Mx.-------
HSR-3,40.715,-117.49,1434.2,45.9,,32.8,,,1.4,,,,,,Ux.Mx.-------
HSR-4,40.6967,-117.52,1508.2,94.3,,67.3,,,1.4,,,,,,Ux.Mx.-------
HSR-6,40.805,-117.42,1406.5,89.2,,63.7,,,1.4,,,,,,Ux.Mx.-------
HT-13,32.0,-106.2,1237.0,90.8,,31.3,,,2.9,,,,,,Ux.Mx.-------
HT-17,32.05,-106.19,1239.9,92.0,,65.7,,,1.4,,,,,,Ux.Mx.-------
HT-21,32.0833,-106.2,1243.0,100.2,,71.6,,,1.4,,,,,,Ux.Mx.-------
HTW-1,43.81,-111.79,1507.2,69.0,,46.0,,,1.5,,,,,,Ux.Mx.-------
HTW-2,43.7867,-111.78,1565.1,27.0,,18.0,,,1.5,,,,,,Ux.Mx.-------
HUALAPAI,35.1333,-113.82,1549.8,97.0,,28.6,,,3.4,,,,,,Ux.Mx.-------
HUCKLBRY,34.41,-108.48,2185.0,65.0,,18.2,,,2.6,,,,,,Ux.Mx.-------
Hull-Higgins #27,37.8067,-96.93,421.5,62.5,,37.5,,,1.7,,,,,,Ux.Mx.-------
HUMBLE 1,26.335,-80.81,6.0,30.0,,17.8,,,1.6,,,,,,Ux.Mx.-------
HUSKEY,44.5167,-109.01,1557.8,36.1,,25.8,,,1.4,,,,,,Ux.Mx.-------
HW1,31.005,-105.02,1314.4,145.6,,72.8,,,2.0,,,,,,Ux.Mx.-------
HW-1-WW,42.1783,-121.7,1260.9,38.0,,48.0,,,0.8,,,,,,Ux.Mx.-------
IKP,70.46,-154.33,4.0,71.0,,36.3,,,2.0,,,,,,Ux.Mx.-------
IL-WW,45.3633,-118.54,1296.4,63.0,,39.2,,,1.6,,,,,,Ux.Mx.-------
INDIAN V,36.6,-115.78,1221.3,93.0,,15.7,,,5.9,,,,,,Ux.Mx.-------
INDSPR,34.3,-107.43,2081.3,82.0,,31.9,,,2.5,,,,,,Ux.Mx.-------
INEL-GT1,43.6233,-113.07,1566.9,63.1,,45.1,,,1.4,,,,,,Ux.Mx.-------
INEL-GT1,43.6233,-113.07,1566.9,69.9,,49.9,,,1.4,,,,,,Ux.Mx.-------
INEL-WO2,43.575,-112.88,1502.8,115.0,,73.0,,,1.5,,,,,,Ux.Mx.-------
INEL-WO2,43.575,-112.88,1502.8,80.0,,46.0,,,1.7,,,,,,Ux.Mx.-------
INI,70.0,-153.1,52.0,56.0,,33.4,,,1.7,,,,,,Ux.Mx.-------
INSCRIPT,36.6033,-110.81,1964.0,65.0,,14.4,,,1.9,,,,,,Ux.Mx.-------
IRON 1,37.6367,-113.41,1916.8,101.0,,28.0,,,3.7,,,,,,Ux.Mx.-------
IRON 2,37.625,-113.41,1904.5,87.0,,24.0,,,3.7,,,,,,Ux.Mx.-------
IS-12,33.2467,-112.98,325.1,59.0,,27.4,,,2.1,,,,,,Ux.Mx.-------
ISLET2,34.9167,-106.75,1559.1,91.0,,35.7,,,2.2,,,,,,Ux.Mx.-------
IV-10,32.925,-115.7,10.9,87.0,,47.0,,,0.8,,,,,,Ux.Mx.-------
IV-12,32.8367,-115.63,-15.7,102.0,,53.0,,,0.8,,,,,,Ux.Mx.-------
IV-14,32.9267,-115.54,-39.1,88.0,,43.0,,,0.8,,,,,,Ux.Mx.-------
IV-17,32.7917,-115.7,-15.2,49.0,,27.8,,,0.8,,,,,,Ux.Mx.-------
IV-4,32.765,-115.8,8.7,96.0,,42.5,,,1.0,,,,,,Ux.Mx.-------
JACK CRK,37.49,-119.3,2138.0,54.0,,17.7,,,3.0,,,,,,Ux.Mx.-------
JACK H23,32.295,-90.18,88.7,54.0,,38.8,,,1.4,,,,,,Ux.Mx.-------
JACK H43,32.295,-90.18,88.7,49.0,,35.1,,,1.4,,,,,,Ux.Mx.-------
JACK N35,32.295,-90.2,97.1,54.0,,39.2,,,1.4,,,,,,Ux.Mx.-------
JA-WW,43.9483,-122.9,236.0,45.0,,35.5,,,1.3,,,,,,Ux.Mx.-------
JCKSN6,38.1667,-104.78,1599.0,106.0,,23.4,,,4.5,,,,,,Ux.Mx.-------
JEFFERS,45.345,-111.59,1738.2,60.2,,43.0,,,1.4,,,,,,Ux.Mx.-------
JEFFREY,42.5083,-107.66,1922.5,62.0,,16.7,,,3.7,,,,,,Ux.Mx.-------
JER11,40.2,-117.51,1316.5,101.0,,67.3,,,1.5,,,,,,Ux.Mx.-------
JER12,40.195,-117.49,1379.9,98.3,,65.5,,,1.5,,,,,,Ux.Mx.-------
JER13,40.1867,-117.51,1309.5,84.6,,56.4,,,1.5,,,,,,Ux.Mx.-------
JER15,40.2083,-117.49,1379.4,95.6,,63.7,,,1.5,,,,,,Ux.Mx.-------
JEROME,33.4067,-91.45,39.4,68.0,,41.4,,,1.6,,,,,,Ux.Mx.-------
JMSTWN,40.1283,-105.39,2366.1,80.0,,32.1,,,2.5,,,,,,Ux.Mx.-------
JMW-1,44.4033,-118.96,1059.7,79.0,,29.8,,,2.6,,,,,,Ux.Mx.-------
Jones #15,39.1983,-96.35,347.8,68.9,,42.5,,,1.6,,,,,,Ux.Mx.-------
JOPLIN,37.1183,-94.37,299.5,30.0,,13.6,,,2.2,,,,,,Ux.Mx.-------
JQNR,44.1767,-117.43,754.0,84.0,,70.5,,,1.2,,,,,,Ux.Mx.-------
JQP-1,43.925,-117.33,699.8,88.0,,71.5,,,1.3,,,,,,Ux.Mx.-------
JQRM,44.1917,-117.44,764.4,84.0,,71.2,,,1.2,,,,,,Ux.Mx.-------
JWD,70.92,-153.14,0.3,73.0,,43.1,,,1.7,,,,,,Ux.Mx.-------
K-13,37.5,-90.67,319.7,53.0,,16.2,,,3.2,,,,,,Ux.Mx.-------
KADOKA,43.81,-101.5,722.0,60.1,,50.1,,,1.2,,,,,,Ux.Mx.-------
KAG,70.59,-158.66,19.5,68.0,,36.1,,,1.9,,,,,,Ux.Mx.-------
KANCAMAG,44.0333,-71.48,841.6,100.0,,27.1,,,3.7,,,,,,Ux.Mx.-------
KEG MTN,39.7,-112.92,1589.0,132.0,,53.9,,,2.5,,,,,,Ux.Mx.-------
KELLY,36.9,-107.85,1925.0,90.0,,48.0,,,2.0,,,,,,Ux.Mx.-------
KELLY,32.0317,-92.28,49.8,83.0,,34.7,,,2.4,,,,,,Ux.Mx.-------
KELVIN 1,33.0933,-111.02,605.8,95.0,,26.7,,,3.5,,,,,,Ux.Mx.-------
KHALSA,36.0417,-106.23,2196.6,72.1,,51.5,,,1.4,,,,,,Ux.Mx.-------
KINSTON,35.2367,-77.59,12.9,49.0,,27.1,,,1.8,,,,,,Ux.Mx.-------
KNG,35.1283,-114.07,955.0,100.0,,29.4,,,3.4,,,,,,Ux.Mx.-------
KOCH1415,45.87,-102.96,859.5,64.9,,54.0,,,1.2,,,,,,Ux.Mx.-------
KOCH3417,45.84,-102.93,867.3,57.7,,48.0,,,1.2,,,,,,Ux.Mx.-------
KOL,69.75,-154.61,60.1,62.0,,41.3,,,1.5,,,,,,Ux.Mx.-------
KOSM 1-8,40.39,-119.42,1229.0,20.4,,10.2,,,2.0,,,,,,Ux.Mx.-------
KOSMOS1-8,40.3883,-119.42,1229.3,134.7,,67.3,,,2.0,,,,,,Ux.Mx.-------
KRMR JNC,34.9733,-117.5,784.8,83.0,,29.5,,,2.8,,,,,,Ux.Mx.-------
KT-1-WW,42.165,-121.68,1256.4,21.0,,28.5,,,0.8,,,,,,Ux.Mx.-------
KUY,70.93,-156.06,0.7,64.0,,38.9,,,1.6,,,,,,Ux.Mx.-------
KY14-15,40.2917,-117.9,1276.8,148.0,,74.6,,,2.0,,,,,,Ux.Mx.-------
KY23-02,40.3667,-117.89,1293.0,136.0,,71.0,,,2.2,,,,,,Ux.Mx.-------
KY23-16,40.2833,-117.91,1250.5,148.0,,69.7,,,2.1,,,,,,Ux.Mx.-------
KY31-05,40.3483,-117.86,1364.4,94.0,,41.8,,,2.3,,,,,,Ux.Mx.-------
KY31-3,40.3467,-117.86,1363.4,58.6,,41.9,,,1.4,,,,,,Ux.Mx.-------
KY35-09,40.3433,-117.9,1272.9,100.0,,65.5,,,1.6,,,,,,Ux.Mx.-------
KY5-06,40.33,-117.85,1407.4,72.0,,29.9,,,2.4,,,,,,Ux.Mx.-------
L DANIEL,45.7017,-121.24,351.5,42.0,,26.2,,,1.6,,,,,,Ux.Mx.-------
L HEINE,48.3017,-117.76,557.4,69.0,,15.7,,,4.4,,,,,,Ux.Mx.-------
L.SMOKY (UCE-14),38.7167,-116.03,1904.0,60.0,,34.8,,,1.8,,,,,,Ux.Mx.-------
L-02,40.2583,-118.35,1392.9,43.3,,30.9,,,1.4,,,,,,Ux.Mx.-------
L-10,40.7433,-118.63,1552.3,62.2,,32.8,,,1.9,,,,,,Ux.Mx.-------
L-2,40.735,-118.62,1542.9,58.8,,30.9,,,1.9,,,,,,Ux.Mx.-------
L-22,33.4267,-88.4,54.4,24.0,,16.2,,,1.5,,,,,,Ux.Mx.-------
L-8,40.7367,-118.63,1529.7,93.4,,49.1,,,1.9,,,,,,Ux.Mx.-------
LA1,40.0683,-117.15,1514.8,69.2,,36.4,,,1.9,,,,,,Ux.Mx.-------
LA-1,32.2667,-106.73,1216.2,60.2,,43.0,,,1.4,,,,,,Ux.Mx.-------
LA-10,39.12,-117.73,1956.0,72.6,,38.2,,,1.9,,,,,,Ux.Mx.-------
LA-13,39.4583,-117.1,1957.1,79.5,,41.9,,,1.9,,,,,,Ux.Mx.-------
LA-14,39.4183,-116.97,2027.7,24.2,,12.7,,,1.9,,,,,,Ux.Mx.-------
LA-15,39.515,-117.09,1861.2,64.0,,33.7,,,1.9,,,,,,Ux.Mx.-------
LA-16,39.3833,-116.81,1783.5,127.9,,67.3,,,1.9,,,,,,Ux.Mx.-------
LA-17,39.5117,-117.47,1887.7,34.6,,18.2,,,1.9,,,,,,Ux.Mx.-------
LA-18,39.61,-117.26,1923.9,138.3,,72.8,,,1.9,,,,,,Ux.Mx.-------
LA-19,39.5083,-117.13,1776.2,79.5,,41.9,,,1.9,,,,,,Ux.Mx.-------
LA2,40.0517,-116.74,2183.9,34.6,,18.2,,,1.9,,,,,,Ux.Mx.-------
LA-20,39.38,-116.84,1742.5,145.2,,76.4,,,1.9,,,,,,Ux.Mx.-------
LA-22,39.3483,-116.83,1748.4,58.8,,30.9,,,1.9,,,,,,Ux.Mx.-------
LA3,40.4083,-116.9,2349.9,79.5,,41.9,,,1.9,,,,,,Ux.Mx.-------
LA-8,39.7067,-117.33,1755.2,141.8,,74.6,,,1.9,,,,,,Ux.Mx.-------
LA-9,39.79,-117.35,1652.9,76.1,,40.0,,,1.9,,,,,,Ux.Mx.-------
LACKLAND,29.375,-98.62,231.9,29.4,,14.7,,,2.0,,,,,,Ux.Mx.-------
LAGUNA,35.0167,-106.97,1647.6,78.0,,32.3,,,2.4,,,,,,Ux.Mx.-------
LANCKFLD,43.0667,-104.63,1327.2,84.0,,50.5,,,1.7,,,,,,Ux.Mx.-------
LANDER,40.3333,-116.72,1724.6,133.0,,29.7,,,4.6,,,,,,Ux.Mx.-------
LANL-1,35.9767,-106.22,2061.6,42.0,,30.0,,,1.4,,,,,,Ux.Mx.-------
LANL-1,35.9767,-106.22,2061.6,67.5,,48.2,,,1.4,,,,,,Ux.Mx.-------
LANL-1,35.9767,-106.22,2061.6,31.2,,22.3,,,1.4,,,,,,Ux.Mx.-------
LANL-10,34.92,-108.69,2207.9,75.0,,20.1,,,3.7,,,,,,Ux.Mx.-------
LANL-12,35.14,-108.83,2054.2,67.0,,25.1,,,2.7,,,,,,Ux.Mx.-------
LANL-13,35.11,-108.65,2074.0,115.0,,54.8,,,2.1,,,,,,Ux.Mx.-------
LANL-15,35.27,-108.63,2105.9,56.0,,33.5,,,1.7,,,,,,Ux.Mx.-------
LANL-18,35.23,-108.6,2083.5,76.0,,49.8,,,1.5,,,,,,Ux.Mx.-------
LANL-2,35.9867,-105.95,1894.6,66.2,,47.3,,,1.4,,,,,,Ux.Mx.-------
LANL-2,35.9867,-105.95,1894.6,85.4,,61.0,,,1.4,,,,,,Ux.Mx.-------
LANL-20,35.59,-108.3,2183.4,58.0,,16.2,,,3.6,,,,,,Ux.Mx.-------
LANL-21,35.59,-108.33,2200.4,47.0,,20.8,,,2.3,,,,,,Ux.Mx.-------
LANL-24,35.49,-108.75,2073.9,48.0,,30.8,,,1.6,,,,,,Ux.Mx.-------
LANL-25,35.5,-108.67,2071.5,56.0,,29.2,,,1.9,,,,,,Ux.Mx.-------
LANL-26,35.54,-108.6,2064.1,56.0,,23.0,,,2.4,,,,,,Ux.Mx.-------
LANL-28,35.5,-108.21,2381.1,98.0,,38.4,,,2.5,,,,,,Ux.Mx.-------
LANL-29,35.53,-108.12,2201.0,51.0,,19.6,,,2.6,,,,,,Ux.Mx.-------
LANL-3,34.29,-108.76,2144.6,70.0,,37.9,,,1.9,,,,,,Ux.Mx.-------
LANL-3,36.2833,-106.06,1902.4,70.0,,37.9,,,1.9,,,,,,Ux.Mx.-------
LANL-4,34.27,-108.71,2176.7,74.0,,35.2,,,2.1,,,,,,Ux.Mx.-------
LANL-4,35.8883,-106.01,1807.6,74.0,,35.2,,,2.1,,,,,,Ux.Mx.-------
LANL-6,35.97,-105.91,2007.0,52.5,,37.5,,,1.4,,,,,,Ux.Mx.-------
LANL-8,36.2733,-106.04,1912.8,95.8,,68.4,,,1.4,,,,,,Ux.Mx.-------
LANL-8,34.91,-108.84,2062.8,133.0,,63.6,,,2.1,,,,,,Ux.Mx.-------
LANL-9,35.9567,-106.25,2133.0,91.7,,65.5,,,1.4,,,,,,Ux.Mx.-------
LASVEGA1,35.5833,-105.25,2034.9,63.0,,27.2,,,2.3,,,,,,Ux.Mx.-------
LASVEGA2,35.5667,-105.25,1985.0,61.0,,22.5,,,2.7,,,,,,Ux.Mx.-------
LAVABTWW,43.9033,-121.36,1376.0,59.0,,41.9,,,1.4,,,,,,Ux.Mx.-------
LAVBUTTE,43.9067,-121.36,1374.3,60.9,,38.3,,,1.6,,,,,,Ux.Mx.-------
LAWEN,43.4717,-118.73,1254.2,59.0,,60.9,,,1.0,,,,,,Ux.Mx.-------
LAWENCE,46.3267,-120.78,377.6,74.0,,46.3,,,1.6,,,,,,Ux.Mx.-------
LB-1,33.8833,-118.03,22.4,73.0,,34.5,,,2.1,,,,,,Ux.Mx.-------
LBN,68.48,-155.69,607.7,46.0,,27.3,,,1.7,,,,,,Ux.Mx.-------
LBNMGIL,41.825,-121.55,1238.4,100.0,,69.3,,,1.5,,,,,,Ux.Mx.-------
LC26-13,32.7083,-114.62,51.7,86.0,,38.3,,,2.2,,,,,,Ux.Mx.-------
LCKDMS12,42.7033,-122.6,676.6,105.0,,67.7,,,1.5,,,,,,Ux.Mx.-------
LCKDMS-2,42.7017,-122.6,660.4,93.0,,59.9,,,1.5,,,,,,Ux.Mx.-------
LEBANON,43.6,-72.33,159.3,32.0,,12.9,,,2.5,,,,,,Ux.Mx.-------
LEEMF1,33.1833,-106.88,1571.9,93.0,,32.3,,,2.9,,,,,,Ux.Mx.-------
LESLIE,35.8167,-92.57,340.7,24.0,,11.4,,,2.1,,,,,,Ux.Mx.-------
LEVASY,39.0833,-94.17,282.7,49.0,,16.8,,,2.9,,,,,,Ux.Mx.-------
LEWES,38.8033,-75.19,,44.0,,26.8,,,1.6,,,,,,Ux.Mx.-------
LG-1,45.3533,-117.92,819.0,53.5,,33.0,,,1.6,,,,,,Ux.Mx.-------
LG-10,45.185,-117.87,894.8,94.6,,66.6,,,1.4,,,,,,Ux.Mx.-------
LG-11,45.1367,-117.86,1029.2,64.3,,37.6,,,1.7,,,,,,Ux.Mx.-------
LG-12,45.105,-117.83,1064.1,37.9,,20.6,,,1.8,,,,,,Ux.Mx.-------
LG-14,45.23,-117.9,825.7,108.0,,60.0,,,1.8,,,,,,Ux.Mx.-------
LG-2,45.315,-117.91,817.4,44.9,,27.7,,,1.6,,,,,,Ux.Mx.-------
LG-3,45.3167,-117.97,819.1,43.7,,27.0,,,1.6,,,,,,Ux.Mx.-------
LG-4,45.3083,-118.05,827.3,55.7,,28.0,,,2.0,,,,,,Ux.Mx.-------
LG-5,45.265,-118.05,921.0,65.3,,38.4,,,1.7,,,,,,Ux.Mx.-------
LG-6,45.2583,-117.96,807.3,87.6,,55.1,,,1.6,,,,,,Ux.Mx.-------
LG-7,45.28,-117.86,860.4,87.0,,51.2,,,1.7,,,,,,Ux.Mx.-------
LG-8,45.23,-117.77,1090.4,24.8,,15.8,,,1.6,,,,,,Ux.Mx.-------
LG-9,45.2067,-117.81,979.9,112.5,,58.9,,,1.9,,,,,,Ux.Mx.-------
LH-1,34.735,-118.4,852.6,72.0,,27.7,,,2.6,,,,,,Ux.Mx.-------
LHR,33.7467,-113.65,607.2,80.0,,25.5,,,3.2,,,,,,Ux.Mx.-------
LIBERTY,34.5383,-80.75,161.5,46.0,,14.9,,,3.1,,,,,,Ux.Mx.-------
LINK-FLD,41.3833,-86.23,249.2,54.0,,14.0,,,3.8,,,,,,Ux.Mx.-------
LITTLETN,44.3333,-71.82,303.9,42.0,,15.8,,,2.3,,,,,,Ux.Mx.-------
LITTLETO,36.4167,-77.92,105.7,51.0,,18.4,,,2.7,,,,,,Ux.Mx.-------
LK-1,38.3833,-98.17,532.3,70.0,,13.4,,,5.2,,,,,,Ux.Mx.-------
LK-120,39.8633,-117.18,1827.3,104.5,,74.6,,,1.4,,,,,,Ux.Mx.-------
LKI-RWBA,38.8967,-107.09,3457.4,130.0,,39.5,,,3.3,,,,,,Ux.Mx.-------
LKSDCM 1,46.5317,-122.56,166.0,31.0,,18.2,,,1.7,,,,,,Ux.Mx.-------
LL&E-1,39.865,-115.14,1902.4,51.0,,36.4,,,1.4,,,,,,Ux.Mx.-------
LL106,30.38,-104.74,1021.7,120.1,,54.6,,,2.2,,,,,,Ux.Mx.-------
LL126,30.4867,-104.76,1148.4,69.2,,36.4,,,1.9,,,,,,Ux.Mx.-------
LL136,30.445,-104.78,1089.0,69.2,,36.4,,,1.9,,,,,,Ux.Mx.-------
LL142,30.4733,-104.77,1117.3,103.7,,54.6,,,1.9,,,,,,Ux.Mx.-------
LL148,30.5017,-104.77,1107.1,118.8,,62.5,,,1.9,,,,,,Ux.Mx.-------
LL3,30.2433,-104.62,994.0,103.7,,54.6,,,1.9,,,,,,Ux.Mx.-------
LL31,30.315,-104.64,1182.2,34.6,,18.2,,,1.9,,,,,,Ux.Mx.-------
LL32,30.3,-104.64,1124.4,51.9,,27.3,,,1.9,,,,,,Ux.Mx.-------
LL35,30.265,-104.64,1038.5,138.3,,72.8,,,1.9,,,,,,Ux.Mx.-------
LL4,30.26,-104.62,1017.9,138.3,,72.8,,,1.9,,,,,,Ux.Mx.-------
LL47,30.2917,-104.67,1175.2,69.2,,36.4,,,1.9,,,,,,Ux.Mx.-------
LL50,30.3267,-104.68,1038.2,147.4,,54.6,,,2.7,,,,,,Ux.Mx.-------
LL76,30.365,-104.7,1065.8,98.3,,36.4,,,2.7,,,,,,Ux.Mx.-------
LL78,30.3883,-104.71,1107.3,60.1,,27.3,,,2.2,,,,,,Ux.Mx.-------
LNDNDRRY,42.85,-71.37,100.7,61.0,,26.4,,,2.3,,,,,,Ux.Mx.-------
LONETREE,48.3,-101.67,608.2,59.0,,39.8,,,1.5,,,,,,Ux.Mx.-------
LONG CRK,32.34,-88.61,157.0,36.0,,16.0,,,2.2,,,,,,Ux.Mx.-------
LR-125,39.7667,-115.54,2142.5,103.6,,74.0,,,1.4,,,,,,Ux.Mx.-------
LR-134,39.7717,-115.55,2185.3,83.0,,69.2,,,1.2,,,,,,Ux.Mx.-------
LR-168,39.7667,-115.53,2124.4,112.0,,80.0,,,1.4,,,,,,Ux.Mx.-------
LR-179,39.765,-115.54,2136.4,103.8,,69.2,,,1.5,,,,,,Ux.Mx.-------
LSNB,40.3917,-121.54,1925.6,132.0,,63.9,,,2.0,,,,,,Ux.Mx.-------
LSNG,40.4067,-121.45,1913.4,85.0,,51.9,,,1.6,,,,,,Ux.Mx.-------
LSNO,40.365,-120.95,1603.4,97.0,,32.6,,,2.0,,,,,,Ux.Mx.-------
LTTLBRMT,34.2833,-107.25,1936.0,72.0,,29.1,,,2.5,,,,,,Ux.Mx.-------
Lucy B. Kieffer #7B,38.7183,-96.38,425.8,55.5,,32.5,,,1.7,,,,,,Ux.Mx.-------
LUMBERTO,34.57,-78.93,29.9,64.0,,21.1,,,3.0,,,,,,Ux.Mx.-------
LV,32.7167,-107.58,1762.8,108.0,,41.1,,,2.6,,,,,,Ux.Mx.-------
LV-IM3,35.8833,-106.96,2051.8,36.1,,25.8,,,1.4,,,,,,Ux.Mx.-------
LV-IM4,35.875,-106.99,2054.6,41.9,,29.9,,,1.4,,,,,,Ux.Mx.-------
LV-IM5,35.885,-106.99,2042.9,40.2,,28.7,,,1.4,,,,,,Ux.Mx.-------
LV-IM6,35.9083,-106.99,2033.2,35.1,,25.1,,,1.4,,,,,,Ux.Mx.-------
LYMAN LK,34.335,-109.27,2006.1,77.0,,18.8,,,1.8,,,,,,Ux.Mx.-------
LYNX-CRK,44.5517,-122.03,1169.4,82.0,,51.6,,,1.6,,,,,,Ux.Mx.-------
M O GOFF,39.2,-80.23,391.5,53.0,,36.3,,,1.4,,,,,,Ux.Mx.-------
M11,39.0583,-118.08,1703.5,34.0,,20.0,,,1.7,,,,,,Ux.Mx.-------
M12,39.0383,-118.09,1755.5,114.7,,76.4,,,1.5,,,,,,Ux.Mx.-------
M14,39.0583,-118.04,1605.4,86.6,,51.0,,,1.7,,,,,,Ux.Mx.-------
M-15,38.35,-118.73,2223.5,65.2,,46.5,,,1.4,,,,,,Ux.Mx.-------
M-16,38.34,-118.86,2027.9,26.2,,18.7,,,1.4,,,,,,Ux.Mx.-------
M17,39.0467,-118.01,1604.2,92.8,,54.6,,,1.7,,,,,,Ux.Mx.-------
M18,39.0567,-118.05,1613.7,109.2,,54.6,,,2.0,,,,,,Ux.Mx.-------
MADISON2,43.9333,-71.14,211.6,75.0,,29.3,,,2.5,,,,,,Ux.Mx.-------
MAES,36.15,-104.7,1879.0,64.0,,43.1,,,1.5,,,,,,Ux.Mx.-------
Magma1,39.0333,-122.43,485.0,109.0,,38.5,,,2.8,,,,,,Ux.Mx.-------
MALTA,42.3883,-113.61,1551.9,70.0,,50.0,,,1.4,,,,,,Ux.Mx.-------
MALTA,42.3883,-113.61,1551.9,78.4,,56.0,,,1.4,,,,,,Ux.Mx.-------
MANZ,47.7683,-117.18,815.4,80.0,,24.7,,,3.3,,,,,,Ux.Mx.-------
MARQEZ,35.2833,-107.25,2205.0,90.0,,52.0,,,1.7,,,,,,Ux.Mx.-------
Marshall 1-19,35.94,-98.73,567.9,41.0,,22.3,,,1.8,,,,,,Ux.Mx.-------
MARTINEZ,46.5717,-120.17,738.3,53.0,,33.1,,,1.6,,,,,,Ux.Mx.-------
MARTINSN,42.6383,-122.82,489.5,42.0,,26.7,,,1.6,,,,,,Ux.Mx.-------
MAXBRAND,35.16,-95.53,209.0,60.0,,29.2,,,2.0,,,,,,Ux.Mx.-------
MB-07,41.8533,-118.69,1636.5,76.4,,54.6,,,1.4,,,,,,Ux.Mx.-------
MBX627,33.1067,-111.6,454.7,82.0,,22.9,,,3.6,,,,,,Ux.Mx.-------
MC2,38.6283,-112.1,1794.2,75.0,,30.0,,,2.5,,,,,,Ux.Mx.-------
MCBRIDE,45.7033,-121.42,188.0,52.0,,32.6,,,1.6,,,,,,Ux.Mx.-------
MCCLELLA,45.3467,-111.77,1658.7,30.8,,22.0,,,1.4,,,,,,Ux.Mx.-------
MCCOOK 1/Goodbger,40.1267,-100.18,746.3,37.0,,33.6,,,1.1,,,,,,Ux.Mx.-------
MCCOOK 3,40.1517,-100.16,757.8,57.0,,51.5,,,1.1,,,,,,Ux.Mx.-------
MCCOOK 5,40.2,-101.15,878.0,54.0,,48.8,,,1.1,,,,,,Ux.Mx.-------
MCCOOK 6,40.205,-101.16,895.3,57.0,,51.5,,,1.1,,,,,,Ux.Mx.-------
MCL-1,38.5167,-109.65,1217.1,78.0,,23.9,,,3.3,,,,,,Ux.Mx.-------
MCP,32.9933,-112.53,364.8,130.0,,34.6,,,3.8,,,,,,Ux.Mx.-------
ME-DDH17,43.8667,-109.28,3292.9,90.0,,30.4,,,2.9,,,,,,Ux.Mx.-------
MEREDTH2,43.6333,-71.52,264.2,59.0,,21.7,,,2.7,,,,,,Ux.Mx.-------
Mertz2,39.73,-95.73,347.3,61.8,,31.8,,,1.9,,,,,,Ux.Mx.-------
MH 2,43.2533,-115.55,1541.7,56.0,,24.3,,,2.3,,,,,,Ux.Mx.-------
MH 4,43.0833,-115.71,940.4,64.0,,34.1,,,1.9,,,,,,Ux.Mx.-------
MH 5,42.9083,-115.79,877.2,78.0,,57.6,,,1.3,,,,,,Ux.Mx.-------
MHK,32.7317,-113.75,182.5,70.0,,24.0,,,3.0,,,,,,Ux.Mx.-------
MIDOE-4,46.9583,-114.06,1178.0,64.0,,21.7,,,3.0,,,,,,Ux.Mx.-------
MILFORD,42.8333,-71.72,173.7,49.0,,20.9,,,2.3,,,,,,Ux.Mx.-------
MILFORD,38.4833,-113.13,1795.3,91.0,,32.2,,,2.8,,,,,,Ux.Mx.-------
MILLICAN2,39.9017,-117.98,1040.8,124.5,,69.2,,,1.8,,,,,,Ux.Mx.-------
MINERAL,38.0367,-77.9,124.0,38.0,,16.7,,,2.3,,,,,,Ux.Mx.-------
MISSION,31.9833,-111.07,904.5,124.0,,37.7,,,3.3,,,,,,Ux.Mx.-------
MITCHELL 34-35,38.875,-102.08,1198.3,62.0,,45.9,,,1.4,,,,,,Ux.Mx.-------
MNF TRCW,41.63,-121.37,1349.0,29.0,,20.1,,,1.5,,,,,,Ux.Mx.-------
MNRL HLL,44.37,-104.09,1844.7,92.0,,31.4,,,2.9,,,,,,Ux.Mx.-------
MOCK,46.295,-122.87,190.4,21.0,,13.5,,,1.6,,,,,,Ux.Mx.-------
MOFF TUN (TOL1&2),39.9,-105.62,2899.3,69.0,,20.8,,,3.3,,,,,,Ux.Mx.-------
MOHORIC,46.575,-123.03,174.7,47.0,,29.4,,,1.6,,,,,,Ux.Mx.-------
MONITOR,38.9667,-116.63,2171.7,85.0,,51.7,,,1.6,,,,,,Ux.Mx.-------
MONTGMRY,45.6117,-121.23,218.1,69.0,,43.6,,,1.6,,,,,,Ux.Mx.-------
MOONMS,38.4667,-108.57,2723.8,73.0,,23.2,,,3.2,,,,,,Ux.Mx.-------
MORENC,33.0833,-109.37,1413.6,65.0,,22.5,,,2.9,,,,,,Ux.Mx.-------
MORRISON,41.3983,-79.72,426.0,60.0,,22.6,,,2.7,,,,,,Ux.Mx.-------
MORTEN,42.3817,-122.53,1052.5,49.0,,33.9,,,1.5,,,,,,Ux.Mx.-------
MOSES LK,47.165,-119.32,352.4,81.0,,50.9,,,1.6,,,,,,Ux.Mx.-------
MP05-PW4,41.6483,-121.18,1340.1,78.0,,41.0,,,1.9,,,,,,Ux.Mx.-------
MP28-HTR,41.2733,-122.61,1396.0,37.0,,16.0,,,2.3,,,,,,Ux.Mx.-------
MP32-CLH,41.8317,-121.25,1504.6,67.0,,33.0,,,2.0,,,,,,Ux.Mx.-------
MP47-Y,41.555,-122.53,829.2,29.0,,21.0,,,1.4,,,,,,Ux.Mx.-------
MP49-JE,41.425,-122.5,1233.9,39.0,,17.0,,,2.3,,,,,,Ux.Mx.-------
MP55-FAZ,41.9767,-122.32,835.7,72.0,,40.0,,,1.8,,,,,,Ux.Mx.-------
MRT,34.1067,-112.99,854.4,82.0,,28.4,,,2.9,,,,,,Ux.Mx.-------
MR-WW,44.4317,-122.72,361.4,45.0,,33.6,,,1.3,,,,,,Ux.Mx.-------
MT. HOME AFB (MHAFB1),43.055,-115.84,923.4,83.0,,67.2,,,1.2,,,,,,Ux.Mx.-------
MTCRIST2,39.2333,-115.57,2385.2,92.0,,32.3,,,2.9,,,,,,Ux.Mx.-------
MUDCSE,38.9667,-104.88,2101.6,81.0,,36.8,,,2.2,,,,,,Ux.Mx.-------
MUL,34.505,-112.91,1109.7,81.0,,25.3,,,3.2,,,,,,Ux.Mx.-------
MULE MTN,33.4967,-114.84,250.4,69.0,,24.2,,,2.8,,,,,,Ux.Mx.-------
MUSSER-1,41.02,-88.9,194.9,59.0,,12.2,,,4.8,,,,,,Ux.Mx.-------
MV-31,46.7183,-112.32,1976.1,92.0,,28.3,,,3.2,,,,,,Ux.Mx.-------
MV-OG-3,46.7367,-112.32,1960.6,113.0,,35.3,,,3.1,,,,,,Ux.Mx.-------
MWX-1,39.2333,-107.87,2257.1,94.0,,40.0,,,2.3,,,,,,Ux.Mx.-------
N HARPER,43.93,-117.21,818.5,92.0,,78.2,,,1.2,,,,,,Ux.Mx.-------
N. HODGE,32.2917,-92.63,88.2,54.0,,23.7,,,2.3,,,,,,Ux.Mx.-------
,38.255,-112.89,1880.8,83.7,,49.0,,,2.9,,,,,,Ux.Mx.-------
N-05,39.795,-119.3,1310.5,69.2,,36.4,,,1.9,,,,,,Ux.Mx.-------
N-06,39.935,-119.29,1339.2,69.2,,36.4,,,1.9,,,,,,Ux.Mx.-------
N-1,33.7033,-116.89,713.9,72.0,,27.0,,,2.7,,,,,,Ux.Mx.-------
N-13,39.955,-119.28,1333.9,103.7,,54.6,,,1.9,,,,,,Ux.Mx.-------
N-14,39.9483,-119.26,1391.5,103.7,,54.6,,,1.9,,,,,,Ux.Mx.-------
N-16,39.955,-119.24,1434.0,103.7,,54.6,,,1.9,,,,,,Ux.Mx.-------
N-28,39.9283,-119.19,1578.5,138.3,,72.8,,,1.9,,,,,,Ux.Mx.-------
N-30,39.8533,-119.31,1286.1,138.3,,72.8,,,1.9,,,,,,Ux.Mx.-------
N-32,39.875,-119.31,1330.9,138.3,,72.8,,,1.9,,,,,,Ux.Mx.-------
N-33,39.825,-119.31,1379.3,69.2,,36.4,,,1.9,,,,,,Ux.Mx.-------
N-55,46.75,-89.57,276.1,44.0,,15.9,,,2.7,,,,,,Ux.Mx.-------
NATCHEZ,31.465,-91.34,77.7,59.0,,28.0,,,2.1,,,,,,Ux.Mx.-------
NAVAJO,35.1,-109.43,1767.2,111.0,,51.9,,,2.1,,,,,,Ux.Mx.-------
NAVNAT3,36.8833,-109.28,1763.2,65.0,,27.7,,,2.4,,,,,,Ux.Mx.-------
NDHF-3,48.455,-101.33,490.7,49.0,,40.3,,,1.2,,,,,,Ux.Mx.-------
NED COOK,42.21,-122.68,620.4,49.0,,25.7,,,1.9,,,,,,Ux.Mx.-------
NEED CB,37.59,-107.6,3802.9,112.0,,30.6,,,3.7,,,,,,Ux.Mx.-------
NEW HILL,35.6833,-78.93,101.4,27.0,,15.9,,,1.7,,,,,,Ux.Mx.-------
NI-01,40.205,-119.15,1729.8,84.1,,60.1,,,1.4,,,,,,Ux.Mx.-------
NI-02,40.2317,-119.14,1648.3,33.1,,23.7,,,1.4,,,,,,Ux.Mx.-------
NI-03,40.1933,-119.18,1832.2,84.1,,60.1,,,1.4,,,,,,Ux.Mx.-------
NI-04,40.205,-119.23,1612.8,61.2,,43.7,,,1.4,,,,,,Ux.Mx.-------
NI-06,40.2483,-119.21,1528.3,63.7,,45.5,,,1.4,,,,,,Ux.Mx.-------
NIN,70.26,-155.77,30.8,77.0,,45.5,,,1.7,,,,,,Ux.Mx.-------
NIX,45.705,-121.87,119.4,46.0,,31.4,,,1.5,,,,,,Ux.Mx.-------
NKP,70.51,-152.37,7.3,82.0,,51.2,,,1.6,,,,,,Ux.Mx.-------
NMSU-3,32.3,-106.73,1260.9,28.0,,20.0,,,1.4,,,,,,Ux.Mx.-------
NMSU-3,32.3,-106.73,1260.9,74.2,,53.0,,,1.4,,,,,,Ux.Mx.-------
NNG-KC-1,45.315,-121.8,1034.3,41.0,,18.1,,,2.2,,,,,,Ux.Mx.-------
NNG-LCM1,45.41,-121.82,932.4,110.0,,67.5,,,1.6,,,,,,Ux.Mx.-------
NNGOMF10,45.3733,-121.82,907.0,110.0,,73.7,,,1.5,,,,,,Ux.Mx.-------
NNG-TRLK,45.2833,-121.74,1155.6,95.0,,53.9,,,1.8,,,,,,Ux.Mx.-------
No. 1 (78-33),34.21,-116.04,564.5,22.0,,13.0,,,1.7,,,,,,Ux.Mx.-------
No. 3 (78-29),34.2217,-116.06,539.3,36.0,,27.0,,,1.3,,,,,,Ux.Mx.-------
No. 4 (81-21),34.2483,-116.03,639.7,29.0,,26.0,,,1.1,,,,,,Ux.Mx.-------
No. 5 (78-16),34.255,-116.15,669.4,100.0,,80.0,,,1.3,,,,,,Ux.Mx.-------
NO1GAC,32.4333,-107.08,1440.7,96.0,,29.1,,,3.3,,,,,,Ux.Mx.-------
NO1LEW,33.2833,-105.93,1937.9,101.0,,32.3,,,3.1,,,,,,Ux.Mx.-------
NO1VIC,33.4167,-106.92,1467.6,37.0,,15.3,,,2.4,,,,,,Ux.Mx.-------
NO2LEW,33.2833,-105.97,1627.6,111.0,,39.9,,,2.8,,,,,,Ux.Mx.-------
NOG,31.3783,-110.76,1438.2,91.0,,35.4,,,2.6,,,,,,Ux.Mx.-------
NOLANE,36.15,-104.58,1911.4,67.0,,55.3,,,1.2,,,,,,Ux.Mx.-------
NOLANNW,36.1833,-104.67,1837.2,76.0,,63.1,,,1.2,,,,,,Ux.Mx.-------
NONE-1,43.3183,-119.7,1381.6,83.7,,40.0,,,2.1,,,,,,Ux.Mx.-------
NONE-2,43.31,-119.77,1429.6,83.7,,40.0,,,2.1,,,,,,Ux.Mx.-------
NONE-6,43.1017,-119.73,1384.6,46.0,,32.0,,,1.4,,,,,,Ux.Mx.-------
NORCO-1,47.3683,-120.3,651.3,58.0,,26.8,,,2.2,,,,,,Ux.Mx.-------
NORFOLK,36.9567,-76.27,-1.5,54.0,,32.1,,,1.7,,,,,,Ux.Mx.-------
NORTHGAT,40.9317,-106.28,2609.8,97.0,,27.0,,,3.5,,,,,,Ux.Mx.-------
NRTS 17,43.66,-112.87,1471.4,44.0,,58.1,,,1.3,,,,,,Ux.Mx.-------
NRTS 2,43.555,-112.72,1566.9,36.0,,23.5,,,1.5,,,,,,Ux.Mx.-------
NRTS 26,43.87,-112.66,1465.9,22.0,,15.0,,,1.5,,,,,,Ux.Mx.-------
NRTS 30,43.7683,-112.53,1461.2,52.0,,28.2,,,1.8,,,,,,Ux.Mx.-------
NRTS 32,43.745,-112.54,1471.7,31.0,,22.9,,,1.3,,,,,,Ux.Mx.-------
NRTS CG,43.4517,-112.95,1526.4,37.0,,25.0,,,1.5,,,,,,Ux.Mx.-------
NV-1,44.0983,-117.3,726.5,71.0,,68.8,,,1.0,,,,,,Ux.Mx.-------
NV-10,44.0783,-117.44,906.5,42.0,,34.6,,,1.3,,,,,,Ux.Mx.-------
NV-11,44.0417,-117.34,820.7,88.0,,70.0,,,1.3,,,,,,Ux.Mx.-------
NV-12,44.1433,-117.27,780.3,75.0,,65.3,,,1.1,,,,,,Ux.Mx.-------
NV-13,44.1167,-117.18,817.1,67.0,,62.5,,,1.0,,,,,,Ux.Mx.-------
NV-15,44.0283,-117.21,772.2,88.0,,74.8,,,1.1,,,,,,Ux.Mx.-------
NV-18,44.0033,-117.4,819.7,84.0,,78.8,,,1.0,,,,,,Ux.Mx.-------
NV-2,44.0967,-117.37,759.8,67.0,,53.6,,,1.3,,,,,,Ux.Mx.-------
NV-2,44.0967,-117.37,759.8,71.8,,51.3,,,1.4,,,,,,Ux.Mx.-------
NV-4,44.1983,-117.43,788.6,71.0,,69.2,,,1.0,,,,,,Ux.Mx.-------
NV-5,44.235,-117.44,917.8,63.0,,48.4,,,1.3,,,,,,Ux.Mx.-------
NV-54,40.0,-118.0,2224.0,42.0,,51.0,,,0.8,,,,,,Ux.Mx.-------
NV-6,44.2,-117.33,811.1,59.0,,51.4,,,1.1,,,,,,Ux.Mx.-------
NV-61-1,40.0,-118.0,2224.0,65.0,,39.0,,,1.7,,,,,,Ux.Mx.-------
NV-61-2,40.0,-118.0,2224.0,88.0,,53.0,,,1.7,,,,,,Ux.Mx.-------
NV-63-1,40.0,-118.0,2224.0,36.0,,43.0,,,0.8,,,,,,Ux.Mx.-------
NV-63-2,40.0,-118.0,2224.0,59.0,,71.0,,,0.8,,,,,,Ux.Mx.-------
NV-7,44.2233,-117.26,778.8,63.0,,54.9,,,1.1,,,,,,Ux.Mx.-------
NV-70-2,40.0,-118.0,2224.0,63.0,,76.0,,,0.8,,,,,,Ux.Mx.-------
NV-79-2,40.0,-118.0,2224.0,29.0,,35.0,,,0.8,,,,,,Ux.Mx.-------
NV-8,44.2533,-117.35,961.4,84.0,,65.0,,,1.3,,,,,,Ux.Mx.-------
NV-9,44.14,-117.47,848.3,71.0,,57.8,,,1.3,,,,,,Ux.Mx.-------
NW Exploration Co. #1 Ba,38.4633,-115.58,1445.2,92.7,,66.2,,,1.4,,,,,,Ux.Mx.-------
NWW,44.3333,-122.99,226.2,39.0,,24.7,,,1.6,,,,,,Ux.Mx.-------
NY 27,40.07,-117.92,1572.6,109.0,,75.0,,,1.5,,,,,,Ux.Mx.-------
NY 29,40.0567,-117.9,1723.2,54.0,,36.0,,,1.5,,,,,,Ux.Mx.-------
NY-01,38.695,-117.82,1750.5,71.3,,51.0,,,1.4,,,,,,Ux.Mx.-------
NY-02,38.4267,-117.26,1733.0,73.9,,52.8,,,1.4,,,,,,Ux.Mx.-------
NY-03,38.72,-117.71,1783.6,58.6,,41.9,,,1.4,,,,,,Ux.Mx.-------
NY-04,38.7783,-117.79,2117.2,63.7,,45.5,,,1.4,,,,,,Ux.Mx.-------
NY-05,38.8133,-117.66,1861.2,76.4,,54.6,,,1.4,,,,,,Ux.Mx.-------
NY-07,38.88,-117.82,2109.0,48.4,,34.6,,,1.4,,,,,,Ux.Mx.-------
NY-08,38.87,-117.76,1997.4,45.9,,32.8,,,1.4,,,,,,Ux.Mx.-------
NY-10,38.155,-116.09,1530.7,71.3,,51.0,,,1.4,,,,,,Ux.Mx.-------
NY-9,39.0583,-117.74,1973.7,41.5,,21.8,,,1.9,,,,,,Ux.Mx.-------
NYBAKKEN,47.9183,-117.46,623.2,86.0,,35.6,,,2.4,,,,,,Ux.Mx.-------
O NEILL,42.4367,-98.65,600.8,60.0,,50.0,,,1.2,,,,,,Ux.Mx.-------
O SEARLE,45.745,-121.12,651.3,56.0,,35.1,,,1.6,,,,,,Ux.Mx.-------
O-2,33.165,-110.83,938.1,74.0,,25.2,,,3.0,,,,,,Ux.Mx.-------
OAKR CW6,43.7467,-122.47,420.8,78.0,,42.3,,,1.8,,,,,,Ux.Mx.-------
OC AIRPT,38.31,-75.12,0.8,59.0,,38.6,,,1.5,,,,,,Ux.Mx.-------
OH-2Z,44.15,-122.54,346.0,55.89,,24.7,,,1.5,,,,,,Ux.Mx.-------
OHMW,35.685,-116.34,147.7,87.0,,34.9,,,2.5,,,,,,Ux.Mx.-------
OIL&GAS,41.1433,-114.98,1757.6,140.0,,56.0,,,2.5,,,,,,Ux.Mx.-------
OJO CAL1,36.3083,-106.05,1930.9,93.8,,67.0,,,1.4,,,,,,Ux.Mx.-------
OJO CAL2,36.3067,-106.05,1926.5,107.8,,77.0,,,1.4,,,,,,Ux.Mx.-------
OLD WOMN,34.545,-115.16,1280.9,80.0,,25.9,,,3.1,,,,,,Ux.Mx.-------
OM1,32.5733,-107.96,1578.3,123.3,,54.8,,,2.2,,,,,,Ux.Mx.-------
OM5,32.5383,-107.92,1509.0,105.1,,46.7,,,2.2,,,,,,Ux.Mx.-------
OM6,32.5117,-107.93,1486.4,71.8,,31.9,,,2.2,,,,,,Ux.Mx.-------
ORE-IDA,44.0317,-116.95,654.0,88.0,,62.0,,,1.4,,,,,,Ux.Mx.-------
ORE-IDA #1,44.0317,-116.95,654.0,82.0,,54.8,,,1.5,,,,,,Ux.Mx.-------
ORGAN,32.4,-106.65,1400.0,74.0,,30.6,,,2.4,,,,,,Ux.Mx.-------
ORGANN1,32.45,-106.6,1530.0,136.0,,36.7,,,3.7,,,,,,Ux.Mx.-------
ORGANN2,32.45,-106.6,1530.0,104.0,,35.8,,,2.9,,,,,,Ux.Mx.-------
OROGRAND,32.4,-106.12,1330.5,123.0,,42.8,,,3.0,,,,,,Ux.Mx.-------
ORTIZM,35.3333,-106.18,2434.5,72.0,,27.9,,,2.6,,,,,,Ux.Mx.-------
ORTIZMT2,35.3167,-106.17,2358.1,56.0,,18.2,,,3.1,,,,,,Ux.Mx.-------
ORTIZMT3,35.3,-106.17,2173.5,59.0,,22.0,,,2.7,,,,,,Ux.Mx.-------
OSBORNE,42.1733,-107.76,2208.9,42.0,,17.3,,,2.4,,,,,,Ux.Mx.-------
OSTRY,46.4683,-112.0,1371.4,98.0,,70.0,,,1.4,,,,,,Ux.Mx.-------
OTM-2,43.98,-117.23,715.2,67.2,,48.0,,,1.4,,,,,,Ux.Mx.-------
OW FM1,44.1867,-123.83,272.8,30.0,,18.7,,,1.6,,,,,,Ux.Mx.-------
OW M1,44.71,-123.03,76.9,42.0,,31.4,,,1.3,,,,,,Ux.Mx.-------
OXY-12,43.7567,-111.66,1665.0,67.0,,34.6,,,1.9,,,,,,Ux.Mx.-------
OXY-19,44.32,-111.45,1867.1,109.0,,65.5,,,1.9,,,,,,Ux.Mx.-------
OXY-20,44.435,-111.49,1950.5,42.0,,25.5,,,1.6,,,,,,Ux.Mx.-------
OXY-4,44.35,-112.02,1888.7,126.0,,67.3,,,1.9,,,,,,Ux.Mx.-------
OXY-FH10,38.89,-122.61,438.0,75.3,,60.0,,,1.3,,,,,,Ux.Mx.-------
OXY-FH14,38.8833,-122.72,857.5,117.2,,61.9,,,1.9,,,,,,Ux.Mx.-------
OXY-FH2,38.7583,-122.64,353.8,125.0,,78.3,,,1.6,,,,,,Ux.Mx.-------
OXY-FH9,38.88,-122.62,479.0,71.1,,56.4,,,1.2,,,,,,Ux.Mx.-------
OXY-FH9,38.88,-122.62,479.0,58.6,,25.5,,,2.3,,,,,,Ux.Mx.-------
OZARK,31.3783,-85.58,80.2,21.0,,10.4,,,2.0,,,,,,Ux.Mx.-------
P-01,40.2567,-118.34,1495.5,66.2,,47.3,,,1.4,,,,,,Ux.Mx.-------
P-02,40.19,-117.72,1327.2,73.9,,52.8,,,1.4,,,,,,Ux.Mx.-------
P-03,40.14,-117.68,1213.6,35.7,,25.5,,,1.4,,,,,,Ux.Mx.-------
P-04,40.28,-117.63,1588.8,56.1,,40.0,,,1.4,,,,,,Ux.Mx.-------
P-08,40.2883,-118.13,1908.1,55.3,,29.1,,,1.9,,,,,,Ux.Mx.-------
P-21,42.3433,-118.54,1292.1,59.0,,47.4,,,1.2,,,,,,Ux.Mx.-------
P-25,42.5533,-118.38,1245.0,50.0,,39.6,,,1.3,,,,,,Ux.Mx.-------
P-25,42.5533,-118.38,1245.0,75.0,,59.1,,,1.3,,,,,,Ux.Mx.-------
P-29,42.6983,-118.38,1497.5,84.0,,69.3,,,1.2,,,,,,Ux.Mx.-------
P-29,42.6983,-118.38,1497.5,63.0,,51.0,,,1.3,,,,,,Ux.Mx.-------
P-3,39.3717,-118.58,1219.2,66.9,,46.0,,,1.5,,,,,,Ux.Mx.-------
P-5,39.3717,-118.56,1220.4,62.8,,43.0,,,1.5,,,,,,Ux.Mx.-------
P-6,39.345,-118.61,1221.2,79.5,,53.0,,,1.5,,,,,,Ux.Mx.-------
P-6,39.345,-118.61,1221.2,100.4,,69.0,,,1.5,,,,,,Ux.Mx.-------
P-7,39.3317,-118.63,1231.0,104.6,,70.0,,,1.5,,,,,,Ux.Mx.-------
P-8,39.2983,-118.65,1196.2,29.3,,20.0,,,1.5,,,,,,Ux.Mx.-------
P-8,39.2983,-118.65,1196.2,92.0,,63.0,,,1.5,,,,,,Ux.Mx.-------
P91-4,38.5467,-112.57,2064.1,50.0,,20.0,,,2.5,,,,,,Ux.Mx.-------
PACKEY,35.6583,-106.14,2026.1,52.5,,37.5,,,1.4,,,,,,Ux.Mx.-------
PADBERG,45.44,-119.78,452.4,46.0,,28.0,,,1.6,,,,,,Ux.Mx.-------
PALEN MT,33.9133,-115.08,399.5,112.0,,26.9,,,4.2,,,,,,Ux.Mx.-------
PALMETTO,33.4983,-84.7,289.8,39.0,,14.6,,,2.7,,,,,,Ux.Mx.-------
PARA PAS,39.0,-107.07,3468.3,78.0,,26.4,,,3.0,,,,,,Ux.Mx.-------
PATTEN,45.6117,-122.13,376.4,80.0,,76.4,,,1.0,,,,,,Ux.Mx.-------
Paulson #1,37.8233,-96.96,420.6,63.4,,38.7,,,1.6,,,,,,Ux.Mx.-------
Paulson #111A,37.815,-96.95,428.1,56.0,,34.2,,,1.6,,,,,,Ux.Mx.-------
Paulson #128A,37.8133,-96.96,423.7,60.5,,37.2,,,1.6,,,,,,Ux.Mx.-------
PAY,34.2567,-111.28,1474.2,72.0,,22.0,,,3.3,,,,,,Ux.Mx.-------
PAYMSTR,33.195,-114.91,321.4,81.0,,29.5,,,2.7,,,,,,Ux.Mx.-------
PCK,35.405,-113.8,1193.9,84.0,,23.6,,,3.5,,,,,,Ux.Mx.-------
PDCH,35.8117,-120.4,523.6,85.0,,47.0,,,1.8,,,,,,Ux.Mx.-------
PDJC,35.7167,-120.21,538.0,75.0,,29.3,,,2.8,,,,,,Ux.Mx.-------
PDRH,35.625,-120.26,605.0,69.0,,32.7,,,2.0,,,,,,Ux.Mx.-------
PDSM,35.9733,-120.58,714.2,86.0,,26.9,,,3.2,,,,,,Ux.Mx.-------
PEA,70.72,-159.0,21.5,73.0,,40.1,,,1.8,,,,,,Ux.Mx.-------
PELTON 1,30.0017,-104.67,896.8,92.6,,42.1,,,2.2,,,,,,Ux.Mx.-------
PFLR,34.2,-119.14,17.5,55.0,,29.0,,,1.9,,,,,,Ux.Mx.-------
PHOEST1,33.5333,-112.33,325.1,128.0,,50.5,,,3.5,,,,,,Ux.Mx.-------
PICATTI,46.8167,-120.66,624.9,37.0,,25.2,,,1.5,,,,,,Ux.Mx.-------
PICKETT,44.3267,-109.31,2154.1,38.0,,23.3,,,1.6,,,,,,Ux.Mx.-------
PIETN,34.3167,-108.12,2326.4,65.0,,35.1,,,1.9,,,,,,Ux.Mx.-------
PILOTMT3,38.3167,-117.87,1872.4,79.0,,28.1,,,2.8,,,,,,Ux.Mx.-------
PINEVIEW,32.045,-88.27,121.5,36.0,,32.5,,,1.1,,,,,,Ux.Mx.-------
PINTO MT,33.9883,-115.69,514.2,41.0,,14.5,,,2.8,,,,,,Ux.Mx.-------
PINYON A,33.6133,-116.46,1307.3,54.0,,21.8,,,2.5,,,,,,Ux.Mx.-------
PINYON B,33.61,-116.45,1301.2,56.0,,22.7,,,2.5,,,,,,Ux.Mx.-------
PLEW,45.7333,-122.41,396.2,36.0,,22.5,,,1.6,,,,,,Ux.Mx.-------
PM-2,37.35,-116.57,1698.9,63.0,,47.9,,,1.4,,,,,,Ux.Mx.-------
PMH-2,39.79,-116.17,2098.1,52.1,,40.0,,,1.3,,,,,,Ux.Mx.-------
PNA,32.5567,-109.75,1378.2,107.0,,36.5,,,3.1,,,,,,Ux.Mx.-------
PNT,33.355,-110.96,1396.4,55.0,,19.2,,,2.9,,,,,,Ux.Mx.-------
POERSCH,39.5683,-96.92,405.6,60.3,,21.9,,,2.1,,,,,,Ux.Mx.-------
POISON,40.32,-106.25,3139.5,71.0,,28.8,,,2.5,,,,,,Ux.Mx.-------
PONDEROS,35.8167,-106.58,2489.8,107.0,,76.4,,,1.4,,,,,,Ux.Mx.-------
POPLAR6,39.53,-119.76,1347.7,124.5,,65.5,,,1.9,,,,,,Ux.Mx.-------
POWELL,43.835,-119.9,1486.1,67.0,,49.2,,,1.4,,,,,,Ux.Mx.-------
POWELL,43.835,-119.9,1486.1,105.0,,74.7,,,1.4,,,,,,Ux.Mx.-------
POWELL,34.68,-114.36,437.0,95.0,,28.4,,,3.4,,,,,,Ux.Mx.-------
PPK,34.68,-114.68,634.6,95.0,,28.4,,,3.4,,,,,,Ux.Mx.-------
PQ-4,34.1567,-113.18,753.6,68.0,,35.7,,,1.9,,,,,,Ux.Mx.-------
PQ-9,34.6417,-113.98,689.3,92.0,,39.9,,,2.4,,,,,,Ux.Mx.-------
PR-01,39.0533,-115.88,2231.3,58.6,,41.9,,,1.4,,,,,,Ux.Mx.-------
PRESCOTT,45.9383,-120.97,737.7,50.0,,31.4,,,1.6,,,,,,Ux.Mx.-------
PRISOR,32.9,-106.87,1394.2,124.0,,40.8,,,3.0,,,,,,Ux.Mx.-------
PROFAA-1,32.75,-105.4,2020.0,58.0,,23.5,,,2.4,,,,,,Ux.Mx.-------
PROFAA-2,32.75,-105.3,1985.0,85.0,,23.8,,,3.6,,,,,,Ux.Mx.-------
PROFAA-3,32.85,-105.2,1665.0,63.0,,19.4,,,3.3,,,,,,Ux.Mx.-------
PRS,34.4967,-112.47,1798.7,85.0,,33.1,,,2.7,,,,,,Ux.Mx.-------
PRSTUDCO,44.2683,-120.81,970.6,79.0,,68.0,,,1.2,,,,,,Ux.Mx.-------
PS-12,38.3683,-118.8,2093.0,48.4,,34.6,,,1.4,,,,,,Ux.Mx.-------
PS-13,38.375,-118.81,2062.0,101.4,,72.4,,,1.4,,,,,,Ux.Mx.-------
PS-B-9,45.6867,-120.13,215.6,114.0,,73.9,,,1.5,,,,,,Ux.Mx.-------
PTRSBRG1,36.83,-77.32,34.2,52.0,,18.9,,,2.8,,,,,,Ux.Mx.-------
PTRSBRG2,37.095,-77.59,80.7,57.0,,17.3,,,3.3,,,,,,Ux.Mx.-------
PTRSBRG3,37.7533,-77.55,79.7,59.0,,18.4,,,3.2,,,,,,Ux.Mx.-------
PUB-C,35.855,-106.16,1819.5,75.0,,40.3,,,1.9,,,,,,Ux.Mx.-------
PUB-D,35.87,-106.15,1729.2,71.0,,33.9,,,2.1,,,,,,Ux.Mx.-------
PUB-F,36.265,-106.07,1912.3,95.8,,68.4,,,1.4,,,,,,Ux.Mx.-------
PUEBLW,38.3,-104.77,1516.1,136.0,,30.4,,,4.5,,,,,,Ux.Mx.-------
PV1,39.7433,-119.57,1469.2,131.0,,65.5,,,2.0,,,,,,Ux.Mx.-------
PVHT-1,40.6833,-117.52,1508.4,42.5,,25.0,,,1.7,,,,,,Ux.Mx.-------
PVHT-2,40.83,-117.41,1484.6,134.3,,74.6,,,1.8,,,,,,Ux.Mx.-------
PVTG-2,40.8683,-117.38,1454.1,52.0,,26.0,,,2.0,,,,,,Ux.Mx.-------
PVTG-3,40.86,-117.4,1517.7,51.0,,30.0,,,1.7,,,,,,Ux.Mx.-------
PVTG-5,40.875,-117.34,1409.0,92.8,,54.6,,,1.7,,,,,,Ux.Mx.-------
Q01,55.4067,-130.48,659.2,122.0,,32.6,,,3.8,,,,,,Ux.Mx.-------
Q-1,40.625,-117.68,1387.7,94.0,,65.5,,,1.4,,,,,,Ux.Mx.-------
Q10,40.5633,-117.66,1425.6,79.2,,52.8,,,1.5,,,,,,Ux.Mx.-------
Q-10,40.5667,-117.66,1422.2,73.0,,42.5,,,1.7,,,,,,Ux.Mx.-------
Q11,40.5633,-117.71,1495.6,92.8,,61.9,,,1.5,,,,,,Ux.Mx.-------
Q-11,40.555,-117.68,1463.4,65.0,,37.1,,,1.8,,,,,,Ux.Mx.-------
Q12,40.54,-117.67,1470.9,71.0,,47.3,,,1.5,,,,,,Ux.Mx.-------
Q-12,40.5417,-117.67,1468.0,70.0,,44.5,,,1.6,,,,,,Ux.Mx.-------
Q13,40.54,-117.65,1441.5,57.3,,38.2,,,1.5,,,,,,Ux.Mx.-------
Q-13,40.54,-117.64,1437.2,74.0,,40.0,,,1.9,,,,,,Ux.Mx.-------
Q14,40.5367,-117.62,1451.8,38.2,,25.5,,,1.5,,,,,,Ux.Mx.-------
Q-14,40.5383,-117.62,1451.1,42.0,,22.4,,,1.9,,,,,,Ux.Mx.-------
Q-19,40.61,-117.69,1390.7,84.0,,56.2,,,1.5,,,,,,Ux.Mx.-------
Q2,40.5717,-117.65,1418.4,84.6,,56.4,,,1.5,,,,,,Ux.Mx.-------
Q-2,40.5733,-117.64,1427.8,85.0,,55.5,,,1.5,,,,,,Ux.Mx.-------
Q20,40.5767,-117.67,1414.3,68.3,,45.5,,,1.5,,,,,,Ux.Mx.-------
Q-20,40.5817,-117.67,1408.5,109.0,,57.5,,,1.9,,,,,,Ux.Mx.-------
Q21,40.5517,-117.65,1432.0,54.6,,36.4,,,1.5,,,,,,Ux.Mx.-------
Q-21,40.5533,-117.65,1430.3,66.0,,36.4,,,1.8,,,,,,Ux.Mx.-------
Q22,40.5517,-117.62,1452.9,38.2,,25.5,,,1.5,,,,,,Ux.Mx.-------
Q-22,40.5533,-117.62,1454.7,42.0,,27.0,,,1.6,,,,,,Ux.Mx.-------
Q-24,40.5167,-117.56,1589.1,75.0,,45.0,,,1.7,,,,,,Ux.Mx.-------
Q4,40.62,-117.67,1392.9,65.5,,43.7,,,1.5,,,,,,Ux.Mx.-------
Q-4,40.6267,-117.66,1405.7,46.0,,32.8,,,1.4,,,,,,Ux.Mx.-------
Q-4,40.6267,-117.66,1405.7,97.0,,57.1,,,1.7,,,,,,Ux.Mx.-------
Q-5,40.625,-117.64,1448.0,69.0,,40.8,,,1.7,,,,,,Ux.Mx.-------
Q-7,40.5883,-117.7,1405.3,53.0,,33.7,,,1.6,,,,,,Ux.Mx.-------
Q9,40.5683,-117.69,1444.4,38.2,,25.5,,,1.5,,,,,,Ux.Mx.-------
Q-9,40.57,-117.69,1440.2,62.0,,32.6,,,1.9,,,,,,Ux.Mx.-------
QH-11,40.5633,-117.71,1495.6,50.0,,42.0,,,1.2,,,,,,Ux.Mx.-------
QH-14,40.605,-117.73,1408.0,49.0,,29.6,,,1.6,,,,,,Ux.Mx.-------
QH2,40.625,-117.63,1490.9,87.4,,58.2,,,1.5,,,,,,Ux.Mx.-------
QH-2,40.6317,-117.63,1482.4,63.0,,55.2,,,1.2,,,,,,Ux.Mx.-------
QH-4,40.5433,-117.69,1505.6,57.0,,42.0,,,1.4,,,,,,Ux.Mx.-------
QH5,40.6433,-117.67,1395.8,51.9,,34.6,,,1.5,,,,,,Ux.Mx.-------
QH-5,40.6483,-117.67,1395.2,72.0,,44.0,,,1.6,,,,,,Ux.Mx.-------
QH-5,40.6483,-117.67,1395.2,59.0,,30.7,,,1.9,,,,,,Ux.Mx.-------
QH-6,40.6367,-117.7,1379.5,89.0,,51.4,,,1.7,,,,,,Ux.Mx.-------
QH7,40.5917,-117.69,1401.3,38.2,,25.5,,,1.5,,,,,,Ux.Mx.-------
QH-7,40.595,-117.69,1398.8,102.0,,71.9,,,1.5,,,,,,Ux.Mx.-------
QH8,40.5783,-117.62,1505.8,103.7,,69.2,,,1.5,,,,,,Ux.Mx.-------
QH-8,40.5817,-117.62,1514.8,96.0,,66.2,,,1.3,,,,,,Ux.Mx.-------
QH9,40.5617,-117.62,1468.4,84.6,,56.4,,,1.5,,,,,,Ux.Mx.-------
QH-9,40.565,-117.61,1503.7,93.0,,55.8,,,1.7,,,,,,Ux.Mx.-------
QJT,32.1267,-112.13,822.8,77.0,,26.6,,,2.9,,,,,,Ux.Mx.-------
QUESTA,36.7,-105.52,2825.7,59.0,,19.2,,,3.0,,,,,,Ux.Mx.-------
QZTW,33.6567,-114.33,402.5,95.0,,27.7,,,3.4,,,,,,Ux.Mx.-------
R COREY,48.685,-119.5,445.8,77.0,,24.5,,,3.2,,,,,,Ux.Mx.-------
R.M. ARS,39.85,-104.85,1592.0,92.0,,24.7,,,3.2,,,,,,Ux.Mx.-------
R-01,37.5483,-117.2,1529.5,71.3,,51.0,,,1.4,,,,,,Ux.Mx.-------
R-02,37.5433,-117.17,1481.2,107.0,,76.4,,,1.4,,,,,,Ux.Mx.-------
R-03,37.5583,-117.17,1521.0,86.6,,61.9,,,1.4,,,,,,Ux.Mx.-------
R-04,37.585,-117.14,1495.4,96.8,,69.2,,,1.4,,,,,,Ux.Mx.-------
R-06,37.5233,-117.15,1449.6,81.5,,58.2,,,1.4,,,,,,Ux.Mx.-------
R-08,37.5683,-117.21,1564.3,96.8,,69.2,,,1.4,,,,,,Ux.Mx.-------
R11,34.12,-107.08,1782.7,38.2,,21.1,,,1.8,,,,,,Ux.Mx.-------
R-167,40.04,-118.15,1316.1,40.8,,29.1,,,1.4,,,,,,Ux.Mx.-------
R-203,40.2933,-118.15,1987.8,48.4,,25.5,,,1.9,,,,,,Ux.Mx.-------
R-230,40.2917,-118.16,1973.6,86.5,,45.5,,,1.9,,,,,,Ux.Mx.-------
R4,34.05,-106.94,1537.7,33.6,,23.8,,,1.4,,,,,,Ux.Mx.-------
R5,34.0317,-106.94,1576.3,69.1,,39.5,,,1.8,,,,,,Ux.Mx.-------
R9,34.085,-107.0,1744.0,61.8,,37.7,,,1.6,,,,,,Ux.Mx.-------
RAJ-19,44.84,-120.46,569.0,70.0,,50.0,,,1.4,,,,,,Ux.Mx.-------
RAJ-20,44.8233,-120.56,665.3,85.5,,57.0,,,1.5,,,,,,Ux.Mx.-------
RAJ-23,44.8433,-120.48,563.4,67.5,,37.5,,,1.8,,,,,,Ux.Mx.-------
RAJ-257,44.8283,-120.49,542.6,70.6,,32.1,,,2.2,,,,,,Ux.Mx.-------
RAJ-AW3,44.8183,-120.48,565.9,96.8,,44.0,,,2.2,,,,,,Ux.Mx.-------
RAJ-M3,44.8683,-120.55,842.5,69.0,,46.0,,,1.5,,,,,,Ux.Mx.-------
RALSTON,38.5667,-116.93,2090.4,77.0,,25.6,,,3.0,,,,,,Ux.Mx.-------
RANDS-SUN-1,35.35,-117.49,792.1,63.0,,37.2,,,1.7,,,,,,Ux.Mx.-------
RANDS-SUN-2,35.35,-117.51,815.5,54.0,,31.6,,,1.7,,,,,,Ux.Mx.-------
RANDS-SUN-7,35.38,-117.51,902.7,105.0,,51.7,,,2.1,,,,,,Ux.Mx.-------
RASMUSSN,45.4133,-118.04,835.4,42.0,,34.0,,,1.2,,,,,,Ux.Mx.-------
RC S-36,40.89,-86.47,224.2,59.0,,14.3,,,4.1,,,,,,Ux.Mx.-------
RC S-46,40.9083,-86.46,225.4,59.0,,17.9,,,3.3,,,,,,Ux.Mx.-------
RD-1,41.3583,-118.81,1260.0,65.8,,47.0,,,1.4,,,,,,Ux.Mx.-------
RD-2,41.3567,-118.81,1258.7,26.6,,19.0,,,1.4,,,,,,Ux.Mx.-------
RD-3,41.3583,-118.79,1275.9,23.8,,17.0,,,1.4,,,,,,Ux.Mx.-------
RD-4,41.3567,-118.79,1278.8,30.8,,22.0,,,1.4,,,,,,Ux.Mx.-------
RD-6,41.3567,-118.81,1258.7,63.0,,45.0,,,1.4,,,,,,Ux.Mx.-------
RDFL-BO1,41.5617,-94.1,298.3,49.0,,13.4,,,3.7,,,,,,Ux.Mx.-------
RDFL-BR1,41.66,-94.16,311.0,49.0,,14.3,,,3.4,,,,,,Ux.Mx.-------
RDFL-PR1,41.6917,-94.17,305.2,49.0,,22.2,,,2.2,,,,,,Ux.Mx.-------
RDH,43.8133,-116.86,795.4,113.0,,63.2,,,1.8,,,,,,Ux.Mx.-------
RDH,44.2817,-114.83,2100.4,93.0,,31.9,,,2.9,,,,,,Ux.Mx.-------
RDH G-W,42.2367,-113.37,1413.0,113.0,,54.0,,,2.1,,,,,,Ux.Mx.-------
RDH-1,42.1967,-118.67,1479.4,92.0,,61.2,,,1.5,,,,,,Ux.Mx.-------
RDH-13,41.6083,-112.23,1466.4,88.0,,34.0,,,2.5,,,,,,Ux.Mx.-------
RDH-14,41.6033,-112.23,1491.2,84.0,,32.0,,,2.5,,,,,,Ux.Mx.-------
RDH-18,41.62,-112.24,1417.6,42.0,,20.0,,,2.1,,,,,,Ux.Mx.-------
RDH-18-1,46.5417,-111.64,1165.4,85.0,,72.0,,,1.2,,,,,,Ux.Mx.-------
RDH-20-2,46.5317,-111.62,1163.1,61.0,,52.6,,,1.1,,,,,,Ux.Mx.-------
RDH-22,41.6267,-112.25,1356.7,111.3,,53.0,,,2.1,,,,,,Ux.Mx.-------
RDH-23a,41.6217,-112.25,1401.7,67.2,,32.0,,,2.1,,,,,,Ux.Mx.-------
RDH-23b,41.615,-112.25,1453.9,27.3,,13.0,,,2.1,,,,,,Ux.Mx.-------
RDH-27,41.5967,-112.23,1478.0,92.0,,36.0,,,2.5,,,,,,Ux.Mx.-------
RDH-34,45.0367,-107.05,1254.6,55.0,,24.8,,,2.2,,,,,,Ux.Mx.-------
RDH-A,45.9583,-112.7,1693.6,82.0,,38.9,,,2.1,,,,,,Ux.Mx.-------
RDH-BHSW,44.7833,-122.04,750.5,109.0,,67.6,,,1.6,,,,,,Ux.Mx.-------
RDH-GRRG,44.5617,-121.61,1057.9,123.0,,79.2,,,1.5,,,,,,Ux.Mx.-------
RDH-HCDS,43.7183,-122.42,550.0,57.0,,36.9,,,1.5,,,,,,Ux.Mx.-------
RDH-HOW,45.515,-122.27,205.9,54.0,,39.9,,,1.4,,,,,,Ux.Mx.-------
RDH-MCC,45.6133,-122.0,81.4,81.0,,51.1,,,1.6,,,,,,Ux.Mx.-------
RDH-OH,45.3433,-121.36,849.2,60.0,,40.0,,,1.5,,,,,,Ux.Mx.-------
RDH-OHNP,46.715,-121.58,706.8,98.0,,45.5,,,2.2,,,,,,Ux.Mx.-------
RDH-RAND,46.5233,-121.94,273.8,73.0,,41.6,,,1.8,,,,,,Ux.Mx.-------
RDH-RD19,45.3433,-121.92,676.3,70.0,,57.7,,,1.2,,,,,,Ux.Mx.-------
RDH-RKVL,43.2767,-117.1,1251.9,84.0,,74.7,,,1.1,,,,,,Ux.Mx.-------
RDH-SC,45.2767,-121.84,1022.7,90.0,,34.1,,,2.6,,,,,,Ux.Mx.-------
RDH-SDRV,45.4983,-122.28,122.5,55.0,,42.9,,,1.3,,,,,,Ux.Mx.-------
RDH-STH2,46.1733,-122.27,1040.6,45.0,,24.2,,,1.9,,,,,,Ux.Mx.-------
RDH-SU8,46.545,-122.85,156.0,37.0,,25.2,,,1.5,,,,,,Ux.Mx.-------
RDH-TCK,45.6283,-121.95,93.6,105.0,,74.2,,,1.4,,,,,,Ux.Mx.-------
RDH-U-LC,44.1333,-112.85,2051.6,93.0,,38.3,,,2.4,,,,,,Ux.Mx.-------
RDH-U-RG,44.0817,-112.13,1536.8,49.0,,20.3,,,2.4,,,,,,Ux.Mx.-------
RDH-WTPS,46.6383,-121.39,1481.7,96.0,,52.4,,,1.8,,,,,,Ux.Mx.-------
RED HILL,34.26,-108.69,2215.7,90.0,,40.8,,,2.2,,,,,,Ux.Mx.-------
RED RIVR,36.7167,-105.4,2779.1,79.0,,29.7,,,2.8,,,,,,Ux.Mx.-------
RED ROCK,32.6,-111.6,493.0,36.0,,26.4,,,1.4,,,,,,Ux.Mx.-------
REDRIV1,36.7083,-105.42,2796.5,103.6,,74.0,,,1.4,,,,,,Ux.Mx.-------
REDRIV2,36.7,-105.43,2855.3,38.9,,27.8,,,1.4,,,,,,Ux.Mx.-------
RE-WW,45.72,-119.02,365.4,67.0,,42.0,,,1.6,,,,,,Ux.Mx.-------
REYNOLDS,41.125,-114.97,1724.8,67.2,,24.9,,,2.7,,,,,,Ux.Mx.-------
RH-1-75,44.9017,-115.31,2277.7,124.0,,37.4,,,3.0,,,,,,Ux.Mx.-------
RHS-14,38.9017,-112.92,1744.8,105.0,,75.0,,,1.4,,,,,,Ux.Mx.-------
RHS-5,38.45,-112.95,1573.0,121.6,,58.2,,,2.1,,,,,,Ux.Mx.-------
RIENZI,34.7783,-88.57,142.0,21.0,,11.7,,,1.8,,,,,,Ux.Mx.-------
RIM WELL,35.64,-106.23,1988.6,67.2,,48.0,,,1.4,,,,,,Ux.Mx.-------
RIN,32.0733,-110.66,1053.6,68.0,,21.6,,,3.2,,,,,,Ux.Mx.-------
RIO BLAN,39.7667,-108.15,2188.9,56.0,,49.4,,,1.1,,,,,,Ux.Mx.-------
RJ-WW,44.4517,-122.83,312.6,30.0,,19.0,,,1.6,,,,,,Ux.Mx.-------
RKY,35.59,-118.86,467.0,77.68,,23.5,,,2.8,,,,,,Ux.Mx.-------
RLSVLL-2,35.7917,-78.42,94.7,54.0,,17.8,,,3.0,,,,,,Ux.Mx.-------
RLSVLL-4,35.9517,-78.33,96.7,50.0,,16.9,,,3.0,,,,,,Ux.Mx.-------
RL-WW,44.625,-122.72,215.1,38.0,,28.1,,,1.3,,,,,,Ux.Mx.-------
RN105,39.4833,-119.79,1359.7,81.9,,45.5,,,1.8,,,,,,Ux.Mx.-------
RN49,39.4833,-119.81,1387.3,132.0,,66.0,,,2.0,,,,,,Ux.Mx.-------
RN6,39.5,-119.83,1418.6,120.5,,70.9,,,1.7,,,,,,Ux.Mx.-------
RNDBRG A,35.4667,-117.63,1027.9,77.0,,30.3,,,2.5,,,,,,Ux.Mx.-------
RNDBRG A / RGA,35.4667,-117.63,1027.9,77.0,,30.3,,,2.5,,,,,,Ux.Mx.-------
RNDBRG B / RGB,35.38,-117.36,997.6,83.0,,29.7,,,2.8,,,,,,Ux.Mx.-------
RNDBRG C / RGC,35.3267,-117.63,1076.3,82.0,,29.1,,,2.8,,,,,,Ux.Mx.-------
RNDBRG CBL,35.32,-117.34,1154.2,70.0,,26.1,,,2.7,,,,,,Ux.Mx.-------
RNDBRG H,35.36,-117.51,827.5,71.0,,41.8,,,1.7,,,,,,Ux.Mx.-------
RNDBRG I,35.33,-117.51,797.2,75.0,,43.6,,,1.7,,,,,,Ux.Mx.-------
RNS-1,44.3533,-116.76,1143.7,74.0,,59.5,,,1.2,,,,,,Ux.Mx.-------
RNS-10,44.28,-116.66,1145.4,28.0,,18.4,,,1.6,,,,,,Ux.Mx.-------
RNS-15,44.2233,-116.51,1106.9,51.0,,44.0,,,1.1,,,,,,Ux.Mx.-------
RNS-16,44.2217,-116.55,1088.6,46.0,,31.6,,,1.5,,,,,,Ux.Mx.-------
RNS-18,44.1283,-116.65,792.6,79.0,,67.0,,,1.2,,,,,,Ux.Mx.-------
RNS-2,44.3433,-116.8,751.0,60.0,,43.8,,,1.4,,,,,,Ux.Mx.-------
RNS-3,44.325,-116.79,759.5,91.0,,59.6,,,1.5,,,,,,Ux.Mx.-------
RNS-40,43.67,-116.74,710.0,111.0,,75.8,,,1.5,,,,,,Ux.Mx.-------
RNS-6,44.24,-116.57,1079.0,108.0,,72.6,,,1.5,,,,,,Ux.Mx.-------
RNS-7,44.245,-116.54,1072.4,47.0,,38.6,,,1.2,,,,,,Ux.Mx.-------
ROARING,45.1583,-122.11,527.1,88.43,,56.7,,,1.6,,,,,,Ux.Mx.-------
ROCK SPRINGS,41.5933,-109.37,2213.9,45.0,,26.5,,,1.7,,,,,,Ux.Mx.-------
ROCK VLY,36.6333,-116.3,922.9,82.0,,31.1,,,2.6,,,,,,Ux.Mx.-------
ROLLA,37.9333,-91.76,325.7,57.0,,25.7,,,2.2,,,,,,Ux.Mx.-------
RONUP2A.,46.1767,-108.61,1214.1,43.0,,25.2,,,1.7,,,,,,Ux.Mx.-------
ROSE,44.4467,-109.04,1650.9,85.4,,61.0,,,1.4,,,,,,Ux.Mx.-------
ROSSBERG,43.42,-118.63,1260.8,63.0,,60.0,,,1.0,,,,,,Ux.Mx.-------
ROTH #1,38.8983,-102.1,1194.4,62.0,,45.7,,,1.4,,,,,,Ux.Mx.-------
ROTHWELL,41.7783,-101.68,1129.4,57.0,,47.5,,,1.2,,,,,,Ux.Mx.-------
ROWENACK,45.68,-121.31,184.1,46.0,,30.0,,,1.6,,,,,,Ux.Mx.-------
ROXBORO3,36.4283,-78.9,186.5,36.0,,10.3,,,3.5,,,,,,Ux.Mx.-------
RP-WW,42.1333,-121.92,1264.1,42.0,,55.0,,,0.8,,,,,,Ux.Mx.-------
RRCANS,33.5167,-108.18,2131.9,83.0,,61.8,,,1.3,,,,,,Ux.Mx.-------
RRGI-6,42.09,-113.36,1474.7,100.0,,40.0,,,2.5,,,,,,Ux.Mx.-------
RRGI-7,42.085,-113.36,1481.4,42.5,,17.0,,,2.5,,,,,,Ux.Mx.-------
RRVD 10,47.25,-97.27,306.6,31.0,,12.2,,,2.6,,,,,,Ux.Mx.-------
RRVD 2,46.0833,-97.08,338.1,51.0,,19.5,,,2.6,,,,,,Ux.Mx.-------
RS-1,46.4333,-119.78,861.9,56.0,,35.2,,,1.6,,,,,,Ux.Mx.-------
RUSHVLLE,42.6117,-102.21,1112.2,66.0,,38.6,,,1.7,,,,,,Ux.Mx.-------
RV-16,40.5367,-115.28,1820.2,146.4,,73.7,,,2.0,,,,,,Ux.Mx.-------
RV-4,40.56,-115.31,1881.2,125.5,,63.7,,,2.0,,,,,,Ux.Mx.-------
RV-8,40.545,-115.33,1919.1,142.3,,70.1,,,2.0,,,,,,Ux.Mx.-------
RW-1,39.5383,-118.56,1189.7,48.0,,21.8,,,2.2,,,,,,Ux.Mx.-------
RWINK1,43.0283,-114.73,1112.5,100.0,,68.4,,,1.5,,,,,,Ux.Mx.-------
RYANS,38.485,-112.76,2218.2,27.6,,19.7,,,1.4,,,,,,Ux.Mx.-------
S.LEWIS1,39.5383,-122.08,30.1,28.0,,18.9,,,1.5,,,,,,Ux.Mx.-------
S1,34.0733,-106.93,1448.2,76.6,,54.7,,,1.4,,,,,,Ux.Mx.-------
S1,39.615,-119.31,1267.6,62.8,,41.9,,,1.5,,,,,,Ux.Mx.-------
S2,43.4667,-118.58,1268.5,63.0,,69.5,,,0.9,,,,,,Ux.Mx.-------
S2,34.0617,-106.92,1440.8,53.4,,33.8,,,1.6,,,,,,Ux.Mx.-------
S3,34.0567,-106.94,1547.1,57.2,,40.6,,,1.4,,,,,,Ux.Mx.-------
S-75-E,40.075,-117.74,1094.5,111.2,,79.4,,,1.4,,,,,,Ux.Mx.-------
S-8,39.8967,-118.02,1251.0,66.2,,47.3,,,1.4,,,,,,Ux.Mx.-------
S-9,47.9433,-118.15,719.0,78.0,,26.0,,,3.0,,,,,,Ux.Mx.-------
SAL VL D,36.7983,-117.78,396.9,67.0,,37.9,,,1.8,,,,,,Ux.Mx.-------
SAL VL G,36.77,-117.81,345.7,52.0,,30.6,,,1.7,,,,,,Ux.Mx.-------
SAL VL I,36.7367,-117.83,329.6,72.0,,42.5,,,1.7,,,,,,Ux.Mx.-------
SAL VL J,36.7083,-117.71,357.8,71.0,,46.9,,,1.5,,,,,,Ux.Mx.-------
SALA1,37.4633,-105.8,2295.9,80.0,,66.5,,,1.2,,,,,,Ux.Mx.-------
SALA10,37.705,-105.96,2313.9,88.0,,72.1,,,1.2,,,,,,Ux.Mx.-------
SALA11,37.6617,-105.97,2315.1,59.0,,49.0,,,1.2,,,,,,Ux.Mx.-------
SALA12,37.59,-105.97,2313.9,88.0,,72.6,,,1.2,,,,,,Ux.Mx.-------
SALA13,37.6183,-106.0,2317.0,67.0,,55.5,,,1.2,,,,,,Ux.Mx.-------
SALA14,37.675,-106.02,2320.3,75.0,,62.2,,,1.2,,,,,,Ux.Mx.-------
SALA19,37.6167,-106.08,2327.7,34.0,,29.2,,,1.2,,,,,,Ux.Mx.-------
SALA2,37.4433,-105.88,2297.8,59.0,,59.8,,,1.0,,,,,,Ux.Mx.-------
SALA26,37.745,-106.31,2418.8,84.0,,66.6,,,1.3,,,,,,Ux.Mx.-------
SALA3,37.4733,-105.91,2303.0,59.0,,46.5,,,1.3,,,,,,Ux.Mx.-------
SALA4,37.5167,-105.88,2302.8,71.0,,59.7,,,1.2,,,,,,Ux.Mx.-------
SALA5,37.56,-105.89,2304.4,63.0,,52.7,,,1.2,,,,,,Ux.Mx.-------
SALA6,37.6317,-105.89,2306.2,71.0,,59.4,,,1.2,,,,,,Ux.Mx.-------
SALA7,37.6767,-105.89,2307.6,96.0,,79.3,,,1.2,,,,,,Ux.Mx.-------
SALA8,37.75,-105.85,2301.0,75.0,,57.2,,,1.3,,,,,,Ux.Mx.-------
SALA9,37.735,-105.91,2308.6,59.0,,56.0,,,1.0,,,,,,Ux.Mx.-------
SALISBUR,38.3433,-75.61,6.2,62.0,,42.1,,,1.5,,,,,,Ux.Mx.-------
SAN-AGST,34.0267,-107.82,2159.8,104.0,,51.8,,,2.0,,,,,,Ux.Mx.-------
SANCRIST,36.6333,-105.65,2322.0,131.0,,35.5,,,3.7,,,,,,Ux.Mx.-------
SANDERS,34.515,-88.97,114.7,34.0,,28.1,,,1.2,,,,,,Ux.Mx.-------
SANDLIN,46.43,-120.18,391.6,44.0,,28.8,,,1.6,,,,,,Ux.Mx.-------
SANGEJUE,30.0583,-104.6,1128.6,45.5,,20.7,,,2.2,,,,,,Ux.Mx.-------
SAP-JD1,35.4,-106.57,1597.3,97.0,,69.3,,,1.4,,,,,,Ux.Mx.-------
SAP-LV,35.3333,-106.53,1550.8,85.7,,61.2,,,1.4,,,,,,Ux.Mx.-------
SARANAC,44.3333,-74.27,504.1,34.0,,18.5,,,1.8,,,,,,Ux.Mx.-------
SASB-IC1,40.5483,-117.09,1651.0,144.0,,31.3,,,4.6,,,,,,Ux.Mx.-------
SASS-BC,40.615,-117.07,1854.7,116.6,,33.3,,,3.5,,,,,,Ux.Mx.-------
SASS-EC4,40.68,-117.07,1561.3,104.8,,34.9,,,3.0,,,,,,Ux.Mx.-------
SASS-SM2,40.9483,-116.02,1944.9,73.3,,22.2,,,3.3,,,,,,Ux.Mx.-------
SASS-TN1,40.3283,-116.72,1741.6,136.9,,34.2,,,4.0,,,,,,Ux.Mx.-------
SASS-TN2,40.2967,-116.67,1529.0,76.9,,30.8,,,2.5,,,,,,Ux.Mx.-------
SB1,39.45,-119.76,1368.3,45.0,,23.7,,,1.9,,,,,,Ux.Mx.-------
SB10,39.3383,-119.74,1727.3,131.4,,69.2,,,1.9,,,,,,Ux.Mx.-------
SB-11,39.3417,-119.73,1726.5,66.2,,47.3,,,1.4,,,,,,Ux.Mx.-------
SB15,39.4533,-119.72,1385.4,20.7,,10.9,,,1.9,,,,,,Ux.Mx.-------
SB16,39.385,-119.81,1687.2,65.7,,34.6,,,1.9,,,,,,Ux.Mx.-------
SB-1701,39.3333,-119.76,1697.0,79.0,,56.4,,,1.4,,,,,,Ux.Mx.-------
SB19,39.37,-119.79,1732.1,141.8,,74.6,,,1.9,,,,,,Ux.Mx.-------
SB2,39.4333,-119.77,1387.1,100.3,,52.8,,,1.9,,,,,,Ux.Mx.-------
SB-26,39.3183,-119.75,1770.2,58.6,,41.9,,,1.4,,,,,,Ux.Mx.-------
SB3,39.3967,-119.77,1483.3,110.7,,58.2,,,1.9,,,,,,Ux.Mx.-------
SB-31A,39.3083,-119.7,1979.5,51.0,,36.4,,,1.4,,,,,,Ux.Mx.-------
SB-36,39.305,-119.77,1627.5,35.7,,25.5,,,1.4,,,,,,Ux.Mx.-------
SB-38,39.2917,-119.74,1738.3,38.2,,27.3,,,1.4,,,,,,Ux.Mx.-------
SB4,39.355,-119.82,1688.8,110.7,,58.2,,,1.9,,,,,,Ux.Mx.-------
SB6,39.41,-119.8,1561.5,51.9,,27.3,,,1.9,,,,,,Ux.Mx.-------
SBE,69.38,-152.18,85.1,49.0,,18.1,,,2.6,,,,,,Ux.Mx.-------
SBLANCA,33.4667,-105.78,2451.1,70.0,,30.4,,,2.3,,,,,,Ux.Mx.-------
SB-ST-2,39.155,-112.54,1416.0,89.2,,63.7,,,1.4,,,,,,Ux.Mx.-------
SB-WW,45.3917,-122.36,172.9,41.0,,35.5,,,1.2,,,,,,Ux.Mx.-------
SCHURZ,38.95,-118.63,1328.3,79.0,,32.2,,,2.4,,,,,,Ux.Mx.-------
SCOTLAND,30.5483,-91.2,22.7,52.0,,21.4,,,2.4,,,,,,Ux.Mx.-------
SCOTT-WW,46.52,-117.76,548.1,54.0,,33.9,,,1.6,,,,,,Ux.Mx.-------
SD-1,32.6333,-107.0,1267.9,93.8,,67.0,,,1.4,,,,,,Ux.Mx.-------
SD-10,43.8467,-101.26,700.8,72.0,,65.7,,,1.1,,,,,,Ux.Mx.-------
SD-11,43.8083,-101.5,722.1,55.0,,51.2,,,1.1,,,,,,Ux.Mx.-------
SD-12,43.735,-102.23,757.3,35.0,,32.1,,,1.1,,,,,,Ux.Mx.-------
SD-7,45.26,-96.97,580.7,48.0,,40.0,,,1.2,,,,,,Ux.Mx.-------
SD-8,43.59,-101.86,806.7,56.0,,51.2,,,1.1,,,,,,Ux.Mx.-------
SED-12,40.4333,-119.39,1358.3,109.2,,54.6,,,2.0,,,,,,Ux.Mx.-------
SED2,40.4367,-119.43,1222.6,120.1,,60.1,,,2.0,,,,,,Ux.Mx.-------
SED-2,40.4383,-119.42,1226.4,127.4,,63.7,,,2.0,,,,,,Ux.Mx.-------
SED3,40.425,-119.47,1269.5,72.8,,36.4,,,2.0,,,,,,Ux.Mx.-------
SED4,40.4067,-119.48,1293.6,98.3,,49.1,,,2.0,,,,,,Ux.Mx.-------
SED5,40.3933,-119.45,1225.2,134.7,,67.3,,,2.0,,,,,,Ux.Mx.-------
SED7,40.3433,-119.47,1252.5,61.9,,30.9,,,2.0,,,,,,Ux.Mx.-------
SEDONA-1,34.9317,-111.82,1490.9,45.0,,12.4,,,3.7,,,,,,Ux.Mx.-------
SEI-10,42.99,-111.73,1874.7,109.0,,57.0,,,1.9,,,,,,Ux.Mx.-------
SEI-12,42.9067,-111.71,1922.6,121.0,,80.0,,,1.5,,,,,,Ux.Mx.-------
SEI-13,42.815,-111.6,1938.5,63.0,,29.0,,,2.2,,,,,,Ux.Mx.-------
SEI-14,42.75,-111.6,1830.0,75.0,,35.0,,,2.1,,,,,,Ux.Mx.-------
SEI-16,42.63,-111.63,1765.1,138.0,,66.0,,,2.1,,,,,,Ux.Mx.-------
SEI-17,42.6783,-111.53,1892.6,29.0,,23.0,,,1.3,,,,,,Ux.Mx.-------
SEI-18,42.645,-111.51,1913.2,84.0,,50.0,,,1.7,,,,,,Ux.Mx.-------
SF-1,40.49,-111.91,1357.9,80.0,,50.0,,,1.6,,,,,,Ux.Mx.-------
SFM-1,44.1867,-123.83,272.8,35.0,,35.0,,,1.5,,,,,,Ux.Mx.-------
SGV8183,40.5783,-117.51,1776.8,47.0,,43.1,,,1.1,,,,,,Ux.Mx.-------
SGV8188,40.5283,-117.56,1612.6,90.0,,75.3,,,1.2,,,,,,Ux.Mx.-------
SGV8190,40.5117,-117.63,1492.2,89.0,,32.8,,,2.7,,,,,,Ux.Mx.-------
SHAMA872,44.49,-114.34,2144.5,83.2,,20.3,,,4.1,,,,,,Ux.Mx.-------
SHASTA,41.5533,-122.26,1132.6,62.0,,24.5,,,2.5,,,,,,Ux.Mx.-------
SHEEPDRW,43.19,-103.9,1146.6,64.3,,53.6,,,1.2,,,,,,Ux.Mx.-------
SHELBY,33.9417,-90.77,45.6,56.0,,27.4,,,2.0,,,,,,Ux.Mx.-------
Sh-HH15,38.715,-122.69,798.2,140.0,,43.9,,,2.6,,,,,,Ux.Mx.-------
Sh-HH38,38.8167,-122.9,535.0,111.0,,28.0,,,3.2,,,,,,Ux.Mx.-------
Sh-HH46,38.845,-122.91,608.7,58.0,,17.0,,,3.2,,,,,,Ux.Mx.-------
SHHLNE,37.7667,-103.62,1434.2,66.0,,32.7,,,2.0,,,,,,Ux.Mx.-------
SHHLNE,37.7667,-103.62,1434.2,93.0,,46.4,,,2.0,,,,,,Ux.Mx.-------
Shields 1,36.71,-98.12,349.3,43.0,,23.6,,,1.8,,,,,,Ux.Mx.-------
SHINNECOCK 33-8,38.5933,-102.49,1247.9,67.5,,49.7,,,1.4,,,,,,Ux.Mx.-------
SHIPRK,36.6,-108.65,1630.0,66.0,,19.1,,,3.4,,,,,,Ux.Mx.-------
SHJ-140,35.0233,-90.12,85.2,31.0,,12.5,,,2.5,,,,,,Ux.Mx.-------
SHMWYWW,43.9017,-121.03,1308.9,46.0,,34.6,,,1.4,,,,,,Ux.Mx.-------
SHMWYWW1,43.87,-121.01,1308.8,79.0,,56.5,,,1.4,,,,,,Ux.Mx.-------
SHMWYWW2,43.845,-120.99,1312.8,54.0,,40.1,,,1.4,,,,,,Ux.Mx.-------
SHO-181,35.1533,-90.02,78.1,52.0,,18.8,,,2.8,,,,,,Ux.Mx.-------
SHRORCH,46.73,-120.78,626.2,53.0,,35.9,,,1.5,,,,,,Ux.Mx.-------
SH-WW,43.5417,-121.6,1322.2,46.0,,18.2,,,1.4,,,,,,Ux.Mx.-------
SI-50,42.595,-111.5,1784.1,28.0,,20.0,,,1.4,,,,,,Ux.Mx.-------
SI-52,42.575,-111.52,1835.7,51.2,,36.6,,,1.4,,,,,,Ux.Mx.-------
SIDNEY,41.1367,-102.94,1242.7,66.0,,50.6,,,1.3,,,,,,Ux.Mx.-------
SIEROJ,37.2667,-105.23,3479.6,102.0,,58.4,,,1.7,,,,,,Ux.Mx.-------
SIERRAMD11,41.225,-107.14,2937.2,40.0,,15.2,,,2.6,,,,,,Ux.Mx.-------
SIERRITA,31.8833,-111.13,1227.5,85.0,,30.4,,,2.8,,,,,,Ux.Mx.-------
SIG,34.4733,-113.7,636.3,115.0,,34.7,,,3.3,,,,,,Ux.Mx.-------
SIKES,32.095,-92.49,53.9,75.0,,30.3,,,2.5,,,,,,Ux.Mx.-------
SILOAM,38.2333,-104.93,1654.5,84.0,,38.7,,,2.2,,,,,,Ux.Mx.-------
SILVER B,32.4167,-111.53,896.0,87.0,,25.5,,,3.4,,,,,,Ux.Mx.-------
SILVER I,41.0333,-113.78,1331.4,88.0,,38.7,,,2.3,,,,,,Ux.Mx.-------
SILVER L,43.8833,-71.18,173.5,64.0,,20.7,,,3.1,,,,,,Ux.Mx.-------
SIMMS,36.1333,-104.72,1932.1,65.0,,43.6,,,1.5,,,,,,Ux.Mx.-------
SISSETON,45.71,-96.92,345.7,51.5,,42.9,,,1.2,,,,,,Ux.Mx.-------
SIXTNG,36.3167,-107.82,2071.1,70.0,,33.4,,,2.1,,,,,,Ux.Mx.-------
SJV-2,36.7633,-119.66,107.1,57.0,,33.7,,,1.7,,,,,,Ux.Mx.-------
SJV-8,36.735,-120.22,53.8,44.0,,28.0,,,1.6,,,,,,Ux.Mx.-------
SL 84-33,39.555,-118.84,1214.2,45.5,,18.2,,,2.5,,,,,,Ux.Mx.-------
SL-10,39.67,-118.8,1197.4,91.3,,65.2,,,1.4,,,,,,Ux.Mx.-------
SL-11,39.6767,-118.84,1192.2,99.1,,70.8,,,1.4,,,,,,Ux.Mx.-------
SL-12,39.645,-118.83,1199.7,44.7,,31.9,,,1.4,,,,,,Ux.Mx.-------
SL-33,39.5367,-118.88,1224.6,101.6,,50.8,,,2.0,,,,,,Ux.Mx.-------
SL-4,39.52,-118.96,1230.0,59.2,,29.6,,,2.0,,,,,,Ux.Mx.-------
SL-5,39.505,-118.91,1226.8,58.8,,29.4,,,2.0,,,,,,Ux.Mx.-------
SLATERC1,40.9167,-107.43,2540.9,60.0,,22.1,,,2.5,,,,,,Ux.Mx.-------
SM-2,39.725,-113.23,1442.9,123.0,,62.6,,,2.0,,,,,,Ux.Mx.-------
SM63,29.995,-104.62,995.9,138.3,,36.4,,,3.8,,,,,,Ux.Mx.-------
SM69,29.97,-104.65,910.9,36.4,,18.2,,,2.0,,,,,,Ux.Mx.-------
SME,70.61,-156.89,13.6,87.0,,44.0,,,1.9,,,,,,Ux.Mx.-------
SMKYHILL,38.8717,-97.57,368.7,57.0,,28.2,,,2.0,,,,,,Ux.Mx.-------
SMU GM1,42.5983,-115.96,1477.8,130.0,,74.7,,,1.7,,,,,,Ux.Mx.-------
SMU GV2,44.0383,-115.92,1164.8,94.0,,33.1,,,2.8,,,,,,Ux.Mx.-------
SMU IB 1,43.6567,-115.28,1696.9,69.0,,22.6,,,3.0,,,,,,Ux.Mx.-------
SMU IB-2,43.54,-115.44,1742.6,97.0,,27.8,,,3.5,,,,,,Ux.Mx.-------
SMU IB-3,43.3833,-115.72,1463.7,98.0,,27.4,,,3.6,,,,,,Ux.Mx.-------
SMU IB-4,43.955,-115.62,1622.2,73.0,,20.6,,,3.6,,,,,,Ux.Mx.-------
SMU LHS1,44.18,-112.52,1640.2,140.0,,57.6,,,2.4,,,,,,Ux.Mx.-------
SMU MBH1,43.2,-114.74,1638.5,73.0,,51.4,,,1.4,,,,,,Ux.Mx.-------
SMU SP2,44.3683,-112.14,1899.0,76.0,,45.7,,,1.7,,,,,,Ux.Mx.-------
SMU SP3,44.3283,-112.21,1797.3,113.0,,54.5,,,2.1,,,,,,Ux.Mx.-------
SNYSID,35.5333,-106.98,1853.2,72.0,,39.4,,,1.8,,,,,,Ux.Mx.-------
SOH,70.42,-151.73,14.5,83.0,,32.5,,,2.7,,,,,,Ux.Mx.-------
SOUTE2,37.05,-107.8,2136.0,100.0,,49.8,,,2.0,,,,,,Ux.Mx.-------
SP1,39.595,-119.42,1423.5,124.5,,65.5,,,1.9,,,,,,Ux.Mx.-------
SP10,40.03,-118.85,1319.3,114.1,,60.1,,,1.9,,,,,,Ux.Mx.-------
SP-11,42.2433,-118.32,1393.1,67.0,,67.8,,,1.0,,,,,,Ux.Mx.-------
SP13,39.995,-118.73,1466.2,72.6,,38.2,,,1.9,,,,,,Ux.Mx.-------
SP17,40.2733,-118.75,1679.3,65.7,,34.6,,,1.9,,,,,,Ux.Mx.-------
SP2,39.625,-119.35,1343.2,100.3,,52.8,,,1.9,,,,,,Ux.Mx.-------
SP-20,40.1783,-118.82,1356.1,84.1,,60.1,,,1.4,,,,,,Ux.Mx.-------
SP24,39.6667,-119.34,1281.5,105.0,,75.0,,,1.4,,,,,,Ux.Mx.-------
SP-28,39.8983,-119.06,1335.3,91.7,,65.5,,,1.4,,,,,,Ux.Mx.-------
SP29,40.0667,-118.79,1549.5,69.2,,36.4,,,1.9,,,,,,Ux.Mx.-------
SP3,39.6433,-119.4,1532.2,65.7,,34.6,,,1.9,,,,,,Ux.Mx.-------
SP34,39.6483,-119.26,1259.6,51.9,,27.3,,,1.9,,,,,,Ux.Mx.-------
SP-37,39.8383,-119.92,1615.8,96.8,,69.2,,,1.4,,,,,,Ux.Mx.-------
SP38,39.955,-119.16,1594.0,141.8,,74.6,,,1.9,,,,,,Ux.Mx.-------
SP-38,39.9533,-119.16,1592.8,104.5,,74.6,,,1.4,,,,,,Ux.Mx.-------
SP-39,40.02,-119.22,1743.2,56.1,,40.0,,,1.4,,,,,,Ux.Mx.-------
SP4,39.6733,-119.37,1390.6,96.8,,51.0,,,1.9,,,,,,Ux.Mx.-------
SP-40,40.0967,-118.97,1258.1,40.8,,29.1,,,1.4,,,,,,Ux.Mx.-------
SP-41,40.03,-118.94,1304.8,96.8,,69.2,,,1.4,,,,,,Ux.Mx.-------
SP-45,40.1533,-118.91,1212.2,68.8,,49.1,,,1.4,,,,,,Ux.Mx.-------
SP-46,40.145,-118.86,1297.8,109.6,,78.3,,,1.4,,,,,,Ux.Mx.-------
SP-47,40.1667,-118.8,1454.9,53.5,,38.2,,,1.4,,,,,,Ux.Mx.-------
SP-50,40.2467,-118.88,1212.7,43.3,,30.9,,,1.4,,,,,,Ux.Mx.-------
SP-51,40.2917,-118.86,1224.8,45.9,,32.8,,,1.4,,,,,,Ux.Mx.-------
SP-56,40.1583,-118.57,1283.7,30.6,,21.8,,,1.4,,,,,,Ux.Mx.-------
SP-58,40.1367,-118.66,1377.1,79.0,,56.4,,,1.4,,,,,,Ux.Mx.-------
SP-59,40.0833,-118.69,1374.2,86.6,,61.9,,,1.4,,,,,,Ux.Mx.-------
SP-69,40.1717,-118.65,1474.3,86.6,,61.9,,,1.4,,,,,,Ux.Mx.-------
SP7,40.0717,-118.96,1276.2,83.0,,43.7,,,1.9,,,,,,Ux.Mx.-------
SP-72,40.135,-118.62,1373.0,89.2,,63.7,,,1.4,,,,,,Ux.Mx.-------
SP-73,40.205,-118.68,1675.8,66.2,,47.3,,,1.4,,,,,,Ux.Mx.-------
SP-79,40.1967,-118.61,1403.2,53.5,,38.2,,,1.4,,,,,,Ux.Mx.-------
SP8,40.055,-119.06,1642.2,55.3,,29.1,,,1.9,,,,,,Ux.Mx.-------
SP-81,40.2633,-118.68,1660.0,71.3,,51.0,,,1.4,,,,,,Ux.Mx.-------
SP9,40.0433,-118.91,1277.0,141.8,,74.6,,,1.9,,,,,,Ux.Mx.-------
SPBrady1,39.7967,-119.01,1264.2,99.0,,45.0,,,2.2,,,,,,Ux.Mx.-------
SPBrady1,39.7967,-119.01,1264.2,121.0,,55.0,,,2.2,,,,,,Ux.Mx.-------
SPF19617,34.54,-107.98,2270.2,55.0,,17.4,,,2.3,,,,,,Ux.Mx.-------
SPk-01,37.7383,-117.66,1392.8,109.6,,78.3,,,1.4,,,,,,Ux.Mx.-------
SPk-02,37.8183,-117.59,1319.5,40.8,,29.1,,,1.4,,,,,,Ux.Mx.-------
SPk-05,37.8133,-117.68,1632.9,79.0,,56.4,,,1.4,,,,,,Ux.Mx.-------
SPk-07,37.835,-117.61,1377.1,68.8,,49.1,,,1.4,,,,,,Ux.Mx.-------
SPk-08,37.8467,-117.66,1489.3,79.0,,56.4,,,1.4,,,,,,Ux.Mx.-------
SPk-12,37.8933,-117.72,1532.6,99.4,,71.0,,,1.4,,,,,,Ux.Mx.-------
SPk-16,37.905,-117.77,1547.9,81.5,,58.2,,,1.4,,,,,,Ux.Mx.-------
SPOR MT,39.7167,-113.22,1475.9,125.0,,55.5,,,2.3,,,,,,Ux.Mx.-------
SPRING V,39.2833,-114.35,1813.1,79.0,,21.0,,,3.8,,,,,,Ux.Mx.-------
SQUAW SP,42.4567,-106.07,2355.9,69.0,,29.0,,,2.4,,,,,,Ux.Mx.-------
S-R 1,36.2117,-105.81,2203.6,55.2,,39.4,,,1.4,,,,,,Ux.Mx.-------
SR-2,39.8683,-118.02,1195.0,73.8,,32.8,,,2.2,,,,,,Ux.Mx.-------
SR-A,39.775,-118.09,1072.0,67.2,,48.0,,,1.4,,,,,,Ux.Mx.-------
SR-B,39.8183,-118.03,1066.0,63.0,,45.0,,,1.4,,,,,,Ux.Mx.-------
SR-C,39.8333,-118.09,1821.0,75.6,,54.0,,,1.4,,,,,,Ux.Mx.-------
SR-D,39.8317,-118.03,1110.7,107.8,,77.0,,,1.4,,,,,,Ux.Mx.-------
SRD 3&4,38.72,-110.14,1336.5,49.0,,13.2,,,3.8,,,,,,Ux.Mx.-------
SR-H,39.89,-118.01,1108.8,56.0,,40.0,,,1.4,,,,,,Ux.Mx.-------
SR-I,39.89,-117.99,1036.8,91.0,,65.0,,,1.4,,,,,,Ux.Mx.-------
SR-J,39.89,-117.99,1036.8,50.4,,36.0,,,1.4,,,,,,Ux.Mx.-------
SR-K,39.9383,-117.94,1107.3,106.4,,76.0,,,1.4,,,,,,Ux.Mx.-------
SRS-4,38.7733,-111.06,1770.8,54.0,,14.4,,,3.8,,,,,,Ux.Mx.-------
SRS-5,38.59,-111.06,1907.8,79.0,,19.3,,,3.8,,,,,,Ux.Mx.-------
SRS-6,38.5867,-111.32,1842.0,86.0,,28.0,,,3.1,,,,,,Ux.Mx.-------
SRS-7,38.7633,-111.28,1938.2,100.0,,35.0,,,2.9,,,,,,Ux.Mx.-------
SRS-9,39.1033,-110.68,1782.5,98.0,,24.8,,,3.9,,,,,,Ux.Mx.-------
SS-18,45.775,-122.2,642.7,57.0,,20.3,,,2.8,,,,,,Ux.Mx.-------
SS-21,45.7733,-122.19,755.8,66.0,,23.5,,,2.9,,,,,,Ux.Mx.-------
SS-22,45.7733,-122.22,820.4,65.0,,23.2,,,2.8,,,,,,Ux.Mx.-------
SS-4,45.775,-122.2,642.7,44.0,,15.5,,,2.8,,,,,,Ux.Mx.-------
SS-6,45.77,-122.2,623.8,82.0,,29.2,,,2.8,,,,,,Ux.Mx.-------
ST DAM23,44.1567,-122.24,446.2,71.0,,56.3,,,1.3,,,,,,Ux.Mx.-------
ST-10,31.8333,-106.7,1248.0,33.6,,24.0,,,1.4,,,,,,Ux.Mx.-------
ST-12,31.8833,-106.67,1188.6,71.4,,51.0,,,1.4,,,,,,Ux.Mx.-------
ST-14,31.85,-106.72,1247.9,49.0,,35.0,,,1.4,,,,,,Ux.Mx.-------
ST-15,31.8667,-106.65,1159.0,44.8,,32.0,,,1.4,,,,,,Ux.Mx.-------
ST-2,31.7483,-109.79,1395.9,112.0,,28.6,,,3.9,,,,,,Ux.Mx.-------
ST-21,31.8333,-106.62,1164.1,60.2,,43.0,,,1.4,,,,,,Ux.Mx.-------
ST-23,31.8333,-106.62,1164.1,56.0,,40.0,,,1.4,,,,,,Ux.Mx.-------
ST-25,31.8667,-106.7,1247.0,84.0,,60.0,,,1.4,,,,,,Ux.Mx.-------
ST-26,31.8667,-106.7,1247.0,50.4,,36.0,,,1.4,,,,,,Ux.Mx.-------
ST-26,31.8667,-106.7,1247.0,103.6,,74.0,,,1.4,,,,,,Ux.Mx.-------
ST-27,31.8667,-106.68,1224.6,35.0,,25.0,,,1.4,,,,,,Ux.Mx.-------
ST-27,31.8667,-106.68,1224.6,98.0,,70.0,,,1.4,,,,,,Ux.Mx.-------
ST-28,31.8667,-106.67,1195.4,54.6,,39.0,,,1.4,,,,,,Ux.Mx.-------
ST-29,31.85,-106.68,1231.6,46.2,,33.0,,,1.4,,,,,,Ux.Mx.-------
ST-29,31.85,-106.68,1231.6,84.0,,60.0,,,1.4,,,,,,Ux.Mx.-------
ST-30,31.8333,-106.67,1239.8,46.2,,33.0,,,1.4,,,,,,Ux.Mx.-------
ST-31,31.8333,-106.67,1239.8,106.4,,76.0,,,1.4,,,,,,Ux.Mx.-------
ST-5,31.85,-106.68,1231.6,47.6,,34.0,,,1.4,,,,,,Ux.Mx.-------
ST-5,31.85,-106.68,1231.6,102.2,,73.0,,,1.4,,,,,,Ux.Mx.-------
ST-6,31.8667,-106.68,1224.6,39.2,,28.0,,,1.4,,,,,,Ux.Mx.-------
ST-6,31.8667,-106.68,1224.6,74.2,,53.0,,,1.4,,,,,,Ux.Mx.-------
ST-7,31.85,-106.63,1151.3,78.4,,56.0,,,1.4,,,,,,Ux.Mx.-------
ST-9,31.85,-106.68,1231.6,33.6,,24.0,,,1.4,,,,,,Ux.Mx.-------
ST-9,31.85,-106.68,1231.6,93.8,,67.0,,,1.4,,,,,,Ux.Mx.-------
STANFIEL,32.7767,-111.99,467.4,110.0,,28.4,,,3.9,,,,,,Ux.Mx.-------
STARKMAN,33.1817,-88.47,75.1,44.0,,14.4,,,3.0,,,,,,Ux.Mx.-------
STARLK,35.9333,-107.47,2025.7,67.0,,28.2,,,2.4,,,,,,Ux.Mx.-------
Station-1,32.1883,-108.1,1380.4,121.8,,51.0,,,2.4,,,,,,Ux.Mx.-------
Station-3,32.1883,-108.1,1380.4,45.2,,35.9,,,1.3,,,,,,Ux.Mx.-------
Station-4,32.1883,-108.1,1380.4,138.1,,49.1,,,2.8,,,,,,Ux.Mx.-------
Station-7,32.1883,-108.1,1380.4,87.4,,38.1,,,2.3,,,,,,Ux.Mx.-------
Station-8,32.1883,-108.1,1380.4,63.6,,30.7,,,2.1,,,,,,Ux.Mx.-------
Station-9,32.1883,-108.1,1380.4,50.6,,29.4,,,1.7,,,,,,Ux.Mx.-------
STBLOK,42.7967,-120.1,1434.5,47.9,,43.5,,,1.1,,,,,,Ux.Mx.-------
STEAMBOAT SPRINGS,39.37,-119.77,1593.8,25.5,,18.2,,,1.4,,,,,,Ux.Mx.-------
STELLA,40.1867,-95.83,320.5,54.0,,30.0,,,1.8,,,,,,Ux.Mx.-------
Strat 8,39.76,-119.0,1292.0,127.4,,63.7,,,2.0,,,,,,Ux.Mx.-------
STREVELL,42.0283,-113.57,1623.9,117.0,,62.0,,,2.1,,,,,,Ux.Mx.-------
STURDVNT,42.1733,-122.69,775.8,54.0,,17.6,,,3.0,,,,,,Ux.Mx.-------
STURM-1,44.0933,-111.43,1597.8,103.0,,48.0,,,2.3,,,,,,Ux.Mx.-------
SU-10,46.53,-122.82,165.7,38.0,,34.8,,,1.1,,,,,,Ux.Mx.-------
SUMMTVLL,37.4333,-106.6,3532.0,108.0,,41.0,,,2.6,,,,,,Ux.Mx.-------
SUN58-28,44.76,-121.96,934.7,105.0,,56.0,,,1.9,,,,,,Ux.Mx.-------
SUN-BR5,44.8017,-121.99,974.9,75.0,,55.4,,,1.4,,,,,,Ux.Mx.-------
SUN-BRA1,44.8183,-121.94,1318.8,88.0,,63.5,,,1.4,,,,,,Ux.Mx.-------
SUN-BRA5,44.725,-121.97,1300.7,96.0,,69.9,,,1.4,,,,,,Ux.Mx.-------
SUNHUB25,42.7867,-111.61,1906.0,54.9,,30.0,,,1.8,,,,,,Ux.Mx.-------
SUNLIGHT,44.75,-109.41,1989.9,69.0,,30.4,,,2.3,,,,,,Ux.Mx.-------
SUNNYVAL,37.45,-122.03,-0.2,85.0,,58.6,,,1.4,,,,,,Ux.Mx.-------
SUNSA11,44.3533,-122.07,1086.5,101.0,,73.2,,,1.4,,,,,,Ux.Mx.-------
SUNSA12,44.305,-122.01,923.5,67.0,,42.0,,,1.6,,,,,,Ux.Mx.-------
SUNSA14,44.2667,-121.97,1140.7,78.7,,49.2,,,1.6,,,,,,Ux.Mx.-------
SUNSA16,44.1467,-122.04,884.1,40.6,,25.4,,,1.6,,,,,,Ux.Mx.-------
SUNSA19,44.16,-122.0,883.7,80.0,,50.3,,,1.6,,,,,,Ux.Mx.-------
SUNSA3,44.4617,-122.05,1315.2,20.9,,18.2,,,1.1,,,,,,Ux.Mx.-------
SUNSA5,44.435,-122.01,1051.5,37.7,,36.4,,,1.0,,,,,,Ux.Mx.-------
SUNSA7,44.4167,-122.06,1164.0,85.0,,61.2,,,1.4,,,,,,Ux.Mx.-------
SUSCRCPG,43.2967,-122.89,437.6,53.0,,33.5,,,1.6,,,,,,Ux.Mx.-------
SUZY 10,40.5067,-120.66,1696.4,77.0,,55.0,,,1.4,,,,,,Ux.Mx.-------
SV01-ZAM,38.84,-121.84,5.2,27.0,,19.2,,,1.4,,,,,,Ux.Mx.-------
SV02-YC,39.4567,-121.99,25.8,33.0,,24.8,,,1.3,,,,,,Ux.Mx.-------
SV03-NIC,38.9167,-121.61,8.2,29.0,,20.3,,,1.4,,,,,,Ux.Mx.-------
SV-74-23,39.7617,-114.81,1803.6,54.6,,39.0,,,1.4,,,,,,Ux.Mx.-------
SV-74-23,39.7617,-114.81,1803.6,85.1,,60.8,,,1.4,,,,,,Ux.Mx.-------
SW15,30.9783,-104.97,1290.9,127.4,,63.7,,,2.0,,,,,,Ux.Mx.-------
SW3,31.0017,-104.97,1332.2,72.8,,36.4,,,2.0,,,,,,Ux.Mx.-------
SW30,31.0567,-105.02,1349.5,72.8,,36.4,,,2.0,,,,,,Ux.Mx.-------
SW31,31.035,-104.99,1383.0,109.2,,54.6,,,2.0,,,,,,Ux.Mx.-------
SW32,31.0483,-105.0,1366.1,72.8,,36.4,,,2.0,,,,,,Ux.Mx.-------
SW37,31.03,-105.04,1319.4,145.6,,72.8,,,2.0,,,,,,Ux.Mx.-------
SW4,31.0033,-104.99,1314.2,145.6,,72.8,,,2.0,,,,,,Ux.Mx.-------
SW41,31.0317,-105.0,1354.0,72.8,,36.4,,,2.0,,,,,,Ux.Mx.-------
SW42,31.035,-105.02,1330.1,145.6,,72.8,,,2.0,,,,,,Ux.Mx.-------
SW5,31.0283,-105.0,1349.0,109.2,,54.6,,,2.0,,,,,,Ux.Mx.-------
SW9,30.99,-104.99,1297.3,109.2,,54.6,,,2.0,,,,,,Ux.Mx.-------
SWB A1,39.2817,-118.53,1234.2,140.9,,78.3,,,1.8,,,,,,Ux.Mx.-------
SWB A2,39.275,-118.49,1194.7,134.3,,74.6,,,1.8,,,,,,Ux.Mx.-------
SWB A3,39.2433,-118.5,1247.2,108.1,,60.1,,,1.8,,,,,,Ux.Mx.-------
SWB A4,39.2417,-118.44,1204.1,65.5,,36.4,,,1.8,,,,,,Ux.Mx.-------
SWB A5,39.2717,-118.41,1228.3,81.9,,45.5,,,1.8,,,,,,Ux.Mx.-------
SWB A6,39.2967,-118.4,1279.6,78.6,,43.7,,,1.8,,,,,,Ux.Mx.-------
SWB A7,39.3117,-118.43,1242.9,68.8,,38.2,,,1.8,,,,,,Ux.Mx.-------
SWB1,39.37,-118.58,1214.2,86.8,,48.2,,,1.8,,,,,,Ux.Mx.-------
SWB7,39.3733,-118.56,1227.1,57.3,,31.9,,,1.8,,,,,,Ux.Mx.-------
SWB-9,39.3433,-118.61,1228.4,68.7,,49.1,,,1.4,,,,,,Ux.Mx.-------
SWS-18,31.805,-111.31,1063.0,100.0,,52.2,,,1.9,,,,,,Ux.Mx.-------
SWW,44.8383,-122.84,121.5,55.0,,34.4,,,1.6,,,,,,Ux.Mx.-------
SXR-1,39.6817,-115.53,2054.8,65.6,,43.7,,,1.5,,,,,,Ux.Mx.-------
SXR-1,39.6817,-115.53,2054.8,114.6,,38.2,,,3.0,,,,,,Ux.Mx.-------
SXR-19,39.6883,-115.53,2075.5,67.2,,48.0,,,1.4,,,,,,Ux.Mx.-------
SXR-2,39.6833,-115.53,2058.3,43.4,,31.0,,,1.4,,,,,,Ux.Mx.-------
SXR-31,39.695,-115.53,2102.6,61.6,,44.0,,,1.4,,,,,,Ux.Mx.-------
SXR-9,39.6867,-115.53,2069.1,43.4,,31.0,,,1.4,,,,,,Ux.Mx.-------
T-1,40.5667,-117.68,1437.4,65.0,,55.0,,,1.3,,,,,,Ux.Mx.-------
T100,40.0617,-119.16,1577.8,103.7,,69.2,,,1.5,,,,,,Ux.Mx.-------
T103,40.43,-118.29,1301.7,109.2,,54.6,,,2.0,,,,,,Ux.Mx.-------
T107,40.1567,-118.69,1514.8,81.9,,54.6,,,1.5,,,,,,Ux.Mx.-------
T-107,39.6367,-113.14,1623.4,63.8,,45.6,,,1.4,,,,,,Ux.Mx.-------
T108,39.9967,-119.19,1573.7,138.3,,72.8,,,1.9,,,,,,Ux.Mx.-------
T-108,39.6283,-113.12,1667.6,63.8,,45.6,,,1.4,,,,,,Ux.Mx.-------
T-109,39.6917,-113.11,1817.9,68.9,,49.2,,,1.4,,,,,,Ux.Mx.-------
T11,40.1017,-118.93,1239.2,100.3,,52.8,,,1.9,,,,,,Ux.Mx.-------
T111,40.4267,-118.42,1454.4,81.9,,45.5,,,1.8,,,,,,Ux.Mx.-------
T113,40.3183,-118.33,1272.4,78.6,,29.1,,,2.7,,,,,,Ux.Mx.-------
T-113,39.585,-113.09,1791.8,74.0,,52.9,,,1.4,,,,,,Ux.Mx.-------
T114,40.36,-118.35,1273.8,72.8,,36.4,,,2.0,,,,,,Ux.Mx.-------
T115,40.3717,-118.42,1424.2,99.0,,61.9,,,1.6,,,,,,Ux.Mx.-------
T116,39.9733,-118.44,1206.7,114.7,,63.7,,,1.8,,,,,,Ux.Mx.-------
T118,40.3083,-118.37,1244.3,112.8,,56.4,,,2.0,,,,,,Ux.Mx.-------
T12,40.0783,-119.02,1401.0,107.2,,56.4,,,1.9,,,,,,Ux.Mx.-------
T120,40.05,-118.66,1210.4,58.2,,29.1,,,2.0,,,,,,Ux.Mx.-------
T123,39.9817,-118.97,1359.8,27.7,,14.6,,,1.9,,,,,,Ux.Mx.-------
T128,40.385,-118.75,1343.6,73.7,,49.1,,,1.5,,,,,,Ux.Mx.-------
T129,40.4183,-118.75,1318.9,71.0,,47.3,,,1.5,,,,,,Ux.Mx.-------
T130,40.445,-118.64,1380.4,107.8,,71.9,,,1.5,,,,,,Ux.Mx.-------
T-134,39.96,-119.03,1413.6,79.0,,56.4,,,1.4,,,,,,Ux.Mx.-------
T-136,40.2067,-118.9,1207.5,93.4,,49.1,,,1.9,,,,,,Ux.Mx.-------
T-137,40.1817,-118.99,1232.5,48.4,,34.6,,,1.4,,,,,,Ux.Mx.-------
T17,39.9367,-118.96,1487.8,88.1,,40.0,,,2.2,,,,,,Ux.Mx.-------
T18,39.9183,-118.83,1219.1,59.0,,32.8,,,1.8,,,,,,Ux.Mx.-------
T19,39.9483,-118.71,1211.4,72.1,,40.0,,,1.8,,,,,,Ux.Mx.-------
T20,40.0783,-118.43,1200.9,142.3,,61.9,,,2.3,,,,,,Ux.Mx.-------
T23,40.5217,-118.63,1413.3,62.8,,41.9,,,1.5,,,,,,Ux.Mx.-------
T-23,40.5817,-117.66,1409.3,79.0,,61.0,,,1.3,,,,,,Ux.Mx.-------
T24,40.6333,-118.61,1473.5,99.0,,61.9,,,1.6,,,,,,Ux.Mx.-------
T-24,40.5717,-117.66,1417.2,84.0,,68.0,,,1.3,,,,,,Ux.Mx.-------
T25,40.6,-118.49,1594.4,46.6,,29.1,,,1.6,,,,,,Ux.Mx.-------
T-25,40.5533,-117.68,1467.1,67.0,,56.0,,,1.2,,,,,,Ux.Mx.-------
T26,40.5433,-118.5,1425.0,134.3,,74.6,,,1.8,,,,,,Ux.Mx.-------
T-26,40.555,-117.67,1446.9,96.0,,77.0,,,1.3,,,,,,Ux.Mx.-------
T27,40.0667,-118.68,1301.8,116.5,,58.2,,,2.0,,,,,,Ux.Mx.-------
T29,40.1033,-118.7,1499.1,127.4,,63.7,,,2.0,,,,,,Ux.Mx.-------
T3,40.32,-118.64,1649.4,84.5,,49.1,,,1.7,,,,,,Ux.Mx.-------
T30,40.075,-118.77,1675.4,119.4,,74.6,,,1.6,,,,,,Ux.Mx.-------
T32,40.135,-118.98,1233.0,79.5,,41.9,,,1.9,,,,,,Ux.Mx.-------
T34,40.1883,-118.8,1401.9,90.1,,60.1,,,1.5,,,,,,Ux.Mx.-------
T35,40.2283,-118.78,1560.9,99.0,,61.9,,,1.6,,,,,,Ux.Mx.-------
T4,40.26,-118.89,1203.1,121.4,,52.8,,,2.3,,,,,,Ux.Mx.-------
T40,40.2933,-118.98,1193.4,148.7,,78.3,,,1.9,,,,,,Ux.Mx.-------
T-41,40.26,-118.88,1209.9,86.6,,61.9,,,1.4,,,,,,Ux.Mx.-------
T42,40.3267,-118.88,1214.7,106.5,,47.3,,,2.2,,,,,,Ux.Mx.-------
T43,40.3233,-118.93,1197.8,110.6,,49.1,,,2.2,,,,,,Ux.Mx.-------
T-44,39.5133,-113.03,1728.0,63.7,,45.5,,,1.4,,,,,,Ux.Mx.-------
T-46,39.47,-113.02,1650.2,35.7,,25.5,,,1.4,,,,,,Ux.Mx.-------
T47,40.2683,-118.92,1195.4,131.4,,69.2,,,1.9,,,,,,Ux.Mx.-------
T-48,39.3783,-112.91,1418.1,53.5,,38.2,,,1.4,,,,,,Ux.Mx.-------
T-49,39.4133,-112.9,1446.4,22.9,,16.4,,,1.4,,,,,,Ux.Mx.-------
T-50,39.4383,-112.96,1537.8,30.6,,21.8,,,1.4,,,,,,Ux.Mx.-------
T51,39.865,-118.99,1371.2,131.0,,58.2,,,2.2,,,,,,Ux.Mx.-------
T-51,39.46,-112.92,1478.6,35.7,,25.5,,,1.4,,,,,,Ux.Mx.-------
T52,39.9817,-119.11,1535.6,89.9,,47.3,,,1.9,,,,,,Ux.Mx.-------
T-52,39.5083,-112.95,1535.7,99.4,,71.0,,,1.4,,,,,,Ux.Mx.-------
T53,40.0383,-119.2,1670.2,54.6,,36.4,,,1.5,,,,,,Ux.Mx.-------
T-53,39.5033,-112.89,1426.3,33.1,,23.7,,,1.4,,,,,,Ux.Mx.-------
T54,40.0067,-119.16,1540.6,76.4,,51.0,,,1.5,,,,,,Ux.Mx.-------
T55,40.0317,-119.04,1528.5,124.5,,65.5,,,1.9,,,,,,Ux.Mx.-------
T60,40.07,-118.82,1424.8,101.0,,67.3,,,1.5,,,,,,Ux.Mx.-------
T61,40.135,-119.04,1380.5,106.5,,71.0,,,1.5,,,,,,Ux.Mx.-------
T62,40.12,-118.98,1243.6,79.5,,41.9,,,1.9,,,,,,Ux.Mx.-------
T63,40.085,-118.87,1296.1,117.4,,78.3,,,1.5,,,,,,Ux.Mx.-------
T-63,39.4333,-113.21,1632.2,61.2,,43.7,,,1.4,,,,,,Ux.Mx.-------
T64,40.435,-118.69,1335.3,98.3,,65.5,,,1.5,,,,,,Ux.Mx.-------
T65,39.95,-119.2,1762.0,86.5,,45.5,,,1.9,,,,,,Ux.Mx.-------
T-65,39.39,-113.16,1545.8,107.0,,76.4,,,1.4,,,,,,Ux.Mx.-------
T-67,39.3583,-113.04,1526.1,96.8,,69.2,,,1.4,,,,,,Ux.Mx.-------
T-68,39.9867,-119.29,1236.9,56.1,,40.0,,,1.4,,,,,,Ux.Mx.-------
T7,40.1783,-118.76,1559.2,62.8,,41.9,,,1.5,,,,,,Ux.Mx.-------
T-7,40.5567,-117.66,1432.8,100.0,,77.0,,,1.3,,,,,,Ux.Mx.-------
T70,40.085,-119.1,1771.0,34.6,,18.2,,,1.9,,,,,,Ux.Mx.-------
T71,40.0617,-119.16,1577.8,81.9,,54.6,,,1.5,,,,,,Ux.Mx.-------
T74,40.1017,-119.04,1417.4,71.0,,47.3,,,1.5,,,,,,Ux.Mx.-------
T-74,39.54,-113.31,1736.8,84.1,,60.1,,,1.4,,,,,,Ux.Mx.-------
T75,40.055,-118.77,1712.3,43.7,,27.3,,,1.6,,,,,,Ux.Mx.-------
T-75,39.515,-113.28,1702.6,96.8,,69.2,,,1.4,,,,,,Ux.Mx.-------
T76,39.9633,-118.31,1187.2,101.6,,56.4,,,1.8,,,,,,Ux.Mx.-------
T8,40.1183,-118.64,1297.1,109.2,,72.8,,,1.5,,,,,,Ux.Mx.-------
T-8,40.5367,-117.62,1451.8,75.0,,59.0,,,1.3,,,,,,Ux.Mx.-------
T80,39.9433,-118.5,1238.8,93.2,,58.2,,,1.6,,,,,,Ux.Mx.-------
T81,40.05,-118.31,1266.8,103.7,,69.2,,,1.5,,,,,,Ux.Mx.-------
T82,40.4417,-118.56,1626.9,62.8,,41.9,,,1.5,,,,,,Ux.Mx.-------
T85,40.2217,-118.7,1723.9,125.2,,78.3,,,1.6,,,,,,Ux.Mx.-------
T86,40.1733,-118.69,1599.6,64.1,,40.0,,,1.6,,,,,,Ux.Mx.-------
T87,40.14,-118.73,1809.0,147.4,,65.5,,,2.2,,,,,,Ux.Mx.-------
T-87,39.4617,-113.21,1607.8,81.5,,58.2,,,1.4,,,,,,Ux.Mx.-------
T88,40.2667,-118.56,1441.5,20.5,,13.6,,,1.5,,,,,,Ux.Mx.-------
T-88,39.4367,-113.18,1566.9,61.2,,43.7,,,1.4,,,,,,Ux.Mx.-------
T89,40.2083,-118.6,1361.6,87.4,,58.2,,,1.5,,,,,,Ux.Mx.-------
T-9,40.535,-117.61,1466.5,71.0,,62.0,,,1.1,,,,,,Ux.Mx.-------
T-91,39.415,-113.17,1555.3,53.5,,38.2,,,1.4,,,,,,Ux.Mx.-------
T94,39.9183,-118.75,1187.3,88.5,,49.1,,,1.8,,,,,,Ux.Mx.-------
T95,39.9917,-118.8,1489.0,116.5,,72.8,,,1.6,,,,,,Ux.Mx.-------
T97,39.9067,-118.91,1479.7,119.4,,74.6,,,1.6,,,,,,Ux.Mx.-------
TAB 13,42.0017,-123.76,745.1,25.0,,11.0,,,2.2,,,,,,Ux.Mx.-------
TABLE RK,40.1517,-96.08,357.6,58.0,,18.0,,,3.2,,,,,,Ux.Mx.-------
TAD 1,39.1633,-119.19,1327.4,57.0,,30.0,,,1.9,,,,,,Ux.Mx.-------
TALBOTT,46.535,-122.62,182.2,21.0,,20.5,,,1.0,,,,,,Ux.Mx.-------
TALLADEG,33.2667,-86.02,300.8,40.0,,14.4,,,2.8,,,,,,Ux.Mx.-------
TAOSUSFS,36.4083,-105.58,2106.1,74.3,,53.1,,,1.4,,,,,,Ux.Mx.-------
TBS,31.6867,-110.11,1355.1,78.0,,25.8,,,3.0,,,,,,Ux.Mx.-------
TCR-1,39.735,-115.52,1996.1,71.4,,51.0,,,1.4,,,,,,Ux.Mx.-------
TE-01,40.5933,-115.71,1668.2,76.4,,54.6,,,1.4,,,,,,Ux.Mx.-------
TE-02,40.5783,-115.69,1712.5,79.0,,56.4,,,1.4,,,,,,Ux.Mx.-------
TE-03,40.545,-115.67,1746.4,84.1,,60.1,,,1.4,,,,,,Ux.Mx.-------
TE-05,40.5383,-115.71,1644.5,73.9,,52.8,,,1.4,,,,,,Ux.Mx.-------
TE-06,40.56,-115.72,1639.6,71.3,,51.0,,,1.4,,,,,,Ux.Mx.-------
TE-07,40.5583,-115.68,1746.6,99.4,,71.0,,,1.4,,,,,,Ux.Mx.-------
TE-08,40.5933,-115.7,1686.0,86.6,,61.9,,,1.4,,,,,,Ux.Mx.-------
TENABO,40.3,-116.67,1535.6,150.0,,30.7,,,4.9,,,,,,Ux.Mx.-------
TERMINAL,39.51,-119.77,1345.7,109.8,,57.8,,,1.9,,,,,,Ux.Mx.-------
TESTWELL,46.7533,-112.38,1716.4,25.2,,18.0,,,1.4,,,,,,Ux.Mx.-------
TETILPK,35.57,-106.21,1889.0,84.0,,39.6,,,2.1,,,,,,Ux.Mx.-------
TFD 55-7,32.1433,-108.83,1289.7,47.7,,15.9,,,3.0,,,,,,Ux.Mx.-------
TG-01,39.9433,-117.93,1089.8,95.0,,67.3,,,1.4,,,,,,Ux.Mx.-------
TG-05,40.395,-120.47,1242.0,66.4,,47.4,,,1.4,,,,,,Ux.Mx.-------
TG-06,40.405,-120.46,1240.4,92.0,,65.7,,,1.4,,,,,,Ux.Mx.-------
TG-07,40.4,-120.44,1236.7,58.7,,41.9,,,1.4,,,,,,Ux.Mx.-------
TG-1,37.0367,-113.54,822.0,53.8,,23.9,,,2.2,,,,,,Ux.Mx.-------
TG-10,40.33,-120.41,1224.3,53.6,,38.3,,,1.4,,,,,,Ux.Mx.-------
TG-10,37.1617,-113.36,931.4,60.8,,27.0,,,2.2,,,,,,Ux.Mx.-------
TG-12,37.13,-113.41,884.2,75.8,,33.7,,,2.2,,,,,,Ux.Mx.-------
TG-14,37.055,-113.53,815.3,47.5,,21.1,,,2.2,,,,,,Ux.Mx.-------
TG-17,40.3833,-120.63,1267.0,61.3,,43.8,,,1.4,,,,,,Ux.Mx.-------
TG-20,40.4133,-120.46,1244.3,97.0,,69.3,,,1.4,,,,,,Ux.Mx.-------
TG-3,37.0533,-113.49,869.6,49.1,,21.8,,,2.2,,,,,,Ux.Mx.-------
TG-32,39.3483,-118.88,1205.3,107.0,,76.4,,,1.4,,,,,,Ux.Mx.-------
TG-39,39.1483,-118.74,1233.2,86.7,,61.9,,,1.4,,,,,,Ux.Mx.-------
TG-40,39.1433,-118.72,1199.4,96.9,,69.2,,,1.4,,,,,,Ux.Mx.-------
TG-5,37.0233,-113.48,876.2,50.2,,22.3,,,2.2,,,,,,Ux.Mx.-------
TG-7,37.0383,-113.45,936.1,43.4,,19.3,,,2.2,,,,,,Ux.Mx.-------
TG-8,37.0933,-113.31,1147.8,41.6,,18.5,,,2.2,,,,,,Ux.Mx.-------
THE,37.34,-118.54,1743.1,40.0,,15.1,,,2.7,,,,,,Ux.Mx.-------
THNDRHDL,45.3033,-121.77,1182.3,112.0,,48.7,,,2.3,,,,,,Ux.Mx.-------
THOM GROVE,34.9417,-90.34,58.7,43.0,,22.1,,,2.8,,,,,,Ux.Mx.-------
THOMASTN,32.2183,-87.63,56.6,31.0,,19.9,,,1.5,,,,,,Ux.Mx.-------
THORP1,47.1217,-120.68,677.0,41.0,,29.4,,,1.4,,,,,,Ux.Mx.-------
TIERAM2,36.3833,-106.38,2602.4,98.0,,31.7,,,3.1,,,,,,Ux.Mx.-------
TILLER 1,43.635,-118.88,1264.3,76.0,,78.6,,,1.0,,,,,,Ux.Mx.-------
TILLER 3,43.605,-118.9,1257.4,70.0,,72.4,,,1.0,,,,,,Ux.Mx.-------
TLK,70.21,-161.07,31.6,34.0,,37.3,,,0.8,,,,,,Ux.Mx.-------
TLR,32.8367,-110.12,1341.8,84.0,,24.3,,,3.5,,,,,,Ux.Mx.-------
TM-49,40.2267,-118.95,1192.1,68.8,,49.1,,,1.4,,,,,,Ux.Mx.-------
TM-73,40.0283,-119.09,1793.0,38.0,,20.0,,,1.9,,,,,,Ux.Mx.-------
TMBLN1,37.2917,-106.48,2950.9,118.0,,35.6,,,3.3,,,,,,Ux.Mx.-------
TMBLN2,37.2933,-106.48,2949.5,146.0,,35.8,,,4.1,,,,,,Ux.Mx.-------
T-MX-67B,39.31,-112.97,1424.0,91.7,,65.5,,,1.4,,,,,,Ux.Mx.-------
T-MX-67C,39.3167,-112.9,1392.0,104.5,,74.6,,,1.4,,,,,,Ux.Mx.-------
TOC-2,44.94,-113.47,2333.2,51.0,,15.6,,,3.2,,,,,,Ux.Mx.-------
TOLL ROAD WELL,39.3733,-119.71,1542.0,107.0,,76.4,,,1.4,,,,,,Ux.Mx.-------
TOR,32.5133,-111.0,1072.0,47.0,,20.3,,,2.3,,,,,,Ux.Mx.-------
TP1,38.7517,-112.88,1578.6,95.0,,53.4,,,1.8,,,,,,Ux.Mx.-------
TP2,39.5733,-119.52,1329.0,127.9,,67.3,,,1.9,,,,,,Ux.Mx.-------
TP5,39.5683,-119.51,1315.6,103.7,,54.6,,,1.9,,,,,,Ux.Mx.-------
TR1,39.5317,-119.62,1404.9,121.0,,63.7,,,1.9,,,,,,Ux.Mx.-------
TR3,39.575,-119.51,1341.2,138.3,,72.8,,,1.9,,,,,,Ux.Mx.-------
TR5,39.585,-119.53,1446.6,138.3,,72.8,,,1.9,,,,,,Ux.Mx.-------
TRUXNO,32.8217,-92.41,58.9,90.0,,33.1,,,2.7,,,,,,Ux.Mx.-------
TTP,32.8333,-112.17,585.7,76.0,,22.4,,,3.4,,,,,,Ux.Mx.-------
TV-03,39.35,-113.43,1368.9,81.5,,58.2,,,1.4,,,,,,Ux.Mx.-------
TV-04,39.49,-113.58,1399.2,40.8,,29.1,,,1.4,,,,,,Ux.Mx.-------
TV-05,39.4583,-113.54,1397.0,37.9,,27.0,,,1.4,,,,,,Ux.Mx.-------
TV-12,39.1733,-113.5,1366.5,22.9,,16.4,,,1.4,,,,,,Ux.Mx.-------
TV-16,39.2267,-113.57,1514.8,38.2,,27.3,,,1.4,,,,,,Ux.Mx.-------
TVRDY,43.64,-118.86,1283.4,66.0,,68.1,,,1.0,,,,,,Ux.Mx.-------
TWINBUT5,31.9067,-111.04,967.5,81.0,,23.0,,,3.5,,,,,,Ux.Mx.-------
TX-10,45.3817,-111.7,1481.9,93.4,,66.7,,,1.4,,,,,,Ux.Mx.-------
TX-2,45.3683,-111.73,1496.3,74.6,,53.3,,,1.4,,,,,,Ux.Mx.-------
TX-5,45.3667,-111.73,1496.4,77.6,,55.4,,,1.4,,,,,,Ux.Mx.-------
TX-8,45.38,-111.73,1499.6,32.9,,23.5,,,1.4,,,,,,Ux.Mx.-------
TYEE-WW1,42.9633,-112.4,1518.9,93.0,,63.7,,,1.5,,,,,,Ux.Mx.-------
TYEE-WW3,42.94,-112.42,1455.0,89.0,,70.9,,,1.3,,,,,,Ux.Mx.-------
TYEE-WW6,42.95,-112.44,1397.9,108.0,,73.4,,,1.5,,,,,,Ux.Mx.-------
U-1,40.5967,-119.42,1197.3,33.0,,39.0,,,0.8,,,,,,Ux.Mx.-------
U-5,40.835,-119.31,1205.3,46.0,,48.5,,,0.9,,,,,,Ux.Mx.-------
U-71-10,38.8467,-122.8,844.0,84.0,,51.0,,,1.7,,,,,,Ux.Mx.-------
U-71-38,38.88,-122.72,876.0,126.0,,72.5,,,1.7,,,,,,Ux.Mx.-------
U-71-39,38.905,-122.68,653.5,117.0,,70.3,,,1.7,,,,,,Ux.Mx.-------
U-72-14,38.87,-122.81,782.2,126.0,,47.0,,,3.2,,,,,,Ux.Mx.-------
U-72-17,38.7717,-122.9,422.2,145.0,,65.6,,,2.6,,,,,,Ux.Mx.-------
U-72-7,38.8567,-122.79,770.3,138.0,,53.0,,,2.4,,,,,,Ux.Mx.-------
U-73-4,38.695,-122.74,177.6,141.0,,66.1,,,2.5,,,,,,Ux.Mx.-------
U-73-6,38.6783,-122.74,154.0,147.6,,62.0,,,2.4,,,,,,Ux.Mx.-------
U-74-3,38.8017,-122.61,362.8,73.0,,31.2,,,2.3,,,,,,Ux.Mx.-------
U-75-13,39.0633,-122.63,476.0,67.0,,24.1,,,2.8,,,,,,Ux.Mx.-------
U-75-16,38.7683,-122.95,240.8,126.0,,41.5,,,3.0,,,,,,Ux.Mx.-------
UCE-12A,38.9167,-116.33,2122.4,62.0,,41.7,,,1.5,,,,,,Ux.Mx.-------
U-COLLAW,44.555,-122.03,1149.6,109.0,,36.1,,,3.0,,,,,,Ux.Mx.-------
UCSD-6,32.4417,-106.1,1389.8,94.0,,40.1,,,2.3,,,,,,Ux.Mx.-------
UE25A-3,36.8633,-116.31,1388.0,129.0,,41.5,,,3.1,,,,,,Ux.Mx.-------
UMR-11,43.3033,-114.37,1552.7,141.0,,50.8,,,2.6,,,,,,Ux.Mx.-------
UMR-16,43.23,-114.37,1452.2,109.0,,53.1,,,2.0,,,,,,Ux.Mx.-------
UMR-17,43.2167,-114.43,1592.4,104.0,,65.3,,,1.6,,,,,,Ux.Mx.-------
UMR-18,43.165,-114.41,1494.4,101.0,,63.5,,,1.6,,,,,,Ux.Mx.-------
UMR-20,43.3467,-114.41,1516.5,113.0,,76.4,,,1.5,,,,,,Ux.Mx.-------
UMR-4,43.1533,-114.37,1400.8,113.0,,76.1,,,1.5,,,,,,Ux.Mx.-------
UMR-6,43.2183,-114.35,1422.1,79.0,,50.4,,,1.6,,,,,,Ux.Mx.-------
UMR-9,43.2867,-114.43,1491.1,88.0,,60.1,,,1.5,,,,,,Ux.Mx.-------
UNION SP,32.135,-85.68,170.5,31.0,,23.8,,,1.3,,,,,,Ux.Mx.-------
UNIONCTY,45.225,-117.86,845.6,59.0,,38.0,,,1.6,,,,,,Ux.Mx.-------
UNIONGRN,45.2133,-117.86,857.1,84.0,,65.4,,,1.3,,,,,,Ux.Mx.-------
UNKNOWN-UR_F,39.8567,-117.17,1850.2,133.9,,79.0,,,1.7,,,,,,Ux.Mx.-------
UN-ST-08,43.9533,-111.52,1630.1,98.0,,67.0,,,1.5,,,,,,Ux.Mx.-------
UPPER VY,37.6833,-111.73,2292.5,64.0,,21.7,,,3.2,,,,,,Ux.Mx.-------
URAD 1,39.7717,-105.01,1611.5,99.0,,29.3,,,3.4,,,,,,Ux.Mx.-------
URAD 5,39.7567,-105.01,1598.5,133.0,,34.6,,,3.8,,,,,,Ux.Mx.-------
Uranium Hole,38.9133,-117.74,2109.2,99.4,,71.0,,,1.4,,,,,,Ux.Mx.-------
URBAN,45.9083,-121.05,585.1,47.0,,29.7,,,1.6,,,,,,Ux.Mx.-------
US 11-36,40.61,-117.66,1402.9,42.6,,30.4,,,1.4,,,,,,Ux.Mx.-------
US7-GER GRM,34.5083,-118.28,952.1,62.0,,24.7,,,2.5,,,,,,Ux.Mx.-------
USABF,33.1,-106.88,1535.0,98.0,,31.6,,,3.1,,,,,,Ux.Mx.-------
USBR,42.9617,-114.4,1209.3,55.0,,35.1,,,1.5,,,,,,Ux.Mx.-------
USBR,42.7567,-114.25,1238.7,28.0,,18.4,,,1.5,,,,,,Ux.Mx.-------
USBR,42.8433,-113.61,1309.6,74.0,,48.8,,,1.5,,,,,,Ux.Mx.-------
USBR,44.0167,-112.49,1466.2,46.0,,31.0,,,1.5,,,,,,Ux.Mx.-------
USBR,43.82,-111.9,1469.0,28.0,,18.8,,,1.5,,,,,,Ux.Mx.-------
USBR,43.82,-111.89,1470.7,48.0,,31.4,,,1.5,,,,,,Ux.Mx.-------
USBR,43.87,-111.86,1471.9,67.0,,45.3,,,1.5,,,,,,Ux.Mx.-------
USBR,44.0,-111.74,1514.6,31.0,,21.0,,,1.5,,,,,,Ux.Mx.-------
USBR,43.9267,-111.38,1707.4,29.0,,19.7,,,1.5,,,,,,Ux.Mx.-------
USBR,42.68,-113.06,1339.6,85.0,,53.4,,,1.6,,,,,,Ux.Mx.-------
USBR,42.41,-113.95,1326.7,133.0,,65.4,,,2.0,,,,,,Ux.Mx.-------
USBR DH2,43.84,-115.92,1405.4,120.0,,36.6,,,3.3,,,,,,Ux.Mx.-------
USBR DH6,43.9133,-111.54,1611.5,117.0,,57.0,,,2.0,,,,,,Ux.Mx.-------
USBR10bca,39.7883,-118.49,1181.8,104.5,,74.6,,,1.4,,,,,,Ux.Mx.-------
USFSDDH3,44.2317,-122.18,784.8,66.0,,41.3,,,1.6,,,,,,Ux.Mx.-------
USGE-ID5,42.2783,-113.7,2109.3,78.4,,56.0,,,1.4,,,,,,Ux.Mx.-------
USGS,43.145,-113.24,1516.8,21.0,,15.0,,,1.4,,,,,,Ux.Mx.-------
USGS,44.1867,-111.44,1907.8,31.0,,20.8,,,1.5,,,,,,Ux.Mx.-------
USGS,43.9233,-116.61,736.1,104.0,,58.1,,,1.8,,,,,,Ux.Mx.-------
USGS,42.6233,-114.97,1151.8,130.0,,63.9,,,2.0,,,,,,Ux.Mx.-------
USGS DH50,39.61,-118.76,1193.3,67.9,,48.5,,,1.4,,,,,,Ux.Mx.-------
USGS G1,43.49,-112.68,1650.8,66.0,,41.7,,,1.6,,,,,,Ux.Mx.-------
USGS#47,39.7467,-118.76,1183.3,62.0,,74.3,,,0.8,,,,,,Ux.Mx.-------
USGS#49,39.65,-118.72,1186.9,91.7,,65.5,,,1.4,,,,,,Ux.Mx.-------
USGS13A,40.695,-119.35,1213.9,43.7,,21.8,,,2.0,,,,,,Ux.Mx.-------
USGS17,39.49,-118.52,1193.5,51.0,,36.4,,,1.4,,,,,,Ux.Mx.-------
USGS18,39.5183,-118.64,1195.2,101.9,,72.8,,,1.4,,,,,,Ux.Mx.-------
USGS9,40.5917,-116.59,1465.5,136.5,,54.6,,,2.5,,,,,,Ux.Mx.-------
USGS-A,41.9017,-118.59,1448.0,30.5,,21.8,,,1.4,,,,,,Ux.Mx.-------
USGS-B,41.7883,-118.66,1894.3,107.0,,76.4,,,1.4,,,,,,Ux.Mx.-------
USGS-BST/PARSONS,37.33,-95.21,280.0,62.0,,22.1,,,2.8,,,,,,Ux.Mx.-------
USGS-CB,45.4433,-121.72,1382.2,38.0,,24.5,,,1.5,,,,,,Ux.Mx.-------
USGS-HWY,45.2867,-121.71,1176.7,73.0,,41.5,,,1.8,,,,,,Ux.Mx.-------
USGS-ID5,42.1683,-113.43,1668.5,107.0,,45.0,,,2.4,,,,,,Ux.Mx.-------
USGS-MC2,42.095,-119.92,1368.0,105.0,,55.0,,,1.9,,,,,,Ux.Mx.-------
USGSMUR1,43.1883,-116.69,1361.1,130.0,,47.0,,,2.7,,,,,,Ux.Mx.-------
UT-18C,39.5417,-113.03,1863.7,75.0,,26.0,,,2.9,,,,,,Ux.Mx.-------
UTE 1-2-C5,40.5667,-112.4,1355.9,99.0,,39.3,,,2.5,,,,,,Ux.Mx.-------
UTE 1-4A3,40.8167,-112.02,1287.0,132.0,,54.2,,,2.4,,,,,,Ux.Mx.-------
UTICA,32.1083,-90.63,87.2,62.0,,47.8,,,1.3,,,,,,Ux.Mx.-------
UTLEY-1,42.1933,-120.38,1441.5,77.0,,61.0,,,1.3,,,,,,Ux.Mx.-------
UU-73,38.5283,-112.86,1752.5,67.6,,48.3,,,1.4,,,,,,Ux.Mx.-------
UU76,38.515,-112.81,2216.0,41.7,,29.8,,,1.4,,,,,,Ux.Mx.-------
UU76TG0,38.5517,-112.87,1662.5,86.8,,62.0,,,1.4,,,,,,Ux.Mx.-------
UU76TG2,38.5733,-112.89,1562.5,75.0,,53.6,,,1.4,,,,,,Ux.Mx.-------
UU76TG3,38.5333,-112.91,1565.7,68.9,,49.2,,,1.4,,,,,,Ux.Mx.-------
UU76TG5,38.55,-112.83,1879.6,68.7,,49.1,,,1.4,,,,,,Ux.Mx.-------
UU76TG6,38.565,-112.91,1534.2,39.8,,28.4,,,1.4,,,,,,Ux.Mx.-------
UWH-5,44.485,-109.09,1584.7,107.7,,76.9,,,1.4,,,,,,Ux.Mx.-------
V-10,43.7433,-117.22,952.2,75.0,,59.2,,,1.3,,,,,,Ux.Mx.-------
V-10,43.7433,-117.22,952.2,74.6,,35.0,,,2.1,,,,,,Ux.Mx.-------
V-11,43.7033,-117.17,827.1,107.0,,73.3,,,1.5,,,,,,Ux.Mx.-------
V-12,43.8733,-117.11,785.4,79.0,,63.8,,,1.4,,,,,,Ux.Mx.-------
V-13,43.87,-117.12,790.7,92.0,,71.8,,,1.3,,,,,,Ux.Mx.-------
V-14,43.865,-117.13,785.6,96.0,,76.9,,,1.2,,,,,,Ux.Mx.-------
V-15,43.86,-117.13,781.9,92.0,,55.4,,,1.6,,,,,,Ux.Mx.-------
V-19,43.9517,-117.24,717.0,75.0,,73.1,,,1.0,,,,,,Ux.Mx.-------
V-6,43.8783,-117.11,794.8,67.0,,52.5,,,1.3,,,,,,Ux.Mx.-------
V-9,43.7967,-117.24,946.6,75.0,,60.0,,,1.3,,,,,,Ux.Mx.-------
V-9,43.7967,-117.24,946.6,74.7,,31.4,,,2.4,,,,,,Ux.Mx.-------
VAL,35.3683,-113.66,1172.2,79.0,,26.9,,,3.1,,,,,,Ux.Mx.-------
VALDESE,45.6667,-122.38,363.7,37.0,,23.1,,,1.6,,,,,,Ux.Mx.-------
VAN PELT,41.465,-103.76,1526.1,48.0,,43.2,,,1.1,,,,,,Ux.Mx.-------
VANBRCR,36.8,-104.95,2365.0,65.0,,43.4,,,1.5,,,,,,Ux.Mx.-------
VANSANT,37.2,-82.1,572.0,56.0,,20.2,,,4.1,,,,,,Ux.Mx.-------
VARN,35.9567,-120.49,633.1,68.0,,28.1,,,2.5,,,,,,Ux.Mx.-------
VERMAJPR,36.9,-104.92,2404.3,120.0,,55.5,,,2.2,,,,,,Ux.Mx.-------
VERMJRIV,36.75,-104.88,2304.3,81.0,,47.1,,,1.7,,,,,,Ux.Mx.-------
VERNA,27.3667,-82.27,27.1,51.0,,26.5,,,1.9,,,,,,Ux.Mx.-------
VHC-1,31.0717,-104.79,1203.1,77.0,,16.0,,,4.9,,,,,,Ux.Mx.-------
VIEWST,39.535,-119.78,1356.9,143.6,,75.6,,,1.9,,,,,,Ux.Mx.-------
VIN-HOF1,42.63,-94.05,344.7,41.0,,11.7,,,3.4,,,,,,Ux.Mx.-------
VIN-OL1G,42.6267,-94.05,344.1,39.0,,10.8,,,3.5,,,,,,Ux.Mx.-------
VIZCAINO,30.115,-104.6,1154.9,140.8,,74.1,,,1.9,,,,,,Ux.Mx.-------
VO-MO 1,47.2383,-124.19,43.0,36.0,,27.4,,,1.3,,,,,,Ux.Mx.-------
VR-105,39.7567,-115.52,2070.9,131.1,,43.7,,,3.0,,,,,,Ux.Mx.-------
VR-122,39.755,-115.52,2065.9,109.2,,36.4,,,3.0,,,,,,Ux.Mx.-------
VR2,39.4283,-119.69,1635.8,121.0,,63.7,,,1.9,,,,,,Ux.Mx.-------
VR-250,39.745,-115.53,2056.7,103.8,,34.6,,,3.0,,,,,,Ux.Mx.-------
VR-264,39.7417,-115.53,2041.0,41.0,,27.3,,,1.5,,,,,,Ux.Mx.-------
VR-402,39.7567,-115.52,2070.9,104.4,,74.6,,,1.4,,,,,,Ux.Mx.-------
VR-433,39.7683,-115.51,2168.1,86.7,,61.9,,,1.4,,,,,,Ux.Mx.-------
VR5,39.4217,-119.67,1846.0,145.2,,76.4,,,1.9,,,,,,Ux.Mx.-------
VR6,39.3983,-119.65,1872.8,100.3,,52.8,,,1.9,,,,,,Ux.Mx.-------
VR8,39.525,-119.69,1449.4,86.5,,45.5,,,1.9,,,,,,Ux.Mx.-------
VUL,33.87,-112.83,761.9,58.0,,20.4,,,2.9,,,,,,Ux.Mx.-------
W NEWFLD,43.65,-70.87,177.5,49.0,,24.7,,,2.0,,,,,,Ux.Mx.-------
W SPRGFD,43.4833,-72.08,367.5,54.0,,19.5,,,2.8,,,,,,Ux.Mx.-------
W-01-35,38.7733,-119.15,1537.1,109.6,,78.3,,,1.4,,,,,,Ux.Mx.-------
W-03,38.7833,-119.14,1499.8,76.4,,54.6,,,1.4,,,,,,Ux.Mx.-------
W-17,38.77,-119.12,1558.5,81.5,,58.2,,,1.4,,,,,,Ux.Mx.-------
W-18,42.305,-118.66,1286.1,96.0,,77.0,,,1.7,,,,,,Ux.Mx.-------
W-23,42.275,-118.64,1259.2,75.0,,73.9,,,1.0,,,,,,Ux.Mx.-------
W-25,38.8083,-119.17,1459.3,84.1,,60.1,,,1.4,,,,,,Ux.Mx.-------
W-27,42.4283,-118.63,1261.6,59.0,,48.5,,,1.2,,,,,,Ux.Mx.-------
W-29,38.7433,-119.19,1702.0,53.5,,38.2,,,1.4,,,,,,Ux.Mx.-------
W-30,42.4467,-118.59,1245.1,42.0,,42.0,,,1.0,,,,,,Ux.Mx.-------
W-31,42.435,-118.58,1240.9,65.0,,62.0,,,1.0,,,,,,Ux.Mx.-------
W-32,38.7367,-119.17,1806.4,63.7,,45.5,,,1.4,,,,,,Ux.Mx.-------
W-8,42.32,-118.54,1296.8,67.0,,65.9,,,1.0,,,,,,Ux.Mx.-------
W-9,42.305,-118.59,1237.4,59.0,,55.2,,,1.0,,,,,,Ux.Mx.-------
WAGNER,45.77,-121.12,642.3,44.0,,27.3,,,1.6,,,,,,Ux.Mx.-------
WAL,71.1,-156.88,8.1,67.0,,40.0,,,1.7,,,,,,Ux.Mx.-------
WALCK,41.4367,-106.9,2142.0,50.0,,20.0,,,2.5,,,,,,Ux.Mx.-------
WALL CRK,43.7983,-122.31,702.5,82.0,,72.6,,,1.1,,,,,,Ux.Mx.-------
WALL1,43.74,-102.22,758.4,63.8,,32.1,,,2.0,,,,,,Ux.Mx.-------
WALL2,43.74,-102.23,758.9,67.4,,33.7,,,2.0,,,,,,Ux.Mx.-------
WALSENBURG,37.38,-104.46,1805.7,35.7,,16.2,,,2.2,,,,,,Ux.Mx.-------
WARD MT,39.0667,-114.92,2656.3,81.0,,24.6,,,3.3,,,,,,Ux.Mx.-------
WARMSPRI,46.1817,-112.8,1470.7,61.6,,44.0,,,1.4,,,,,,Ux.Mx.-------
WARMSPRI,46.1817,-112.8,1470.7,93.8,,67.0,,,1.4,,,,,,Ux.Mx.-------
WASHHILL,39.4667,-119.63,1594.1,94.0,,45.8,,,2.0,,,,,,Ux.Mx.-------
WATERVIL,43.9333,-71.53,471.8,106.0,,29.9,,,3.6,,,,,,Ux.Mx.-------
WATKINS3,46.6183,-120.41,523.2,40.0,,27.3,,,1.5,,,,,,Ux.Mx.-------
Watney #2,37.2833,-95.96,259.0,69.0,,37.1,,,1.9,,,,,,Ux.Mx.-------
WATSON-1,38.4767,-94.9,267.9,60.0,,29.8,,,2.0,,,,,,Ux.Mx.-------
WATT TRW,37.6733,-118.67,2305.0,88.0,,78.1,,,1.1,,,,,,Ux.Mx.-------
WB41,29.88,-104.63,864.7,127.4,,63.7,,,2.0,,,,,,Ux.Mx.-------
WB43,29.8883,-104.64,862.0,91.0,,45.5,,,2.0,,,,,,Ux.Mx.-------
WB-WW,44.4367,-122.99,169.6,25.0,,15.5,,,1.6,,,,,,Ux.Mx.-------
WC-5,45.2567,-117.89,819.6,43.4,,31.0,,,1.4,,,,,,Ux.Mx.-------
WCBH,44.2667,-117.57,886.7,84.0,,71.4,,,1.2,,,,,,Ux.Mx.-------
WDS,71.16,-155.63,1.9,61.0,,43.9,,,1.4,,,,,,Ux.Mx.-------
WEEDCK-1,46.395,-107.78,972.5,51.0,,30.6,,,1.7,,,,,,Ux.Mx.-------
WELL O,39.4083,-118.7,1200.6,112.0,,80.0,,,1.4,,,,,,Ux.Mx.-------
WEST-493,28.7817,-96.61,9.9,59.0,,29.5,,,2.0,,,,,,Ux.Mx.-------
WEST-496,28.79,-96.6,8.8,59.0,,29.5,,,2.0,,,,,,Ux.Mx.-------
WH CLAY,42.79,-102.66,1205.4,78.0,,45.8,,,1.7,,,,,,Ux.Mx.-------
WHITE HL,35.7167,-114.37,1052.5,122.0,,40.8,,,3.0,,,,,,Ux.Mx.-------
WHITER1,43.83,-99.57,541.6,65.0,,54.2,,,1.2,,,,,,Ux.Mx.-------
WHITER1 (SD-1),43.8317,-99.57,541.7,65.0,,54.2,,,1.2,,,,,,Ux.Mx.-------
WHITNEY,42.755,-103.27,1060.1,113.0,,66.1,,,1.7,,,,,,Ux.Mx.-------
WilbHS1,39.035,-122.43,484.4,107.0,,36.9,,,2.9,,,,,,Ux.Mx.-------
WILD S M,38.4333,-108.77,1732.0,56.0,,22.0,,,2.5,,,,,,Ux.Mx.-------
WILKINS,39.9333,-110.03,1839.8,44.0,,15.5,,,1.2,,,,,,Ux.Mx.-------
Williams #2,38.7183,-96.39,434.7,59.4,,34.4,,,1.7,,,,,,Ux.Mx.-------
WILSON,45.4517,-118.84,592.3,38.0,,22.9,,,1.6,,,,,,Ux.Mx.-------
Wilson #209,37.8917,-96.91,425.7,77.4,,46.9,,,1.6,,,,,,Ux.Mx.-------
Wilson #49,37.8867,-96.89,417.4,47.0,,28.0,,,1.7,,,,,,Ux.Mx.-------
WINFLD2,38.9833,-106.46,3363.9,124.0,,41.2,,,3.0,,,,,,Ux.Mx.-------
WINNEFLD,31.8933,-92.67,56.7,54.0,,22.5,,,2.4,,,,,,Ux.Mx.-------
WINNSBOR,34.3133,-81.15,137.6,62.0,,18.3,,,3.4,,,,,,Ux.Mx.-------
WINONA,37.03,-91.33,321.5,34.0,,14.2,,,2.5,,,,,,Ux.Mx.-------
WINSLOW,35.82,-94.17,533.6,61.0,,33.2,,,1.9,,,,,,Ux.Mx.-------
WISEHART,25.7617,-80.83,4.7,32.0,,17.8,,,1.8,,,,,,Ux.Mx.-------
WITHAMS,37.9583,-75.59,9.5,66.0,,49.9,,,1.3,,,,,,Ux.Mx.-------
WKM-1,42.3317,-120.52,1862.2,69.0,,75.1,,,0.9,,,,,,Ux.Mx.-------
WLH,34.4167,-112.58,1514.7,92.0,,31.9,,,2.9,,,,,,Ux.Mx.-------
WNT,34.9067,-112.84,1622.0,113.0,,30.9,,,3.7,,,,,,Ux.Mx.-------
WOLFF,44.8917,-122.69,369.2,48.0,,34.9,,,1.4,,,,,,Ux.Mx.-------
WSR-14,39.755,-115.58,2151.0,117.5,,78.3,,,1.5,,,,,,Ux.Mx.-------
WSR-21,39.7617,-115.58,2092.4,102.2,,73.0,,,1.4,,,,,,Ux.Mx.-------
WSR-36,39.755,-115.56,2117.2,81.5,,58.2,,,1.4,,,,,,Ux.Mx.-------
WSR-37,39.755,-115.56,2117.2,79.1,,25.5,,,3.1,,,,,,Ux.Mx.-------
WTF,70.83,-152.3,1.1,73.0,,39.3,,,1.8,,,,,,Ux.Mx.-------
WW,43.245,-116.58,863.9,72.0,,56.0,,,1.2,,,,,,Ux.Mx.-------
WW,43.24,-115.85,989.0,80.0,,59.6,,,1.3,,,,,,Ux.Mx.-------
WW,43.3083,-115.74,1105.9,82.0,,65.8,,,1.3,,,,,,Ux.Mx.-------
WW,42.4067,-114.1,1319.5,98.0,,77.6,,,1.3,,,,,,Ux.Mx.-------
WW,43.345,-114.95,1550.3,101.0,,72.9,,,1.4,,,,,,Ux.Mx.-------
WW,43.3267,-114.91,1544.0,91.0,,66.1,,,1.4,,,,,,Ux.Mx.-------
WW,42.6217,-113.5,1302.8,68.0,,49.5,,,1.4,,,,,,Ux.Mx.-------
WW,42.7367,-112.87,1379.9,86.0,,60.5,,,1.4,,,,,,Ux.Mx.-------
WW,44.3133,-117.03,699.1,78.0,,53.3,,,1.5,,,,,,Ux.Mx.-------
WW,42.925,-116.17,884.0,74.0,,48.8,,,1.5,,,,,,Ux.Mx.-------
WW,43.5567,-116.1,887.1,116.0,,79.3,,,1.5,,,,,,Ux.Mx.-------
WW,43.0567,-114.38,1310.8,48.0,,31.8,,,1.5,,,,,,Ux.Mx.-------
WW,44.13,-111.78,1681.2,26.0,,17.3,,,1.5,,,,,,Ux.Mx.-------
WW,42.6367,-114.8,989.3,72.0,,45.1,,,1.6,,,,,,Ux.Mx.-------
WW,42.5183,-115.12,1253.8,48.0,,26.6,,,1.8,,,,,,Ux.Mx.-------
WW,42.5183,-113.36,1342.7,141.0,,79.9,,,1.8,,,,,,Ux.Mx.-------
WW,42.15,-115.75,1552.0,95.0,,50.2,,,1.9,,,,,,Ux.Mx.-------
WW,42.15,-115.75,1552.0,113.0,,59.9,,,1.9,,,,,,Ux.Mx.-------
WW,44.455,-114.34,2292.0,81.0,,43.8,,,1.9,,,,,,Ux.Mx.-------
WW,42.41,-114.19,1308.2,135.0,,66.4,,,2.0,,,,,,Ux.Mx.-------
WW,42.35,-114.07,1442.7,83.0,,40.8,,,2.0,,,,,,Ux.Mx.-------
WW,42.41,-114.06,1309.0,56.0,,27.4,,,2.0,,,,,,Ux.Mx.-------
WW,42.2817,-114.01,1629.9,121.0,,59.6,,,2.0,,,,,,Ux.Mx.-------
WW,42.4783,-113.99,1316.4,99.0,,48.7,,,2.0,,,,,,Ux.Mx.-------
WW,44.185,-112.45,1543.3,72.0,,29.5,,,2.4,,,,,,Ux.Mx.-------
WW,43.47,-116.07,1057.6,79.0,,31.3,,,2.5,,,,,,Ux.Mx.-------
WW (74I-45),42.9117,-116.08,802.1,88.0,,58.4,,,1.5,,,,,,Ux.Mx.-------
WW 75P-1,42.9467,-116.09,774.2,93.0,,67.3,,,1.4,,,,,,Ux.Mx.-------
WW 75P-16,43.2783,-116.58,767.5,77.0,,70.6,,,1.1,,,,,,Ux.Mx.-------
WW 75P-17,43.065,-116.25,762.0,99.2,,64.0,,,1.5,,,,,,Ux.Mx.-------
WW 75P-21,42.94,-116.3,947.4,118.0,,74.0,,,1.6,,,,,,Ux.Mx.-------
WW 75P-24,42.9233,-116.09,787.5,66.0,,47.5,,,1.4,,,,,,Ux.Mx.-------
WW 75P-31,43.0,-116.35,840.0,64.0,,38.9,,,1.6,,,,,,Ux.Mx.-------
WW 75P-32,43.1667,-116.39,784.7,58.0,,48.8,,,1.5,,,,,,Ux.Mx.-------
WW 75P-37,42.9133,-116.17,889.8,88.0,,75.0,,,1.2,,,,,,Ux.Mx.-------
WW 75P-7,43.2317,-116.68,1333.3,85.0,,77.8,,,1.1,,,,,,Ux.Mx.-------
WW B,44.0933,-116.03,1106.5,125.0,,44.7,,,2.8,,,,,,Ux.Mx.-------
WW BALL,44.0433,-112.8,1670.6,54.0,,36.9,,,1.5,,,,,,Ux.Mx.-------
WW BLACK,42.8183,-116.17,1019.8,132.0,,70.1,,,1.9,,,,,,Ux.Mx.-------
WW BLGUL,42.7233,-115.02,1058.2,112.0,,55.0,,,2.0,,,,,,Ux.Mx.-------
WW BLGUL,42.595,-114.96,1159.3,137.0,,70.0,,,2.0,,,,,,Ux.Mx.-------
WW BLGUL,42.6,-114.95,1157.0,145.0,,71.4,,,2.0,,,,,,Ux.Mx.-------
WW BLM,42.48,-115.22,1395.9,101.0,,73.6,,,1.4,,,,,,Ux.Mx.-------
WW BLM,42.5767,-116.24,1743.7,39.0,,21.6,,,1.8,,,,,,Ux.Mx.-------
WW CALDW,43.66,-116.68,727.8,106.0,,72.4,,,1.5,,,,,,Ux.Mx.-------
WW CHIN,46.8067,-117.01,901.8,54.0,,20.7,,,2.6,,,,,,Ux.Mx.-------
WW CITY2,44.0783,-111.45,1596.7,120.0,,62.1,,,1.9,,,,,,Ux.Mx.-------
WW CMBLL,43.4867,-111.76,1657.4,131.0,,72.6,,,1.8,,,,,,Ux.Mx.-------
WW COVE,45.905,-116.06,1110.2,47.0,,33.7,,,1.4,,,,,,Ux.Mx.-------
WW COX,43.245,-112.0,1587.0,72.0,,38.0,,,1.9,,,,,,Ux.Mx.-------
WW FRUIT,44.0217,-116.92,670.0,60.0,,38.0,,,1.6,,,,,,Ux.Mx.-------
WW GALLW,43.575,-116.37,808.6,49.0,,30.9,,,1.6,,,,,,Ux.Mx.-------
WW HMGRD,46.5583,-116.69,635.7,54.0,,33.6,,,1.6,,,,,,Ux.Mx.-------
WW IP,44.0967,-111.25,1732.3,23.0,,12.6,,,1.5,,,,,,Ux.Mx.-------
WW KANDL,44.0317,-111.25,1761.4,75.0,,36.7,,,2.0,,,,,,Ux.Mx.-------
WW LCKLY,42.6333,-114.46,1114.1,87.0,,53.1,,,1.6,,,,,,Ux.Mx.-------
WW LNDRF,43.235,-116.29,960.2,83.0,,60.0,,,1.4,,,,,,Ux.Mx.-------
WW NASH,46.3717,-116.98,436.1,81.0,,47.0,,,1.7,,,,,,Ux.Mx.-------
WW NEDR3,43.9133,-111.47,1663.1,57.0,,36.7,,,1.5,,,,,,Ux.Mx.-------
WW NICHL,43.3467,-114.95,1550.8,105.0,,71.5,,,1.5,,,,,,Ux.Mx.-------
WW PAYTT,44.0717,-116.92,669.0,113.0,,55.9,,,2.0,,,,,,Ux.Mx.-------
WW PEA,46.4733,-116.56,786.7,73.0,,45.9,,,1.6,,,,,,Ux.Mx.-------
WW PLYMH,43.96,-116.78,689.8,82.0,,41.4,,,2.0,,,,,,Ux.Mx.-------
WW PORTR,46.855,-116.95,901.0,63.0,,24.2,,,2.6,,,,,,Ux.Mx.-------
WW RDNGR,43.5683,-114.28,1905.2,61.0,,33.8,,,1.8,,,,,,Ux.Mx.-------
WW RR,42.47,-115.18,1380.9,102.0,,73.7,,,1.4,,,,,,Ux.Mx.-------
WW STGCN,46.0333,-116.39,1197.6,64.0,,25.7,,,2.5,,,,,,Ux.Mx.-------
WW STPEN,43.5983,-116.16,899.1,92.0,,56.6,,,1.6,,,,,,Ux.Mx.-------
WW WEIPP,46.335,-115.94,954.8,68.0,,40.6,,,1.7,,,,,,Ux.Mx.-------
WW WNCHS,46.24,-116.62,1204.4,60.0,,23.8,,,2.5,,,,,,Ux.Mx.-------
WW-02,38.3517,-118.75,2189.5,80.7,,57.6,,,1.4,,,,,,Ux.Mx.-------
WW-WEST,47.8733,-118.12,586.5,86.0,,26.5,,,3.3,,,,,,Ux.Mx.-------
WX-08,38.39,-118.75,2270.5,25.5,,18.2,,,1.4,,,,,,Ux.Mx.-------
WX-21,38.3883,-118.76,2207.5,103.3,,73.8,,,1.4,,,,,,Ux.Mx.-------
X,41.0167,-119.56,2243.2,106.9,,76.3,,,1.4,,,,,,Ux.Mx.-------
YAHVAH,46.555,-112.17,1391.7,61.6,,44.0,,,1.4,,,,,,Ux.Mx.-------
YFC3,46.8267,-120.21,844.4,47.0,,36.9,,,1.4,,,,,,Ux.Mx.-------
YGR,35.3883,-115.89,941.3,103.0,,30.5,,,3.4,,,,,,Ux.Mx.-------
YMB,33.2367,-113.19,405.5,75.0,,25.9,,,2.9,,,,,,Ux.Mx.-------
YR-122,39.6683,-115.52,1999.1,86.8,,62.0,,,1.4,,,,,,Ux.Mx.-------
YR-133,39.665,-115.52,1992.7,66.2,,47.3,,,1.4,,,,,,Ux.Mx.-------
YR-133,39.665,-115.52,1992.7,79.0,,56.4,,,1.4,,,,,,Ux.Mx.-------
YR-16,39.6767,-115.53,2045.9,132.0,,45.5,,,2.9,,,,,,Ux.Mx.-------
YR-25,39.6733,-115.53,2041.3,61.6,,44.0,,,1.4,,,,,,Ux.Mx.-------
YR-37,39.67,-115.53,2037.3,42.0,,30.0,,,1.4,,,,,,Ux.Mx.-------
YRNGTN,38.9333,-119.07,1424.9,78.0,,22.7,,,3.4,,,,,,Ux.Mx.-------
YUCCA MT,36.8,-116.4,997.0,65.0,,35.4,,,1.8,,,,,,Ux.Mx.-------
YUCCA VY,34.225,-116.4,1024.5,47.0,,16.4,,,2.8,,,,,,Ux.Mx.-------
ZINC,36.2833,-92.92,317.0,118.0,,20.3,,,5.8,,,,,,Ux.Mx.-------
ZINTZ,45.73,-122.44,234.4,42.0,,26.7,,,1.6,,,,,,Ux.Mx.-------
ZION RD,38.4,-75.57,12.7,51.0,,31.8,,,1.6,,,,,,Ux.Mx.-------
ZUNI-SL1,34.4,-108.67,2061.6,107.0,,68.7,,,1.6,,,,,,Ux.Mx.-------
ZUNI-SL2,34.41,-108.69,2030.7,54.0,,32.4,,,1.7,,,,,,Ux.Mx.-------
ZUNI-SL3,34.4,-108.7,2058.0,70.0,,44.2,,,1.6,,,,,,Ux.Mx.-------
CTGH-1,44.8517,-121.831,1146.0,110.0,,79.0,,,1.4,,,,,,Ux.Mx.-------
GILMORE,42.0083,-120.295,1467.0,96.0,,77.0,,,1.3,,,,,,Ux.Mx.-------
KRANTH 1,44.225,-120.968,1100.0,99.0,,69.0,,,1.4,,,,,,Ux.Mx.-------
RANDLE,43.9883,-117.34,783.0,71.0,,61.0,,,1.2,,,,,,Ux.Mx.-------
SAP 1,43.895,-117.328,713.0,95.0,,76.0,,,1.3,,,,,,Ux.Mx.-------
SAP 3,43.9017,-117.305,713.0,95.0,,76.0,,,1.3,,,,,,Ux.Mx.-------
SWINGLE,42.0167,-120.298,1469.0,90.0,,72.0,,,1.3,,,,,,Ux.Mx.-------
TILLER 2,43.6417,-118.871,1277.0,68.0,,71.0,,,1.0,,,,,,Ux.Mx.-------
TILLER1,43.6333,-118.878,1265.0,75.0,,78.0,,,1.0,,,,,,Ux.Mx.-------
WINEBRGR,43.9467,-117.115,808.0,70.0,,60.0,,,1.2,,,,,,Ux.Mx.-------
EMERY,38.8833,-111.258,1875.0,81.0,,27.0,,,2.5,,,,,,Ux.Mx.-------
FCV 2 et 3,39.03,-111.016,1875.0,68.0,,29.0,,,2.3,,,,,,Ux.Mx.-------
FCV 4&5,39.0667,-111.003,1786.0,56.0,,22.0,,,2.5,,,,,,Ux.Mx.-------
FCV-1,39.045,-110.906,1725.0,56.0,,14.0,,,3.8,,,,,,Ux.Mx.-------
MCL-1,38.5167,-109.651,1218.0,64.0,,19.0,,,3.3,,,,,,Ux.Mx.-------
SRD 1 et 2,38.595,-110.353,1600.0,48.0,,11.0,,,4.1,,,,,,Ux.Mx.-------
SRD 5 et 6,38.895,-110.208,1273.0,62.0,,20.0,,,3.0,,,,,,Ux.Mx.-------
SRD3&4,38.7183,-110.141,1325.0,48.0,,12.0,,,3.8,,,,,,Ux.Mx.-------
SRD-7,38.685,-110.521,1474.0,45.0,,11.0,,,4.0,,,,,,Ux.Mx.-------
SRS-1,38.7217,-111.151,1696.0,63.0,,18.0,,,3.4,,,,,,Ux.Mx.-------
SRS-2,38.5867,-111.321,1823.0,43.0,,11.0,,,3.6,,,,,,Ux.Mx.-------
SRS-3,38.795,-110.683,2046.0,51.0,,10.0,,,4.7,,,,,,Ux.Mx.-------
SRS-4,38.7717,-111.061,1775.0,53.0,,14.0,,,3.8,,,,,,Ux.Mx.-------
SRS-5,38.5883,-111.055,1921.0,87.0,,23.0,,,3.8,,,,,,Ux.Mx.-------
SRS-6,38.5867,-111.321,1823.0,74.0,,24.0,,,3.1,,,,,,Ux.Mx.-------
SRS-7,38.7633,-111.275,1966.0,115.0,,40.0,,,2.8,,,,,,Ux.Mx.-------
SRS-8,38.455,-110.173,1635.0,53.0,,15.0,,,3.4,,,,,,Ux.Mx.-------
SRS-9,39.1033,-110.676,1628.0,61.0,,15.0,,,3.9,,,,,,Ux.Mx.-------
WSR-1,39.1783,-110.4,1665.0,66.0,,17.0,,,3.7,,,,,,Ux.Mx.-------
AB RN-WW,44.355,-117.385,1170.0,71.0,,32.0,,,2.3,,,,,,Ux.Mx.-------
ADOB GUL,44.285,-117.26,854.0,71.0,,61.0,,,1.2,,,,,,Ux.Mx.-------
B-16,45.7033,-120.141,147.0,54.0,,57.0,,,0.9,,,,,,Ux.Mx.-------
B-16,45.7033,-120.141,147.0,54.0,,28.0,,,1.7,,,,,,Ux.Mx.-------
BAMS,44.1883,-117.49,850.0,58.0,,48.0,,,1.2,,,,,,Ux.Mx.-------
HP-1,43.715,-117.563,1100.0,41.0,,37.0,,,1.2,,,,,,Ux.Mx.-------
SP-11,42.2417,-118.315,1425.0,66.0,,67.0,,,1.0,,,,,,Ux.Mx.-------
WCBH,44.2667,-117.568,814.0,83.0,,71.0,,,1.2,,,,,,Ux.Mx.-------
BO 4,43.2433,-116.293,963.0,123.0,,62.0,,,2.0,,,,,,Ux.Mx.-------
DDH QH-4,43.7083,-115.69,1500.0,78.0,,25.0,,,3.6,,,,,,Ux.Mx.-------
DDH-1,44.7367,-116.783,1756.0,61.0,,21.0,,,2.8,,,,,,Ux.Mx.-------
WW,42.3583,-114.681,1377.0,90.0,,44.0,,,2.0,,,,,,Ux.Mx.-------
WW BLGUL,42.57,-115.025,1158.0,124.0,,61.0,,,2.0,,,,,,Ux.Mx.-------
WW BLGUL,42.5983,-114.94,1170.0,123.0,,60.0,,,2.0,,,,,,Ux.Mx.-------
WW USAF,43.06,-115.866,913.0,60.0,,53.0,,,1.1,,,,,,Ux.Mx.-------
BO 2,43.5467,-116.296,833.0,21.0,,10.0,,,1.9,,,,,,Ux.Mx.-------
BO 3,43.3867,-116.233,888.0,47.0,,33.0,,,1.4,,,,,,Ux.Mx.-------
BO 5,43.0383,-116.285,769.0,71.0,,45.0,,,1.5,,,,,,Ux.Mx.-------
DDH-3,43.79,-115.845,1451.0,79.0,,26.0,,,3.0,,,,,,Ux.Mx.-------
MH 1,43.3167,-115.36,1561.0,123.0,,46.0,,,2.6,,,,,,Ux.Mx.-------
USGS (74I-36A),43.2117,-116.521,862.0,104.0,,71.0,,,1.5,,,,,,Ux.Mx.-------
USGS (74I-46),42.9033,-116.075,806.0,73.0,,59.0,,,1.3,,,,,,Ux.Mx.-------
WW (74I-35),43.2033,-116.526,888.0,62.0,,42.0,,,1.5,,,,,,Ux.Mx.-------
WW NYBOR,43.2583,-115.975,951.0,60.0,,44.0,,,1.3,,,,,,Ux.Mx.-------
7N42E23D,43.9133,-111.468,1678.0,49.0,,32.0,,,1.5,,,,,,Ux.Mx.-------
A1,43.5867,-111.808,1561.0,113.0,,63.0,,,1.8,,,,,,Ux.Mx.-------
ARBORA1,43.585,-112.646,1574.0,29.0,,19.0,,,1.5,,,,,,Ux.Mx.-------
BLM,42.6417,-113.228,1292.0,87.0,,58.0,,,1.5,,,,,,Ux.Mx.-------
BLMR275,43.0333,-114.406,1341.0,45.0,,30.0,,,1.5,,,,,,Ux.Mx.-------
INEL-GT1,43.6233,-113.065,1561.0,22.0,,15.0,,,1.4,,,,,,Ux.Mx.-------
INEL-GT1,43.6233,-113.065,1561.0,109.0,,39.0,,,2.8,,,,,,Ux.Mx.-------
NRANP9,43.8167,-112.666,1459.0,60.0,,41.0,,,1.5,,,,,,Ux.Mx.-------
NRTS 1,43.45,-112.775,1531.0,44.0,,29.0,,,1.5,,,,,,Ux.Mx.-------
NRTS 29,43.735,-112.48,1486.0,32.0,,22.0,,,1.5,,,,,,Ux.Mx.-------
NRTS 5,43.5933,-112.818,1505.0,35.0,,23.0,,,1.5,,,,,,Ux.Mx.-------
NRTS 6,43.675,-112.756,1493.0,31.0,,22.0,,,1.4,,,,,,Ux.Mx.-------
NRTS12,43.69,-112.918,1469.0,37.0,,24.0,,,1.5,,,,,,Ux.Mx.-------
NRTS14,43.3383,-112.946,1564.0,51.0,,34.0,,,1.5,,,,,,Ux.Mx.-------
NRTS17,43.66,-112.866,1473.0,43.0,,58.0,,,1.3,,,,,,Ux.Mx.-------
NRTS17,43.66,-112.866,1473.0,34.0,,24.0,,,1.4,,,,,,Ux.Mx.-------
NRTS2,43.555,-112.721,1562.0,35.0,,23.0,,,1.5,,,,,,Ux.Mx.-------
NRTS22,43.5717,-113.055,1539.0,81.0,,54.0,,,1.5,,,,,,Ux.Mx.-------
NRTS23,43.6817,-113.0,1488.0,72.0,,49.0,,,1.5,,,,,,Ux.Mx.-------
NRTS26,43.87,-112.658,1460.0,21.0,,15.0,,,1.5,,,,,,Ux.Mx.-------
NRTS30,43.7667,-112.531,1458.0,64.0,,44.0,,,1.5,,,,,,Ux.Mx.-------
NRTS30,43.7667,-112.531,1458.0,51.0,,28.0,,,1.8,,,,,,Ux.Mx.-------
NRTS31,43.7733,-112.571,1453.0,111.0,,76.0,,,1.5,,,,,,Ux.Mx.-------
NRTS32,43.745,-112.538,1468.0,30.0,,22.0,,,1.3,,,,,,Ux.Mx.-------
NRTS6,43.675,-112.756,1493.0,32.0,,22.0,,,1.5,,,,,,Ux.Mx.-------
NRTS83,43.505,-112.936,1506.0,24.0,,16.0,,,1.5,,,,,,Ux.Mx.-------
NRTSCG,43.45,-112.951,1530.0,36.0,,25.0,,,1.5,,,,,,Ux.Mx.-------
NRTSHW2,43.5517,-112.5,1590.0,25.0,,17.0,,,1.5,,,,,,Ux.Mx.-------
NRTSS14,43.725,-112.775,1461.0,113.0,,77.0,,,1.5,,,,,,Ux.Mx.-------
P-41-X,43.585,-111.743,1570.0,81.0,,45.0,,,1.8,,,,,,Ux.Mx.-------
RDH-PB1,43.9733,-113.03,2121.0,107.0,,33.0,,,3.2,,,,,,Ux.Mx.-------
RDH-U-LC,44.1317,-112.845,1987.0,66.0,,27.0,,,2.4,,,,,,Ux.Mx.-------
RDH-U-RG,44.0817,-112.126,1926.0,39.0,,16.0,,,2.4,,,,,,Ux.Mx.-------
SMU FF1,43.3317,-114.323,1524.0,89.0,,37.0,,,2.4,,,,,,Ux.Mx.-------
SMU KG1,44.4017,-111.94,1945.0,23.0,,10.0,,,2.2,,,,,,Ux.Mx.-------
SMU KG2,44.4633,-111.731,1987.0,146.0,,77.0,,,1.9,,,,,,Ux.Mx.-------
SMU LHS2,44.23,-112.658,1868.0,39.0,,17.0,,,2.2,,,,,,Ux.Mx.-------
SMU STA1,44.0167,-111.881,1684.0,76.0,,42.0,,,1.8,,,,,,Ux.Mx.-------
SMU STA2,44.0217,-111.828,1602.0,113.0,,61.0,,,1.8,,,,,,Ux.Mx.-------
SMULHS1,44.18,-112.52,1672.0,143.0,,59.0,,,2.4,,,,,,Ux.Mx.-------
SMUMBH1,43.1983,-114.738,1609.0,69.0,,51.0,,,1.4,,,,,,Ux.Mx.-------
SMUSP2,44.3667,-112.141,1859.0,64.0,,38.0,,,1.7,,,,,,Ux.Mx.-------
SMUSP3,44.3267,-112.211,1795.0,105.0,,51.0,,,2.0,,,,,,Ux.Mx.-------
USBR,43.605,-112.055,1449.0,39.0,,28.0,,,1.4,,,,,,Ux.Mx.-------
USBR,42.7567,-114.251,1242.0,27.0,,18.0,,,1.5,,,,,,Ux.Mx.-------
USBR,42.615,-114.186,1198.0,102.0,,68.0,,,1.5,,,,,,Ux.Mx.-------
USBR,42.8433,-113.608,1306.0,73.0,,48.0,,,1.5,,,,,,Ux.Mx.-------
USBR,42.6833,-113.47,1282.0,44.0,,29.0,,,1.5,,,,,,Ux.Mx.-------
USBR,42.7483,-113.403,1320.0,38.0,,25.0,,,1.5,,,,,,Ux.Mx.-------
USBR,44.015,-112.493,1465.0,42.0,,28.0,,,1.5,,,,,,Ux.Mx.-------
USBR,44.015,-112.493,1465.0,44.0,,30.0,,,1.5,,,,,,Ux.Mx.-------
USBR,44.015,-112.493,1465.0,45.0,,31.0,,,1.5,,,,,,Ux.Mx.-------
USBR,43.8183,-111.885,1470.0,47.0,,31.0,,,1.5,,,,,,Ux.Mx.-------
USBR,43.8867,-111.856,1472.0,24.0,,16.0,,,1.5,,,,,,Ux.Mx.-------
USBR,43.8683,-111.855,1473.0,66.0,,45.0,,,1.5,,,,,,Ux.Mx.-------
USBR,44.0,-111.736,1513.0,30.0,,21.0,,,1.5,,,,,,Ux.Mx.-------
USBR,44.0,-111.736,1513.0,66.0,,45.0,,,1.5,,,,,,Ux.Mx.-------
USBR,44.045,-111.688,1573.0,31.0,,21.0,,,1.5,,,,,,Ux.Mx.-------
USBR,44.045,-111.688,1573.0,42.0,,28.0,,,1.5,,,,,,Ux.Mx.-------
USBR,42.4083,-113.95,1329.0,132.0,,65.0,,,2.0,,,,,,Ux.Mx.-------
USGS,42.9683,-113.453,1396.0,32.0,,24.0,,,1.3,,,,,,Ux.Mx.-------
USGS,42.68,-114.8,976.0,26.0,,19.0,,,1.4,,,,,,Ux.Mx.-------
USGS,42.9867,-113.743,1341.0,24.0,,17.0,,,1.4,,,,,,Ux.Mx.-------
USGS,42.9683,-113.453,1396.0,33.0,,23.0,,,1.4,,,,,,Ux.Mx.-------
USGS,43.1433,-113.241,1518.0,20.0,,15.0,,,1.4,,,,,,Ux.Mx.-------
USGS,43.6283,-112.165,1810.0,49.0,,36.0,,,1.4,,,,,,Ux.Mx.-------
USGS,42.705,-112.911,1375.0,69.0,,42.0,,,1.6,,,,,,Ux.Mx.-------
USGS G2A,43.765,-112.688,1459.0,110.0,,59.0,,,1.8,,,,,,Ux.Mx.-------
USGS G3,43.87,-111.755,1489.0,79.0,,44.0,,,1.8,,,,,,Ux.Mx.-------
USGSG1,43.49,-112.683,1637.0,65.0,,41.0,,,1.5,,,,,,Ux.Mx.-------
USGSG1,43.49,-112.683,1637.0,74.0,,31.0,,,2.3,,,,,,Ux.Mx.-------
USGSG2A,43.765,-112.688,1459.0,21.0,,16.0,,,1.3,,,,,,Ux.Mx.-------
USGSG2A,43.765,-112.688,1459.0,109.0,,75.0,,,1.5,,,,,,Ux.Mx.-------
WW,42.41,-114.261,1311.0,94.0,,75.0,,,1.3,,,,,,Ux.Mx.-------
WW,42.4067,-114.103,1320.0,97.0,,77.0,,,1.3,,,,,,Ux.Mx.-------
WW,42.3867,-113.586,1504.0,78.0,,60.0,,,1.3,,,,,,Ux.Mx.-------
WW,43.345,-114.953,1551.0,100.0,,72.0,,,1.4,,,,,,Ux.Mx.-------
WW,42.7533,-114.83,976.0,36.0,,26.0,,,1.4,,,,,,Ux.Mx.-------
WW,42.2117,-114.788,1585.0,56.0,,40.0,,,1.4,,,,,,Ux.Mx.-------
WW,42.9917,-114.71,1103.0,22.0,,16.0,,,1.4,,,,,,Ux.Mx.-------
WW,42.7367,-112.866,1386.0,85.0,,60.0,,,1.4,,,,,,Ux.Mx.-------
WW,43.055,-114.383,1311.0,47.0,,31.0,,,1.5,,,,,,Ux.Mx.-------
WW,44.1833,-112.448,1544.0,69.0,,46.0,,,1.5,,,,,,Ux.Mx.-------
WW,44.13,-111.775,1682.0,25.0,,17.0,,,1.5,,,,,,Ux.Mx.-------
WW,42.6367,-114.798,1012.0,71.0,,45.0,,,1.6,,,,,,Ux.Mx.-------
WW,42.435,-114.221,1276.0,79.0,,48.0,,,1.6,,,,,,Ux.Mx.-------
WW,42.1117,-114.611,1707.0,96.0,,53.0,,,1.8,,,,,,Ux.Mx.-------
WW,42.5167,-113.361,1346.0,140.0,,79.0,,,1.8,,,,,,Ux.Mx.-------
WW,42.4167,-113.91,1313.0,82.0,,43.0,,,1.9,,,,,,Ux.Mx.-------
WW,42.41,-114.193,1304.0,134.0,,66.0,,,2.0,,,,,,Ux.Mx.-------
WW,42.34,-114.043,1396.0,139.0,,68.0,,,2.0,,,,,,Ux.Mx.-------
WW,43.985,-111.34,1740.0,110.0,,53.0,,,2.0,,,,,,Ux.Mx.-------
WW,44.1833,-112.448,1544.0,71.0,,29.0,,,2.4,,,,,,Ux.Mx.-------
WW AMBRS,42.63,-114.5,1100.0,57.0,,39.0,,,1.6,,,,,,Ux.Mx.-------
WW BLM,42.4317,-114.4,1261.0,79.0,,54.0,,,1.5,,,,,,Ux.Mx.-------
WW BLM,44.1383,-112.943,1951.0,49.0,,33.0,,,1.5,,,,,,Ux.Mx.-------
WW BLM,43.4383,-112.931,1518.0,30.0,,20.0,,,1.5,,,,,,Ux.Mx.-------
WW BROWN,43.4933,-111.766,1669.0,75.0,,41.0,,,1.8,,,,,,Ux.Mx.-------
WW HRSGB,43.9583,-111.34,1740.0,119.0,,58.0,,,2.0,,,,,,Ux.Mx.-------
WW KERBS,43.9533,-111.366,1719.0,91.0,,44.0,,,2.0,,,,,,Ux.Mx.-------
WW LUSK,44.2167,-111.891,1827.0,21.0,,14.0,,,1.5,,,,,,Ux.Mx.-------
WW MUFFY,42.9467,-114.661,1105.0,84.0,,44.0,,,1.9,,,,,,Ux.Mx.-------
WW NEELY,43.84,-111.436,1771.0,26.0,,17.0,,,1.5,,,,,,Ux.Mx.-------
WW NEVIL,44.1383,-111.546,1724.0,34.0,,22.0,,,1.5,,,,,,Ux.Mx.-------
WW SIMMN,43.5883,-111.726,1609.0,88.0,,49.0,,,1.8,,,,,,Ux.Mx.-------
WW YANKY,43.3483,-114.33,1536.0,119.0,,51.0,,,2.3,,,,,,Ux.Mx.-------
WWALLEN,42.7867,-112.96,1381.0,27.0,,18.0,,,1.5,,,,,,Ux.Mx.-------
WWBALL,44.0417,-112.8,1672.0,53.0,,36.0,,,1.5,,,,,,Ux.Mx.-------
WWBSSM1,43.0217,-114.73,1109.0,126.0,,61.0,,,2.0,,,,,,Ux.Mx.-------
WWCITY,44.0733,-111.451,1599.0,150.0,,78.0,,,1.9,,,,,,Ux.Mx.-------
WWCITY2,44.0783,-111.445,1602.0,119.0,,62.0,,,1.9,,,,,,Ux.Mx.-------
WWCMBLL,43.485,-111.758,1699.0,130.0,,72.0,,,1.8,,,,,,Ux.Mx.-------
WWCOX,43.2433,-112.0,1585.0,71.0,,38.0,,,1.9,,,,,,Ux.Mx.-------
WWHRSGB,43.9583,-111.34,1740.0,114.0,,76.0,,,1.5,,,,,,Ux.Mx.-------
WWKANDL,44.015,-111.251,1768.0,75.0,,36.0,,,2.0,,,,,,Ux.Mx.-------
WWLCKLY,42.6317,-114.46,1112.0,86.0,,53.0,,,1.6,,,,,,Ux.Mx.-------
WWNEDR3,43.9133,-111.466,1678.0,49.0,,32.0,,,1.5,,,,,,Ux.Mx.-------
WWNICHL,43.3467,-114.951,1550.0,104.0,,75.0,,,1.5,,,,,,Ux.Mx.-------
WWRDNGR,43.5667,-114.275,1829.0,51.0,,28.0,,,1.8,,,,,,Ux.Mx.-------
WWSMPT1,43.7917,-112.893,1461.0,48.0,,33.0,,,1.5,,,,,,Ux.Mx.-------
TP-3,38.7383,-112.805,1607.0,98.0,,45.0,,,2.2,,,,,,Ux.Mx.-------
TP-6,38.74,-112.753,1665.0,86.0,,43.0,,,2.0,,,,,,Ux.Mx.-------
TP-7,38.765,-112.853,1536.0,104.0,,50.0,,,2.1,,,,,,Ux.Mx.-------
TP-8,38.7083,-112.77,1646.0,95.0,,56.0,,,1.7,,,,,,Ux.Mx.-------
TWINPKS,38.7367,-112.81,1599.0,95.0,,55.0,,,1.8,,,,,,Ux.Mx.-------
DEEP CRK,39.81,-113.8,1567.0,82.0,,38.0,,,2.2,,,,,,Ux.Mx.-------
PINE VAL,37.4183,-113.561,1836.9,96.0,,47.0,,,2.0,,,,,,Ux.Mx.-------
RED MTN,37.2067,-113.646,1244.0,74.0,,14.0,,,5.0,,,,,,Ux.Mx.-------
SAN RAFS,38.7217,-111.151,1686.0,43.0,,21.0,,,2.0,,,,,,Ux.Mx.-------
SHAUNTIE,38.3433,-113.263,1810.0,114.0,,70.0,,,0.8,,,,,,Ux.Mx.-------
SHEEPRCK,39.8167,-112.408,1787.0,100.0,,36.0,,,3.0,,,,,,Ux.Mx.-------
SILVERI,41.0333,-113.783,1332.0,87.0,,38.0,,,2.3,,,,,,Ux.Mx.-------
ED-1,37.885,-113.331,1585.0,41.0,,30.0,,,1.4,,,,,,Ux.Mx.-------
ED-1,37.605,-113.813,1747.0,87.0,,58.0,,,1.5,,,,,,Ux.Mx.-------
ED-6,37.9833,-113.655,1743.0,97.0,,56.0,,,1.7,,,,,,Ux.Mx.-------
ED-7,38.1183,-113.626,1862.0,102.0,,42.0,,,2.4,,,,,,Ux.Mx.-------
LUND 2,38.0433,-113.4,1548.0,64.0,,40.0,,,1.6,,,,,,Ux.Mx.-------
CBHF-15,35.9833,-117.815,1440.0,121.0,,48.0,,,2.5,,,,,,Ux.Mx.-------
CBHF-17,35.8767,-117.593,899.0,75.0,,34.0,,,2.2,,,,,,Ux.Mx.-------
CBHF-2,35.9483,-117.871,1123.0,100.0,,48.0,,,2.1,,,,,,Ux.Mx.-------
CBHF-2,35.9483,-117.871,1123.0,71.0,,29.0,,,2.4,,,,,,Ux.Mx.-------
CBHF-3,35.975,-117.876,1079.0,121.0,,46.0,,,2.6,,,,,,Ux.Mx.-------
CBHF-4,36.01,-117.886,1055.0,150.0,,57.0,,,2.6,,,,,,Ux.Mx.-------
CBHF-8,35.9733,-117.775,977.0,83.0,,57.0,,,1.3,,,,,,Ux.Mx.-------
CUTD-5,36.0533,-117.853,1305.0,150.0,,69.0,,,2.1,,,,,,Ux.Mx.-------
LINK-FLD,41.3833,-86.2333,247.0,53.0,,14.0,,,3.8,,,,,,Ux.Mx.-------
RC S-38,40.89,-86.4717,226.0,58.0,,14.0,,,4.1,,,,,,Ux.Mx.-------
RC S-55,40.9183,-86.4517,227.0,58.0,,15.0,,,3.7,,,,,,Ux.Mx.-------
RDFL-BO1,41.5617,-94.1033,312.0,48.0,,13.0,,,3.6,,,,,,Ux.Mx.-------
RDFL-BR1,41.66,-94.1617,313.0,48.0,,14.0,,,3.4,,,,,,Ux.Mx.-------
VIN-AND3,42.6333,-94.02,350.0,38.0,,10.0,,,3.5,,,,,,Ux.Mx.-------
ADCOH-1,34.665,-83.1767,213.0,43.0,,20.0,,,2.1,,,,,,Ux.Mx.-------
ADCOH-1,34.665,-83.1767,245.1,49.0,,19.4,,,2.5,,,,,,Ux.Mx.-------
ADCOH-1,34.665,-83.1767,213.0,53.0,,18.0,,,2.8,,,,,,Ux.Mx.-------
ADCOH-4,34.7817,-83.2767,290.0,46.0,,23.0,,,1.9,,,,,,Ux.Mx.-------
ADCOH-4,34.7817,-83.2767,290.0,53.0,,27.0,,,2.0,,,,,,Ux.Mx.-------
ADCOH-4,34.7817,-83.2767,488.2,51.0,,23.4,,,2.3,,,,,,Ux.Mx.-------
ADCOH-4,34.7817,-83.2767,290.0,54.0,,19.0,,,2.8,,,,,,Ux.Mx.-------
BELCROSS,36.325,-76.0583,7.3,52.0,,44.0,,,1.2,,,,,,Ux.Mx.-------
BELCROSS,36.325,-76.0583,7.3,48.0,,27.0,,,1.8,,,,,,Ux.Mx.-------
CAPE MAY,39.0,-74.9017,8.1,45.0,,28.0,,,1.5,,,,,,Ux.Mx.-------
CHERITON,37.295,-75.93,8.8,59.0,,66.0,,,0.9,,,,,,Ux.Mx.-------
CHERITON,37.295,-75.93,8.8,59.0,,44.0,,,1.3,,,,,,Ux.Mx.-------
EASTVILL,37.3533,-75.9917,2.8,55.0,,24.0,,,2.2,,,,,,Ux.Mx.-------
EASTVILL,37.3533,-75.9917,2.8,61.0,,25.0,,,2.4,,,,,,Ux.Mx.-------
EATONTWN,40.3133,-74.05,8.3,33.0,,20.0,,,1.6,,,,,,Ux.Mx.-------
EATONTWN,40.3133,-74.05,8.3,42.0,,22.0,,,1.9,,,,,,Ux.Mx.-------
EATONTWN,40.3133,-74.05,8.3,51.0,,22.0,,,2.3,,,,,,Ux.Mx.-------
ENGELHAR,35.52,-75.9867,0.5,55.0,,49.0,,,1.1,,,,,,Ux.Mx.-------
ENGELHAR,35.52,-75.9867,0.5,48.0,,23.0,,,2.0,,,,,,Ux.Mx.-------
FORKED R,39.84,-74.18,3.3,46.0,,33.0,,,1.4,,,,,,Ux.Mx.-------
HAMPTON,37.0367,-76.315,6.4,53.0,,27.0,,,1.9,,,,,,Ux.Mx.-------
HAMPTON,37.0367,-76.315,6.4,58.0,,30.0,,,1.9,,,,,,Ux.Mx.-------
HAMPTON,37.0367,-76.315,6.4,56.0,,28.7,,,2.0,,,,,,Ux.Mx.-------
HEBRON,38.3317,-75.51,15.2,46.0,,31.0,,,1.5,,,,,,Ux.Mx.-------
IS WIGHT,36.9083,-76.7017,23.9,54.0,,24.2,,,2.3,,,,,,Ux.Mx.-------
ISWIGHT,36.9083,-76.7017,23.9,59.0,,26.0,,,2.2,,,,,,Ux.Mx.-------
ISWIGHT,36.9083,-76.7017,23.9,49.0,,21.0,,,2.3,,,,,,Ux.Mx.-------
JCKSNVLL,34.6517,-77.32,6.9,55.0,,37.0,,,1.5,,,,,,Ux.Mx.-------
JCKSNVLL,34.6517,-77.32,6.9,53.0,,25.4,,,2.1,,,,,,Ux.Mx.-------
JCKSNVLL,34.6517,-77.32,6.9,51.0,,18.0,,,2.7,,,,,,Ux.Mx.-------
KINGSTON,38.08,-75.725,5.5,61.0,,48.0,,,1.3,,,,,,Ux.Mx.-------
KINGSTON,38.08,-75.725,5.5,64.0,,48.0,,,1.3,,,,,,Ux.Mx.-------
KINSTON,35.235,-77.5933,13.0,26.0,,25.0,,,1.0,,,,,,Ux.Mx.-------
KINSTON,35.235,-77.5933,13.0,71.0,,27.0,,,2.5,,,,,,Ux.Mx.-------
LIZ CITY,36.28,-76.2083,2.6,41.0,,25.9,,,1.6,,,,,,Ux.Mx.-------
LIZCITY,36.28,-76.2083,2.6,35.0,,23.0,,,1.5,,,,,,Ux.Mx.-------
LIZCITY,36.28,-76.2083,2.6,47.0,,28.0,,,1.6,,,,,,Ux.Mx.-------
LUMBERTO,34.57,-78.9333,29.9,62.0,,22.0,,,2.8,,,,,,Ux.Mx.-------
LUMBERTO,34.57,-78.9333,29.9,58.0,,19.0,,,2.9,,,,,,Ux.Mx.-------
LUMBERTO,34.57,-78.9333,29.9,69.0,,21.0,,,3.3,,,,,,Ux.Mx.-------
NORFOLK,36.9567,-76.2683,-1.4,60.0,,42.0,,,1.4,,,,,,Ux.Mx.-------
NORFOLK,36.9567,-76.2683,-1.4,47.0,,24.0,,,1.9,,,,,,Ux.Mx.-------
OCEANA,36.8,-76.0417,8.6,44.0,,33.0,,,1.3,,,,,,Ux.Mx.-------
OCEANA,36.8,-76.0417,8.6,52.0,,40.0,,,1.3,,,,,,Ux.Mx.-------
OCEANA,36.8,-76.0417,8.6,59.0,,46.0,,,1.3,,,,,,Ux.Mx.-------
OCN CTY,38.4333,-75.0583,-2.1,54.0,,32.6,,,1.7,,,,,,Ux.Mx.-------
OCNCTY,38.4333,-75.0583,-2.1,34.0,,26.0,,,1.3,,,,,,Ux.Mx.-------
OCNCTY,38.4333,-75.0583,-2.1,74.0,,36.0,,,2.0,,,,,,Ux.Mx.-------
PALMETTO,33.4983,-84.6983,291.2,38.0,,14.0,,,2.7,,,,,,Ux.Mx.-------
PEARSBRG,37.3417,-80.7683,520.2,114.0,,18.0,,,6.1,,,,,,Ux.Mx.-------
PEARSBRG,37.3417,-80.7683,520.2,123.0,,20.0,,,6.2,,,,,,Ux.Mx.-------
PEARSBRG,37.3417,-80.7683,520.2,131.0,,21.0,,,6.2,,,,,,Ux.Mx.-------
PRINCESS,38.175,-75.5733,11.7,51.0,,52.0,,,1.0,,,,,,Ux.Mx.-------
PRINCESS,38.175,-75.5733,11.7,55.0,,52.9,,,1.0,,,,,,Ux.Mx.-------
PRINCESS,38.175,-75.5733,11.7,59.0,,52.0,,,1.1,,,,,,Ux.Mx.-------
PRTSMTH,36.85,-76.48,6.1,83.0,,34.0,,,2.4,,,,,,Ux.Mx.-------
PRTSMTH,36.85,-76.48,6.1,81.0,,27.3,,,3.0,,,,,,Ux.Mx.-------
PRTSMTH,36.85,-76.48,6.1,79.0,,22.0,,,3.5,,,,,,Ux.Mx.-------
PTRSBRG3,37.7517,-77.55,80.3,58.0,,18.0,,,3.2,,,,,,Ux.Mx.-------
REHOBETH,38.035,-75.67,3.0,43.0,,38.0,,,1.1,,,,,,Ux.Mx.-------
REHOBETH,38.035,-75.67,3.0,53.0,,42.5,,,1.3,,,,,,Ux.Mx.-------
REHOBETH,38.035,-75.67,3.0,63.0,,46.0,,,1.3,,,,,,Ux.Mx.-------
RLSVLL-2,35.79,-78.4167,96.3,51.0,,16.0,,,3.0,,,,,,Ux.Mx.-------
RLSVLL-2,35.79,-78.4167,96.3,55.0,,18.0,,,3.0,,,,,,Ux.Mx.-------
RLSVLL-3,35.7267,-78.3283,95.0,45.0,,13.0,,,3.3,,,,,,Ux.Mx.-------
RLSVLL-3,35.7267,-78.3283,95.0,46.0,,13.0,,,3.4,,,,,,Ux.Mx.-------
RLSVLL-4,35.95,-78.3283,96.3,49.0,,16.0,,,2.9,,,,,,Ux.Mx.-------
ROCKY MT,36.035,-77.7533,35.4,59.0,,19.0,,,3.1,,,,,,Ux.Mx.-------
ROXBORO1,36.3867,-78.9667,226.1,41.0,,10.0,,,3.8,,,,,,Ux.Mx.-------
ROXBORO1,36.3867,-78.9667,226.1,41.0,,10.0,,,3.8,,,,,,Ux.Mx.-------
SALISBUR,38.3417,-75.6067,8.1,59.0,,47.0,,,1.2,,,,,,Ux.Mx.-------
SALISBUR,38.3417,-75.6067,8.1,63.0,,37.0,,,1.7,,,,,,Ux.Mx.-------
SB AIRPT,38.39,-75.69,12.7,52.0,,50.1,,,1.0,,,,,,Ux.Mx.-------
SBAIRPT,38.39,-75.69,12.7,53.0,,52.0,,,1.0,,,,,,Ux.Mx.-------
SBAIRPT,38.39,-75.69,12.7,51.0,,45.0,,,1.1,,,,,,Ux.Mx.-------
SILOAM-2,33.4767,-83.0333,197.6,64.0,,19.0,,,3.3,,,,,,Ux.Mx.-------
SLATE BT,36.3117,-78.8333,189.5,40.0,,11.0,,,3.3,,,,,,Ux.Mx.-------
SMITH PT,37.8833,-76.25,,63.0,,51.0,,,1.2,,,,,,Ux.Mx.-------
SNOW HLL,38.1717,-75.38,8.2,49.0,,36.8,,,1.3,,,,,,Ux.Mx.-------
SNOWHLL,38.1717,-75.38,8.2,45.0,,33.0,,,1.3,,,,,,Ux.Mx.-------
SNOWHLL,38.1717,-75.38,8.2,53.0,,40.0,,,1.3,,,,,,Ux.Mx.-------
ST FARM,37.6667,-77.78,88.7,40.0,,16.0,,,2.4,,,,,,Ux.Mx.-------
TASLEY,37.7083,-75.7133,13.3,66.0,,32.0,,,2.0,,,,,,Ux.Mx.-------
WALLOPS,37.9433,-75.4533,3.0,69.0,,45.0,,,1.5,,,,,,Ux.Mx.-------
WALLOPS,37.9433,-75.4533,3.0,53.0,,31.1,,,1.7,,,,,,Ux.Mx.-------
WALLOPS,37.9433,-75.4533,3.0,37.0,,19.0,,,1.9,,,,,,Ux.Mx.-------
106,39.7167,-113.216,1451.0,108.0,,47.0,,,2.3,,,,,,Ux.Mx.-------
110,39.7167,-113.216,1462.0,121.0,,55.0,,,2.2,,,,,,Ux.Mx.-------
111,39.7167,-113.216,1448.0,125.0,,55.0,,,2.3,,,,,,Ux.Mx.-------
D-142,40.5333,-112.15,1963.0,96.0,,18.0,,,5.3,,,,,,Ux.Mx.-------
JORDAN V,40.7833,-112.071,1285.0,75.0,,58.0,,,1.3,,,,,,Ux.Mx.-------
LASAL,38.2567,-109.296,2070.0,62.0,,17.0,,,3.6,,,,,,Ux.Mx.-------
SPORMT,39.7167,-113.216,1454.0,125.0,,55.0,,,2.3,,,,,,Ux.Mx.-------
1,34.9083,-96.53,274.0,44.0,,29.0,,,1.5,,,,,,Ux.Mx.-------
29,35.1783,-96.76,279.0,47.0,,29.0,,,1.6,,,,,,Ux.Mx.-------
110,36.75,-97.3483,310.0,53.0,,38.0,,,1.4,,,,,,Ux.Mx.-------
114,36.2183,-97.4083,366.0,48.0,,31.0,,,1.5,,,,,,Ux.Mx.-------
117,35.4683,-96.2,408.0,86.0,,42.0,,,2.0,,,,,,Ux.Mx.-------
128,35.0,-96.5,258.0,51.0,,35.0,,,1.5,,,,,,Ux.Mx.-------
AudHampton1,34.9083,-95.4383,199.0,42.0,,23.0,,,1.8,,,,,,Ux.Mx.-------
C-4,35.3583,-96.45,273.0,76.0,,41.0,,,1.9,,,,,,Ux.Mx.-------
Cavitt1,35.02,-97.9383,383.0,39.0,,22.0,,,1.8,,,,,,Ux.Mx.-------
Davis1,34.9383,-95.92,213.0,45.0,,23.0,,,1.9,,,,,,Ux.Mx.-------
Fer-ris 1-28,35.0383,-98.15,406.0,39.0,,17.0,,,2.4,,,,,,Ux.Mx.-------
Ficher 43-C,36.9783,-94.87,255.0,59.0,,19.0,,,3.1,,,,,,Ux.Mx.-------
Foltz 1,35.9283,-95.7183,192.0,65.0,,25.0,,,2.6,,,,,,Ux.Mx.-------
Frances 1,36.2183,-97.75,328.0,55.0,,24.0,,,2.3,,,,,,Ux.Mx.-------
Garner1-10,36.31,-96.7,521.0,57.0,,27.0,,,2.6,,,,,,Ux.Mx.-------
GarrettUnit l-A,34.7583,-95.59,311.0,33.0,,19.0,,,1.7,,,,,,Ux.Mx.-------
Griffin 1,35.2183,-95.37,208.0,56.0,,28.0,,,2.0,,,,,,Ux.Mx.-------
Gypsy,36.3583,-96.7,255.0,72.0,,20.0,,,3.5,,,,,,Ux.Mx.-------
Hough 103,36.85,-101.658,1015.0,56.0,,23.0,,,2.6,,,,,,Ux.Mx.-------
Jack Murdaughl,35.0483,-95.39,272.0,46.0,,24.0,,,1.9,,,,,,Ux.Mx.-------
LeForce 2-14,36.7283,-97.92,325.0,64.0,,35.0,,,1.8,,,,,,Ux.Mx.-------
Mackey 1-4,35.46,-99.7383,711.0,54.0,,24.0,,,2.3,,,,,,Ux.Mx.-------
Manschrich 1,34.9683,-95.51,293.0,46.0,,25.0,,,1.9,,,,,,Ux.Mx.-------
Max Brandt 1,35.1583,-95.53,209.0,61.0,,30.0,,,2.0,,,,,,Ux.Mx.-------
OC- I,35.4283,-97.4583,382.0,28.0,,21.0,,,1.3,,,,,,Ux.Mx.-------
P-2,35.2883,-96.3183,250.0,75.0,,42.0,,,1.8,,,,,,Ux.Mx.-------
Rogers 1,35.4683,-95.3283,172.0,66.0,13.2,28.0,,,2.4,,,,,,U3.Mx.-------
SA-1,34.4683,-97.56,290.0,31.0,,14.0,,,2.2,,,,,,Ux.Mx.-------
Spears 1,34.82,-95.43,208.0,39.0,7.8,20.0,,,1.9,,,,,,U3.Mx.-------
Spiers 1,34.8683,-97.8483,350.0,40.0,,20.0,,,2.0,,,,,,Ux.Mx.-------
T-1,36.59,-97.28,293.0,52.0,,34.0,,,1.5,,,,,,Ux.Mx.-------
W E-5,35.17,-96.45,259.0,64.0,,39.0,,,1.6,,,,,,Ux.Mx.-------
W-6,34.42,-98.26,315.0,22.0,,17.0,,,1.4,,,,,,Ux.Mx.-------
GOLDEN,39.7833,-105.266,1905.0,63.0,,20.0,,,3.0,,,,,,Ux.Mx.-------
HESPERUS,37.3833,-108.066,2770.0,87.0,,30.0,,,2.9,,,,,,Ux.Mx.-------
QUESTA,36.7,-105.516,2770.0,58.0,,19.0,,,3.0,,,,,,Ux.Mx.-------
R TUNNEL,39.5,-105.916,2670.0,99.0,,31.0,,,3.2,,,,,,Ux.Mx.-------
SANTA RT,32.8,-108.066,1871.9,79.0,,35.4,,,2.3,,,,,,Ux.Mx.-------
SANTART,32.8,-108.066,1871.9,75.0,,22.0,,,3.0,,,,,,Ux.Mx.-------
DVCK-8&9,37.7833,-108.766,1922.0,99.0,,37.0,,,2.6,,,,,,Ux.Mx.-------
DVCK-8&9,37.7833,-108.766,1922.0,82.0,,27.0,,,3.0,,,,,,Ux.Mx.-------
GEMPK3-4,38.2667,-105.516,2442.0,70.0,,26.0,,,2.7,,,,,,Ux.Mx.-------
GEMPK3-4,38.2667,-105.516,2388.1,78.0,,25.8,,,3.0,,,,,,Ux.Mx.-------
GEMPK3-4,38.2667,-105.516,2442.0,85.0,,26.0,,,3.2,,,,,,Ux.Mx.-------
GLADE,38.95,-108.616,2114.0,58.0,,26.0,,,2.2,,,,,,Ux.Mx.-------
GLADE,38.95,-108.616,2114.0,56.0,,23.0,,,2.4,,,,,,Ux.Mx.-------
GLADE,38.95,-108.616,2114.0,67.0,,27.0,,,2.5,,,,,,Ux.Mx.-------
KOKOMO,39.4333,-106.133,3201.0,117.0,,33.0,,,3.5,,,,,,Ux.Mx.-------
WESTCLF4,38.1417,-105.441,2446.0,69.0,,40.0,,,1.7,,,,,,Ux.Mx.-------
WESTCLF4,38.1417,-105.441,2446.0,66.0,,34.0,,,1.9,,,,,,Ux.Mx.-------
WESTCLF4,38.1417,-105.441,2446.0,66.0,,31.0,,,2.1,,,,,,Ux.Mx.-------
WESTCLF4,38.1417,-105.441,2446.0,68.0,,29.0,,,2.3,,,,,,Ux.Mx.-------
BOSLER,41.6383,-105.391,2304.0,24.0,,14.0,,,1.7,,,,,,Ux.Mx.-------
C K MINE,41.145,-105.185,2165.0,59.0,,18.0,,,3.3,,,,,,Ux.Mx.-------
KEYSTONE,41.4167,-106.258,2652.0,50.0,,19.0,,,2.6,,,,,,Ux.Mx.-------
PEDRO MT,42.3033,-106.785,2037.0,54.0,,14.0,,,3.8,,,,,,Ux.Mx.-------
SHEEP MT,42.3767,-107.816,2325.0,66.0,,22.0,,,2.9,,,,,,Ux.Mx.-------
SHERMAN,41.3867,-105.428,2500.0,33.0,,15.0,,,2.2,,,,,,Ux.Mx.-------
B1-155,37.7317,-109.363,2109.0,67.0,,17.0,,,3.9,,,,,,Ux.Mx.-------
CC-19,39.65,-105.74,3440.0,109.0,,34.0,,,3.5,,,,,,Ux.Mx.-------
CC-22,39.4833,-105.74,3427.0,105.0,,30.0,,,3.7,,,,,,Ux.Mx.-------
CHICAGOB,37.6033,-107.613,3438.0,102.0,,31.0,,,3.7,,,,,,Ux.Mx.-------
CX-124,39.76,-105.843,3440.0,126.0,,35.0,,,3.6,,,,,,Ux.Mx.-------
DDH-14,37.9167,-106.95,3550.0,98.0,,68.0,,,2.2,,,,,,Ux.Mx.-------
DDH-17,37.9167,-106.95,3550.0,119.0,,41.0,,,2.7,,,,,,Ux.Mx.-------
DDH-18,37.9333,-106.95,3580.0,100.0,,35.0,,,2.8,,,,,,Ux.Mx.-------
DH-2,38.9833,-106.456,3255.0,115.0,,41.0,,,3.0,,,,,,Ux.Mx.-------
EDEN 1,41.85,-109.541,2049.0,67.0,,33.0,,,2.0,,,,,,Ux.Mx.-------
ELKHORN,40.7417,-105.53,2362.0,82.0,,24.0,,,3.7,,,,,,Ux.Mx.-------
EMPIRE2,39.7667,-105.698,2637.0,85.0,,28.0,,,3.0,,,,,,Ux.Mx.-------
FR-1,41.455,-106.735,2116.0,65.0,,33.0,,,2.0,,,,,,Ux.Mx.-------
GENBAS2,39.5733,-105.811,3575.0,130.0,,29.0,,,4.8,,,,,,Ux.Mx.-------
GENBAS4,39.575,-105.815,3493.0,96.0,,30.0,,,3.5,,,,,,Ux.Mx.-------
GOTH1,38.9883,-106.945,3250.0,112.0,,39.0,,,3.3,,,,,,Ux.Mx.-------
GOTH7,38.9883,-106.945,3232.0,108.0,,37.0,,,3.6,,,,,,Ux.Mx.-------
GOTH9,38.9883,-106.945,3262.0,105.0,,39.0,,,3.4,,,,,,Ux.Mx.-------
GPVN 1,39.6817,-105.24,2073.0,67.0,,24.0,,,3.1,,,,,,Ux.Mx.-------
GPVN 2,39.675,-105.24,2052.0,57.0,,23.0,,,2.8,,,,,,Ux.Mx.-------
GPVN 3,39.68,-105.24,2052.0,72.0,,28.0,,,2.9,,,,,,Ux.Mx.-------
HOLE-A,38.8917,-107.056,3462.0,150.0,,37.0,,,3.7,,,,,,Ux.Mx.-------
HOLE-B,38.89,-107.055,3359.0,148.0,,36.0,,,3.7,,,,,,Ux.Mx.-------
HOLE-C,38.8917,-107.053,3327.0,149.0,,37.0,,,3.7,,,,,,Ux.Mx.-------
HOLE-D,38.89,-107.06,3439.0,148.0,,39.0,,,3.5,,,,,,Ux.Mx.-------
HOLE-E,38.8933,-107.051,3350.0,150.0,,42.0,,,3.2,,,,,,Ux.Mx.-------
JAMESTOW,40.1283,-105.388,2478.0,100.0,,32.0,,,2.5,,,,,,Ux.Mx.-------
JCKCK1,40.405,-105.94,3241.0,90.0,,26.0,,,3.8,,,,,,Ux.Mx.-------
JCKCK4,40.3983,-105.973,3055.0,144.0,,43.0,,,3.7,,,,,,Ux.Mx.-------
JCKCK5,40.4067,-105.958,3213.0,138.0,,37.0,,,4.1,,,,,,Ux.Mx.-------
L.IRWIN,38.9,-107.111,3290.0,129.0,,40.0,,,3.3,,,,,,Ux.Mx.-------
LILLYLK,37.58,-107.593,2084.0,88.0,,22.0,,,3.6,,,,,,Ux.Mx.-------
MEADOWC,43.9267,-109.286,3056.0,74.0,,35.0,,,2.7,,,,,,Ux.Mx.-------
NPB-PAR5,39.0217,-107.091,3665.0,100.0,,23.0,,,4.3,,,,,,Ux.Mx.-------
NPB-PAR6,39.0233,-107.09,3649.0,96.0,,26.0,,,3.5,,,,,,Ux.Mx.-------
PDRBSN 1,42.825,-105.301,1558.0,89.0,,44.0,,,2.0,,,,,,Ux.Mx.-------
PDRBSN 2,43.2083,-105.078,1421.0,69.0,,34.0,,,2.0,,,,,,Ux.Mx.-------
RKRV-1,42.0683,-105.79,2196.0,37.0,,18.0,,,2.0,,,,,,Ux.Mx.-------
RKRV-2,42.14,-105.796,2140.0,71.0,,30.0,,,2.4,,,,,,Ux.Mx.-------
RKRV-3,42.1517,-105.768,2140.0,51.0,,21.0,,,2.4,,,,,,Ux.Mx.-------
RKRV-5,42.155,-105.763,2140.0,40.0,,14.0,,,2.8,,,,,,Ux.Mx.-------
RKRV-6,42.165,-105.966,2122.0,53.0,,22.0,,,2.4,,,,,,Ux.Mx.-------
RKRV-7,42.175,-105.823,2121.0,57.0,,24.0,,,2.4,,,,,,Ux.Mx.-------
RKRV-8,42.175,-105.828,2121.0,70.0,,26.0,,,2.7,,,,,,Ux.Mx.-------
ROCKSPR,41.5933,-109.373,2259.0,48.0,,26.0,,,1.7,,,,,,Ux.Mx.-------
SWTZ-1,39.8383,-105.288,2198.0,74.0,,18.0,,,3.9,,,,,,Ux.Mx.-------
SWTZ-2,39.855,-105.288,2189.0,31.0,,14.0,,,2.3,,,,,,Ux.Mx.-------
SWTZ-3,39.8433,-105.285,2259.0,120.0,,28.0,,,4.1,,,,,,Ux.Mx.-------
T-2,39.9133,-105.603,2984.0,63.0,,25.0,,,2.4,,,,,,Ux.Mx.-------
TINCUP,38.77,-106.481,3051.0,85.0,,32.0,,,2.9,,,,,,Ux.Mx.-------
TL-1,39.2917,-106.476,3269.0,107.0,,36.0,,,3.3,,,,,,Ux.Mx.-------
TL-2,39.2933,-106.48,3315.0,138.0,,36.0,,,4.1,,,,,,Ux.Mx.-------
TWNLKS1,39.0017,-106.505,3948.0,88.0,,21.0,,,3.5,,,,,,Ux.Mx.-------
TWNLKS2,38.9833,-106.525,3963.0,100.0,,25.0,,,3.4,,,,,,Ux.Mx.-------
VALLECIT,37.585,-107.595,3720.0,96.0,,28.0,,,3.6,,,,,,Ux.Mx.-------
WINFLD1,38.9733,-106.435,3536.0,119.0,,35.0,,,3.4,,,,,,Ux.Mx.-------
ORGAN,32.45,-106.6,1558.0,115.0,,29.0,,,4.0,,,,,,Ux.Mx.-------
SHAFTER,29.8,-104.4,1250.0,86.0,,24.0,,,3.4,,,,,,Ux.Mx.-------
VAN HORN,31.45,-104.883,1319.0,41.0,,15.0,,,2.8,,,,,,Ux.Mx.-------
Alberta,36.870833,-77.904167,116.0,58.8,,18.0,,,3.27,,,Granite,,,Ux.M3x.xxTP-xx
416,46.1,-69.12,60.0,50.0,20.0,15.0,,,3.3,,,,,,U4.Mx.-------
ABBOTN,36.4,-104.233,2012.0,67.0,,27.0,,,2.4,,,,,,Ux.Mx.-------
CANCIT,38.2167,-105.016,2134.0,85.0,,36.0,,,2.3,,,,,,Ux.Mx.-------
CEBOLLA,36.5333,-106.483,2317.0,73.0,,31.0,,,2.3,,,,,,Ux.Mx.-------
CERRIL 1,35.45,-106.1,1866.0,50.0,,24.0,,,2.0,,,,,,Ux.Mx.-------
CHPLSPAD,35.2667,-103.85,1220.0,59.0,,26.0,,,2.3,,,,,,Ux.Mx.-------
LA JUNTA,38.0167,-103.533,1250.0,93.0,,40.0,,,2.3,,,,,,Ux.Mx.-------
PUEBLO S,38.1833,-104.733,1570.0,113.0,,25.0,,,4.5,,,,,,Ux.Mx.-------
SHHLNE,37.7667,-103.616,1372.0,79.0,,39.0,,,2.0,,,,,,Ux.Mx.-------
TURQMT1,35.5,-106.1,1918.0,55.0,,28.0,,,2.0,,,,,,Ux.Mx.-------
1-34 FED,40.1167,-109.083,1653.1,58.0,,21.0,,,2.7,,,,,,Ux.Mx.-------
ADPA,36.2333,-107.733,2066.0,71.0,,29.0,,,2.5,,,,,,Ux.Mx.-------
BROTHERS,40.7,-112.3,1282.0,112.0,,44.0,,,2.7,,,,,,Ux.Mx.-------
FRANKLIN,41.0167,-111.533,1751.7,64.0,,21.0,,,2.8,,,,,,Ux.Mx.-------
GUNNISON,39.3167,-111.866,1814.8,94.0,,28.0,,,3.0,,,,,,Ux.Mx.-------
OLSEN,40.7333,-112.3,1282.0,99.0,,37.0,,,2.7,,,,,,Ux.Mx.-------
SLATERC1,40.9167,-107.433,2558.7,59.0,,22.0,,,2.5,,,,,,Ux.Mx.-------
STATE LD,40.7333,-111.95,1295.0,89.0,,38.0,,,2.5,,,,,,Ux.Mx.-------
US E,38.9,-111.566,2143.0,82.0,,28.0,,,2.8,,,,,,Ux.Mx.-------
WILKINS,39.9333,-110.033,1847.0,43.0,,15.0,,,1.2,,,,,,Ux.Mx.-------
SUNCOS-,40.575,-117.563,1658.2,32.0,,21.8,,,1.4,,,,,,Ux.Mx.-------
SUNCOS-,40.5633,-117.548,1669.4,41.0,,24.6,,,1.7,,,,,,Ux.Mx.-------
BIGSPRG,41.07,-102.098,1053.0,76.0,,59.0,,,1.3,,,,,,Ux.Mx.-------
BOXELDR,40.96,-100.571,907.3,63.0,,28.0,,,2.2,,,,,,Ux.Mx.-------
COURTHSE,41.5517,-103.148,1187.0,57.0,,52.0,,,1.1,,,,,,Ux.Mx.-------
CROSSRA,41.6067,-101.803,1138.0,64.0,,54.0,,,1.2,,,,,,Ux.Mx.-------
DREAVER,41.1733,-103.278,1387.2,48.0,,44.0,,,1.1,,,,,,Ux.Mx.-------
ELK CRK,40.265,-96.1833,352.8,105.0,,32.0,,,3.3,,,,,,Ux.Mx.-------
FREMONT,41.4917,-96.5567,377.0,55.0,,23.0,,,2.4,,,,,,Ux.Mx.-------
HAGSTROM,41.1817,-103.671,1491.6,45.0,,41.0,,,1.1,,,,,,Ux.Mx.-------
HAY SPRG,42.57,-102.648,1197.0,82.0,,48.0,,,1.7,,,,,,Ux.Mx.-------
LIBERTY,40.05,-96.4583,398.0,51.0,,30.0,,,1.7,,,,,,Ux.Mx.-------
MCCOOK 2/B5015p,40.1467,-101.476,947.5,58.0,,53.0,,,1.1,,,,,,Ux.Mx.-------
MCCOOK1,40.1267,-100.178,745.6,36.0,,33.0,,,1.1,,,,,,Ux.Mx.-------
MCCOOK3,40.1517,-100.155,760.6,56.0,,51.0,,,1.1,,,,,,Ux.Mx.-------
MCCOOK4,40.1517,-101.483,944.6,56.0,,50.0,,,1.1,,,,,,Ux.Mx.-------
MCCOOK5,40.2,-101.153,881.9,53.0,,48.0,,,1.1,,,,,,Ux.Mx.-------
MCCOOK6,40.2033,-101.156,889.6,56.0,,51.0,,,1.1,,,,,,Ux.Mx.-------
NDGS2894,47.1167,-103.666,815.0,61.0,,44.0,,,1.2,,,,,,Ux.Mx.-------
NDGS4462,46.1833,-103.483,897.0,68.0,,45.0,,,1.5,,,,,,Ux.Mx.-------
NDGS4509,46.5,-101.966,719.0,63.0,,26.0,,,2.4,,,,,,Ux.Mx.-------
NDGS4810,46.4,-103.683,396.0,54.0,,37.0,,,1.4,,,,,,Ux.Mx.-------
NDGS4811,46.54,-103.28,877.0,61.0,,42.0,,,1.5,,,,,,Ux.Mx.-------
NDGS4812,47.1667,-104.0,727.0,54.0,,37.0,,,1.5,,,,,,Ux.Mx.-------
NDGS4814,47.2833,-103.3,777.0,55.0,,38.0,,,1.5,,,,,,Ux.Mx.-------
NDGS4815,47.2833,-103.3,610.0,53.0,,36.0,,,1.5,,,,,,Ux.Mx.-------
NDGS5086,47.4667,-103.8,722.0,51.0,,42.0,,,1.2,,,,,,Ux.Mx.-------
ROTHWELL,41.7783,-101.681,1121.0,56.0,,47.0,,,1.2,,,,,,Ux.Mx.-------
RUSHVLLE,42.6117,-102.205,1113.0,65.0,,38.0,,,1.7,,,,,,Ux.Mx.-------
SIDNEY,41.1367,-102.935,1238.0,65.0,,50.0,,,1.3,,,,,,Ux.Mx.-------
STELLA,40.1867,-95.8333,320.0,53.0,,30.0,,,1.8,,,,,,Ux.Mx.-------
TABLERK,40.1517,-96.0767,974.0,57.0,,18.0,,,3.2,,,,,,Ux.Mx.-------
VALENTIN,42.9017,-100.505,745.0,71.0,,64.0,,,1.1,,,,,,Ux.Mx.-------
VANPELT,41.465,-103.758,1525.2,47.0,,43.0,,,1.1,,,,,,Ux.Mx.-------
WHCLAY,42.79,-102.656,1200.7,77.0,,45.0,,,1.7,,,,,,Ux.Mx.-------
WYOMING,40.7783,-96.0033,324.4,55.0,,23.0,,,2.4,,,,,,Ux.Mx.-------
Commonwealth No.1 Wisehart,25.76,-80.8283,,32.0,,17.85,,,1.78,,,Limestone;Dolomite; Anhydrite,,,Ux.M3.-------
Humble Oil No.1,26.335,-80.8117,,30.0,,17.85,,,1.65,,,Limestone;Dolomite; Anhydrite,,,Ux.M4.-------
Humble Oil No.1,26.335,-80.8117,,30.0,,25.49,,,1.65,,,Limestone;Dolomite; Anhydrite,,,Ux.M4.-------
Humble Oil No.1,26.335,-80.8117,,30.0,,10.93,,,1.65,,,Limestone;Dolomite; Anhydrite,,,Ux.M4.-------
Humble Oil No.1,26.335,-80.8117,,30.0,,19.67,,,1.65,,,Limestone;Dolomite; Anhydrite,,,Ux.M4.-------
Humble Oil No.1,26.335,-80.8117,,30.0,,10.93,,,1.65,,,Limestone;Dolomite; Anhydrite,,,Ux.M4.-------
FT RENO,43.82,-106.025,1447.7,47.0,,22.0,,,2.1,,,,,,Ux.Mx.-------
HAHNS PK,40.8383,-106.923,2857.6,105.0,,31.4,,,2.6,,,,,,Ux.Mx.-------
HAHNSPK,40.8383,-106.923,2857.6,107.0,,42.0,,,2.5,,,,,,Ux.Mx.-------
HAHNSPK,40.8383,-106.923,2857.6,102.0,,39.0,,,2.6,,,,,,Ux.Mx.-------
HAHNSPK,40.8383,-106.923,2857.6,106.0,,40.0,,,2.6,,,,,,Ux.Mx.-------
N BUTTE,43.8067,-105.988,1493.4,48.0,,21.0,,,2.2,,,,,,Ux.Mx.-------
POISON,40.32,-106.25,3139.5,74.0,,30.0,,,2.5,,,,,,Ux.Mx.-------
TAHOE 3,39.0167,-120.066,1900.0,41.0,,67.0,,,0.7,,,,,,Ux.Mx.-------
AN-3,33.5383,-116.603,1463.0,73.0,,26.0,,,2.8,,,,,,Ux.Mx.-------
DH-14,34.8617,-118.741,1191.0,84.0,,24.0,,,3.5,,,,,,Ux.Mx.-------
DH-43,34.89,-118.771,1119.0,84.0,,24.0,,,3.5,,,,,,Ux.Mx.-------
DH-70,34.8717,-118.751,1473.0,92.0,,26.0,,,3.5,,,,,,Ux.Mx.-------
BFZ-5Q,43.4833,-119.543,1340.0,75.0,,73.0,,,1.0,,,,,,Ux.Mx.-------
LAWEN,43.4717,-118.731,1256.0,58.0,,60.0,,,1.0,,,,,,Ux.Mx.-------
ALTON,43.4833,-71.2667,314.3,65.0,,25.0,,,2.5,,,,,,Ux.Mx.-------
AMHERST1,42.85,-71.6167,92.0,41.0,,15.0,,,2.7,,,,,,Ux.Mx.-------
AMHERST2,42.85,-71.6167,92.0,46.0,,19.0,,,2.4,,,,,,Ux.Mx.-------
BEDFORD1,42.9333,-71.5333,114.0,71.0,,26.0,,,2.8,,,,,,Ux.Mx.-------
BEDFORD2,42.9333,-71.5333,114.0,78.0,,20.0,,,3.8,,,,,,Ux.Mx.-------
BRAYTNPT,41.7,-71.1667,-4.1,61.0,,15.0,,,4.1,,,,,,Ux.Mx.-------
BRAYTON,41.7,-71.1667,-4.1,60.0,,14.0,,,4.1,,,,,,Ux.Mx.-------
CANAAN,43.65,-72.0667,280.0,48.0,,13.0,,,3.7,,,,,,Ux.Mx.-------
COLEBROO,44.9333,-71.5333,365.9,41.0,,11.0,,,3.5,,,,,,Ux.Mx.-------
DEERING,43.05,-71.85,329.0,66.0,,25.0,,,2.6,,,,,,Ux.Mx.-------
FRANKLIN,43.45,-71.7333,290.1,38.0,,20.0,,,1.9,,,,,,Ux.Mx.-------
GILFORD,43.5333,-71.4333,243.1,44.0,,15.0,,,2.9,,,,,,Ux.Mx.-------
GILMANTN,43.3833,-71.35,327.0,42.0,,12.0,,,3.4,,,,,,Ux.Mx.-------
GOFFSTOW,43.0167,-71.6167,110.0,68.0,,20.0,,,3.3,,,,,,Ux.Mx.-------
GOSHEN,43.2833,-72.15,335.0,48.0,,18.0,,,2.6,,,,,,Ux.Mx.-------
GRAFTON,43.5667,-72.0333,412.1,56.0,,15.0,,,3.7,,,,,,Ux.Mx.-------
GRANTHAM,43.4833,-72.1333,347.1,72.0,,23.0,,,3.1,,,,,,Ux.Mx.-------
HILLSBOR,43.1167,-72.0,331.9,61.0,,20.0,,,3.0,,,,,,Ux.Mx.-------
HOLLIS-1,42.7333,-71.6,125.0,50.0,,15.0,,,3.3,,,,,,Ux.Mx.-------
HOLLIS-2,42.7333,-71.6,125.0,52.0,,16.0,,,3.2,,,,,,Ux.Mx.-------
HOPKINTO,43.15,-71.6833,149.0,46.0,,15.0,,,3.1,,,,,,Ux.Mx.-------
IPSWICH,42.75,-71.85,316.0,49.0,,15.0,,,3.1,,,,,,Ux.Mx.-------
JACKSON,44.1833,-71.2,429.9,62.0,,26.0,,,2.1,,,,,,Ux.Mx.-------
LEBANON,43.6,-72.3333,149.1,31.0,,12.0,,,2.5,,,,,,Ux.Mx.-------
LITTLETN,44.3333,-71.8167,311.0,41.0,,15.0,,,2.3,,,,,,Ux.Mx.-------
LNDNDRRY,42.85,-71.3667,98.0,60.0,,26.0,,,2.3,,,,,,Ux.Mx.-------
MADISON2,43.9333,-71.1417,203.0,74.0,,29.0,,,2.5,,,,,,Ux.Mx.-------
MELVIN-1,43.7,-71.3667,185.0,45.0,,20.0,,,2.2,,,,,,Ux.Mx.-------
MELVIN-2,43.6833,-71.35,153.0,53.0,,18.0,,,2.8,,,,,,Ux.Mx.-------
MEREDTH1,43.65,-71.5333,221.9,50.0,,24.0,,,2.1,,,,,,Ux.Mx.-------
MEREDTH2,43.6333,-71.5167,272.0,58.0,,21.0,,,2.7,,,,,,Ux.Mx.-------
MILFORD,42.8333,-71.7167,166.1,48.0,,20.0,,,2.3,,,,,,Ux.Mx.-------
MLTNBR-1,43.7333,-71.45,257.7,49.0,,18.0,,,2.7,,,,,,Ux.Mx.-------
MLTNBR-2,43.7333,-71.4167,206.1,51.0,,23.0,,,2.2,,,,,,Ux.Mx.-------
NBERWICK,43.2833,-70.6667,63.0,45.0,,18.0,,,2.4,,,,,,Ux.Mx.-------
NEW BOST,43.0,-71.7667,240.1,39.0,,13.0,,,2.8,,,,,,Ux.Mx.-------
NEWPORT1,43.3667,-72.15,307.9,63.0,,18.0,,,3.4,,,,,,Ux.Mx.-------
SANDWICH,43.7833,-71.4667,222.1,45.0,,20.0,,,2.2,,,,,,Ux.Mx.-------
SILVERL,43.8833,-71.1833,177.9,63.0,,20.0,,,3.1,,,,,,Ux.Mx.-------
TAUNTON,41.8833,-71.1333,14.0,51.0,,13.0,,,3.8,,,,,,Ux.Mx.-------
W MILAN,44.6333,-71.3333,361.9,40.0,,14.0,,,2.8,,,,,,Ux.Mx.-------
WEARE,43.05,-71.7,171.0,62.0,,18.0,,,3.4,,,,,,Ux.Mx.-------
WENTWORT,43.6,-71.2,186.0,72.0,,29.0,,,2.5,,,,,,Ux.Mx.-------
WESTMORE,43.0833,-72.3667,348.0,59.0,,14.0,,,4.1,,,,,,Ux.Mx.-------
WESTNEFD,43.65,-70.8667,176.0,48.0,,24.0,,,2.0,,,,,,Ux.Mx.-------
WILTON,42.8167,-71.75,224.9,77.0,,22.0,,,3.4,,,,,,Ux.Mx.-------
WSPRGFD,43.4833,-72.0833,360.1,53.0,,19.0,,,2.8,,,,,,Ux.Mx.-------
Giekieb 06â€12,46.5,-89.25,370.0,35.9,2.7,16.1,,,2.2,,,,,,U2.Mx.-------
EAHILL1,41.9333,-77.85,585.0,61.0,,38.0,,,1.5,,,,,,Ux.Mx.-------
MXWL 11F,39.2833,-80.7667,302.0,51.0,,28.0,,,1.8,,,,,,Ux.Mx.-------
TERRY #1,28.4667,-81.22,19.0,38.0,,21.0,,,1.8,,,,,,Ux.Mx.-------
UVALDE,29.12,-99.68,273.0,45.0,,21.0,,,2.0,,,,,,Ux.Mx.-------
GT-MCG1,43.81,-111.785,1511.0,21.0,,11.0,,,1.9,,,,,,Ux.Mx.-------
ROUND MT,37.65,-118.613,2225.0,79.0,,24.0,,,3.3,,,,,,Ux.Mx.-------
WATT CYN,37.6367,-118.683,2133.0,93.0,,30.0,,,3.1,,,,,,Ux.Mx.-------
WATT TRE,37.6767,-118.646,2393.0,70.0,,25.0,,,2.8,,,,,,Ux.Mx.-------
A-B-F,70.335,-148.863,7.0,56.0,,17.0,,,3.3,,,,,,Ux.Mx.-------
C,70.2117,-148.411,16.0,51.0,,15.5,,,3.3,,,,,,Ux.Mx.-------
D-G-M,70.28,-148.663,8.0,61.0,,17.0,,,3.5,,,,,,Ux.Mx.-------
N,70.3117,-148.315,5.0,53.0,,15.0,,,3.4,,,,,,Ux.Mx.-------
29 PALMS,34.09,-116.011,786.0,46.0,,14.0,,,3.2,,,,,,Ux.Mx.-------
BAGDAD,34.6267,-115.826,424.0,142.0,,50.0,,,2.8,,,,,,Ux.Mx.-------
BERDOOC,33.8133,-116.171,301.0,49.0,,18.0,,,2.7,,,,,,Ux.Mx.-------
BIGMARI,33.73,-114.525,128.0,94.0,,25.0,,,3.6,,,,,,Ux.Mx.-------
BULLION,34.4117,-116.068,725.0,75.0,,24.0,,,3.1,,,,,,Ux.Mx.-------
CADIZ SM,34.57,-115.49,381.0,100.0,,31.0,,,3.2,,,,,,Ux.Mx.-------
CAHUILLA,33.6133,-116.268,52.0,89.0,,37.0,,,2.4,,,,,,Ux.Mx.-------
CALUMET,34.4217,-115.555,210.0,83.0,,28.0,,,2.9,,,,,,Ux.Mx.-------
CARGO,32.92,-114.846,194.0,66.0,,22.0,,,3.0,,,,,,Ux.Mx.-------
CAT-TAIL,34.3517,-114.168,145.0,68.0,,26.0,,,2.6,,,,,,Ux.Mx.-------
CAT-TAIL,34.3517,-114.168,164.0,69.0,,27.0,,,2.6,,,,,,Ux.Mx.-------
CATWELL,34.3517,-114.168,145.0,61.0,,28.0,,,2.1,,,,,,Ux.Mx.-------
CATWELL,34.3517,-114.168,145.0,74.0,,23.0,,,3.1,,,,,,Ux.Mx.-------
CHEMEHUE,34.6233,-114.596,713.0,72.0,,25.0,,,2.8,,,,,,Ux.Mx.-------
CHIRIACO,33.6517,-115.718,585.0,123.0,,40.0,,,3.0,,,,,,Ux.Mx.-------
COX MT S,33.9233,-115.303,375.0,89.0,,34.0,,,2.6,,,,,,Ux.Mx.-------
COXCMBMT,34.1083,-115.476,686.0,141.0,,49.0,,,2.9,,,,,,Ux.Mx.-------
COXMTE,34.1017,-115.351,363.0,90.0,,34.0,,,2.7,,,,,,Ux.Mx.-------
COXMTF,34.0433,-115.203,466.0,50.0,,17.0,,,2.9,,,,,,Ux.Mx.-------
DALEMIN,34.0717,-115.76,530.0,60.0,,20.0,,,2.9,,,,,,Ux.Mx.-------
DESERTC,33.6833,-115.426,402.0,61.0,,19.0,,,3.1,,,,,,Ux.Mx.-------
DESERTC,33.6833,-115.426,402.0,56.0,,17.0,,,3.3,,,,,,Ux.Mx.-------
ERQUVL,33.0883,-116.493,807.0,42.0,,19.0,,,2.2,,,,,,Ux.Mx.-------
ERQUVL,33.0883,-116.493,807.0,76.0,,34.0,,,2.2,,,,,,Ux.Mx.-------
GAS LINE,33.4567,-115.473,573.0,86.0,,34.0,,,2.5,,,,,,Ux.Mx.-------
GRAHAM,33.4417,-115.138,482.0,36.0,,15.0,,,2.4,,,,,,Ux.Mx.-------
GRMTNC,34.5683,-117.106,1030.0,73.0,,23.0,,,3.2,,,,,,Ux.Mx.-------
LANDERS,34.34,-116.496,1024.0,58.0,,22.0,,,2.5,,,,,,Ux.Mx.-------
LTL MARI,33.8183,-114.85,293.0,87.0,,35.0,,,2.5,,,,,,Ux.Mx.-------
MULEMTN,33.4967,-114.838,232.0,66.0,,23.0,,,2.8,,,,,,Ux.Mx.-------
OLDWOMN,34.545,-115.158,1222.0,76.0,,25.0,,,3.1,,,,,,Ux.Mx.-------
OROCOPIA,33.5967,-115.88,347.0,110.0,,35.0,,,3.1,,,,,,Ux.Mx.-------
PALENMT,33.9133,-115.078,373.0,111.0,,27.0,,,4.1,,,,,,Ux.Mx.-------
PALENMT,33.9133,-115.078,373.0,105.0,,24.0,,,4.3,,,,,,Ux.Mx.-------
PAYMSTR,33.195,-114.905,318.0,80.0,,29.0,,,2.7,,,,,,Ux.Mx.-------
PINKHAM,33.7783,-115.931,975.0,44.0,,23.0,,,1.9,,,,,,Ux.Mx.-------
PINKHAM,33.7783,-115.931,1041.6,51.0,,24.0,,,2.5,,,,,,Ux.Mx.-------
PINKHAM,33.7783,-115.931,975.0,54.0,,17.0,,,3.1,,,,,,Ux.Mx.-------
PINTOMT,33.9883,-115.688,488.0,39.0,,14.0,,,2.8,,,,,,Ux.Mx.-------
PINYONA,33.6133,-116.458,1280.0,53.0,,21.0,,,2.5,,,,,,Ux.Mx.-------
PINYONB,33.61,-116.453,1280.0,55.0,,22.0,,,2.5,,,,,,Ux.Mx.-------
POWELL,34.68,-114.356,430.0,94.0,,28.0,,,3.3,,,,,,Ux.Mx.-------
RIVER MT,34.0667,-114.681,370.5,79.0,,29.2,,,2.7,,,,,,Ux.Mx.-------
RIVERMT,34.0667,-114.681,378.0,74.0,,28.0,,,2.6,,,,,,Ux.Mx.-------
RIVERMT,34.0667,-114.681,378.0,85.0,,30.0,,,2.8,,,,,,Ux.Mx.-------
SHEEP HP,34.24,-115.723,725.0,50.0,,17.0,,,2.9,,,,,,Ux.Mx.-------
STEPLADD,34.65,-114.87,671.0,76.0,,24.0,,,3.1,,,,,,Ux.Mx.-------
TRIGO PK,33.425,-114.47,262.0,91.0,,34.0,,,2.6,,,,,,Ux.Mx.-------
TRIGOPK,33.425,-114.47,262.0,90.0,,34.0,,,2.6,,,,,,Ux.Mx.-------
YUCCAVY,34.225,-116.403,1025.0,46.0,,16.0,,,2.8,,,,,,Ux.Mx.-------
YUHA REC,32.6983,-116.006,256.0,82.0,,33.0,,,2.5,,,,,,Ux.Mx.-------
HIVISTA,34.7317,-117.695,928.0,66.0,,22.0,,,1.3,,,,,,Ux.Mx.-------
PALM A / PSA,34.4267,-117.863,1302.0,63.0,,34.0,,,0.8,,,,,,Ux.Mx.-------
PALM C / PSC,34.5533,-117.715,933.0,63.0,,20.0,,,1.3,,,,,,Ux.Mx.-------
PALMB,34.4683,-117.853,1076.0,64.0,,28.0,,,0.9,,,,,,Ux.Mx.-------
PALMD,34.6517,-117.846,814.0,65.0,,25.0,,,1.1,,,,,,Ux.Mx.-------
PALME,34.7317,-117.695,928.0,68.0,,24.0,,,1.1,,,,,,Ux.Mx.-------
PALMF,34.935,-117.761,777.0,68.0,,24.0,,,1.2,,,,,,Ux.Mx.-------
1,29.37048,-103.71186,,63.0,,26.0,,,2.2,,,sedimentary rocks;metamorphic and intrusive rocks.,Mesozoic;Paleozoic-Precambrian;Paleozoic-Mesozoic,,Ux.Mx.-------
1,29.37048,-103.71186,,63.0,,26.0,,,2.37037037,,,sedimentary rocks;metamorphic and intrusive rocks.,Mesozoic;Paleozoic-Precambrian;Paleozoic-Mesozoic,,Ux.Mx.-------
4,29.37048,-100.67722,,70.0,,31.0,,,2.2,,,sedimentary rocks;metamorphic and intrusive rocks.,Mesozoic;Paleozoic-Precambrian;Paleozoic-Mesozoic,,Ux.Mx.-------
4,29.37048,-100.67722,,70.0,,31.0,,,2.290322581,,,sedimentary rocks;metamorphic and intrusive rocks.,Mesozoic;Paleozoic-Precambrian;Paleozoic-Mesozoic,,Ux.Mx.-------
E-1,33.5667,-116.623,1327.8,58.0,,27.0,,,2.2,,,,,,Ux.Mx.-------
E-2,33.5383,-116.501,1707.6,49.0,,19.0,,,2.6,,,,,,Ux.Mx.-------
E-3,33.6167,-116.421,1060.4,38.0,,17.0,,,2.3,,,,,,Ux.Mx.-------
N-1,33.7017,-116.886,712.3,71.0,,27.0,,,2.7,,,,,,Ux.Mx.-------
W-1,33.555,-116.708,1212.9,35.0,,15.0,,,2.3,,,,,,Ux.Mx.-------
W-2,33.4733,-116.84,788.3,27.0,,11.0,,,2.5,,,,,,Ux.Mx.-------
Bertha Rogers,35.31,-99.19,577.8,38.0,,21.0,,,1.8,,,,,,Ux.Mx.-------
Helena Dick#36-1,35.47,-98.63,522.2,36.0,,22.0,,,1.7,,,,,,Ux.Mx.-------
Brown 1,34.95,-95.51,247.9,50.0,9.8,25.0,,,2.0,,,,,,U3.Mx.-------
Bud Hampton 2,34.91,-95.44,194.3,42.1,8.4,23.0,,,1.8,,,,,,U3.Mx.-------
Davis 1,34.94,-95.92,215.6,43.7,9.0,23.0,,,1.9,,,,,,U3.Mx.-------
Foltz 1,35.93,-95.72,201.1,64.8,13.0,25.0,,,2.6,,,,,,U3.Mx.-------
Garrett unit 1-A,34.76,-95.59,327.3,32.7,6.6,19.0,,,1.7,,,,,,U3.Mx.-------
Griffin 1,35.22,-95.37,212.5,56.3,11.2,28.0,,,2.0,,,,,,U3.Mx.-------
Jack Murdaugh 1,35.05,-95.39,269.6,46.3,9.2,24.0,,,1.9,,,,,,U3.Mx.-------
Manschrich 1,34.97,-95.51,271.1,46.2,9.2,25.0,,,1.9,,,,,,U3.Mx.-------
Max Brandt 1,35.16,-95.53,225.2,58.4,12.0,30.0,,,2.0,,,,,,U3.Mx.-------
SAL VL E,36.7867,-117.798,357.0,87.0,,49.0,,,1.8,,,,,,Ux.Mx.-------
SAL VL H,36.7567,-117.815,334.0,53.0,,30.0,,,1.8,,,,,,Ux.Mx.-------
SAL VL K,36.7417,-117.828,332.0,68.0,,40.0,,,1.7,,,,,,Ux.Mx.-------
SALVLD,36.7983,-117.781,400.0,66.0,,37.0,,,1.8,,,,,,Ux.Mx.-------
SALVLG,36.77,-117.806,341.0,51.0,,30.0,,,1.7,,,,,,Ux.Mx.-------
SALVLI,36.7367,-117.825,330.0,71.0,,42.0,,,1.7,,,,,,Ux.Mx.-------
SALVLJ,36.7083,-117.708,354.0,70.0,,46.0,,,1.5,,,,,,Ux.Mx.-------
WRDAH-1,40.695,-119.346,3904.0,25.0,,26.0,,,1.0,,,,,,Ux.Mx.-------
BOSTICK1,43.04,-115.458,972.0,102.0,,70.0,,,1.5,,,,,,Ux.Mx.-------
BR-10,40.8783,-119.103,1185.0,69.0,,67.0,,,1.0,,,,,,Ux.Mx.-------
BR-4,41.075,-119.018,1219.0,94.0,,70.0,,,1.3,,,,,,Ux.Mx.-------
BR-7,41.0217,-119.063,1205.0,80.0,,76.0,,,1.0,,,,,,Ux.Mx.-------
BR-8,40.9367,-119.098,1180.0,56.0,,53.0,,,1.0,,,,,,Ux.Mx.-------
LSNB,40.3917,-121.536,1890.0,131.0,,64.0,,,2.0,,,,,,Ux.Mx.-------
LSNC,40.3483,-121.55,1735.0,71.0,,31.0,,,2.3,,,,,,Ux.Mx.-------
LSNE,40.34,-121.45,1770.0,64.0,,32.0,,,2.0,,,,,,Ux.Mx.-------
LSNG,40.4067,-121.446,1905.0,84.0,,51.0,,,1.6,,,,,,Ux.Mx.-------
LSNM,40.1667,-121.505,975.0,46.0,,18.0,,,2.4,,,,,,Ux.Mx.-------
LSNO,40.365,-120.945,1585.0,92.0,,47.0,,,2.0,,,,,,Ux.Mx.-------
UPSTLWTR,40.5617,-110.65,2469.0,62.0,,11.0,,,5.6,,,,,,Ux.Mx.-------
GLAMIS 3,32.9517,-115.253,20.0,128.0,,78.0,,,1.6,,,,,,Ux.Mx.-------
GLAMIS12,33.0767,-115.191,84.0,87.0,,39.0,,,2.2,,,,,,Ux.Mx.-------
GLAMIS17,32.8883,-115.113,38.0,102.0,,42.0,,,2.5,,,,,,Ux.Mx.-------
GLAMIS27,33.0733,-115.413,-33.0,146.0,,73.0,,,2.0,,,,,,Ux.Mx.-------
GLAMIS5,33.0033,-115.251,28.0,126.0,,70.0,,,1.8,,,,,,Ux.Mx.-------
GLAMIS7,33.04,-115.265,30.0,114.0,,70.0,,,1.6,,,,,,Ux.Mx.-------
CVN,39.8483,-120.47,975.0,63.0,,22.0,,,2.8,,,,,,Ux.Mx.-------
HAPCMP,41.86,-123.365,975.0,41.0,,16.0,,,2.5,,,,,,Ux.Mx.-------
IGO,40.5083,-122.608,470.0,38.0,,12.0,,,3.0,,,,,,Ux.Mx.-------
IGO,40.5083,-122.608,470.0,41.0,,13.0,,,3.0,,,,,,Ux.Mx.-------
MP01-LBS,41.4717,-121.415,1315.0,40.0,,22.0,,,1.8,,,,,,Ux.Mx.-------
MP02-DW1,41.6783,-121.116,1445.0,55.0,,29.0,,,1.9,,,,,,Ux.Mx.-------
MP03-PW2,41.6467,-121.118,1385.0,82.0,,43.0,,,1.9,,,,,,Ux.Mx.-------
MP05-PW4,41.6483,-121.175,1340.0,77.0,,41.0,,,1.9,,,,,,Ux.Mx.-------
MP06-QS,41.6117,-121.21,1345.0,32.0,,18.0,,,1.8,,,,,,Ux.Mx.-------
MP08-SCW,41.57,-121.35,1280.0,81.0,,45.0,,,1.8,,,,,,Ux.Mx.-------
MP09-BW,41.65,-121.063,1470.0,64.0,,32.0,,,2.0,,,,,,Ux.Mx.-------
MP15-CW,41.6933,-121.875,1395.0,25.0,,14.0,,,2.8,,,,,,Ux.Mx.-------
MP23-L1,41.2,-121.136,1260.0,20.0,,18.0,,,1.1,,,,,,Ux.Mx.-------
MP28-HTR,41.2733,-122.606,1300.0,36.0,,16.0,,,2.3,,,,,,Ux.Mx.-------
MP32-CLH,41.8317,-121.251,1455.0,66.0,,33.0,,,2.0,,,,,,Ux.Mx.-------
MP37,40.7317,-120.313,1650.0,107.0,,64.0,,,1.6,,,,,,Ux.Mx.-------
MP39-CHN,41.58,-122.878,991.0,38.0,,16.0,,,2.4,,,,,,Ux.Mx.-------
MP43-VF,41.6083,-122.531,802.0,76.0,,54.0,,,1.4,,,,,,Ux.Mx.-------
MP47-Y,41.555,-122.533,829.0,28.0,,21.0,,,1.4,,,,,,Ux.Mx.-------
MP49-JE,41.425,-122.498,1122.0,38.0,,17.0,,,2.3,,,,,,Ux.Mx.-------
MP51-KD,41.8233,-122.435,786.0,41.0,,23.0,,,1.8,,,,,,Ux.Mx.-------
MP52-OH,41.6717,-122.43,814.0,53.0,,30.0,,,1.8,,,,,,Ux.Mx.-------
MP54-OM,41.955,-122.33,957.0,74.0,,41.0,,,1.8,,,,,,Ux.Mx.-------
MP55-FAZ,41.9767,-122.315,838.0,71.0,,40.0,,,1.8,,,,,,Ux.Mx.-------
MP57-JS,41.8983,-122.483,644.0,23.0,,13.0,,,1.8,,,,,,Ux.Mx.-------
MP63-DC,41.6417,-120.398,1445.0,97.0,,69.0,,,1.4,,,,,,Ux.Mx.-------
RVN,40.52,-120.68,1640.0,46.0,,19.0,,,2.4,,,,,,Ux.Mx.-------
SHASTA,41.5533,-122.256,1126.0,59.0,,23.0,,,2.5,,,,,,Ux.Mx.-------
WC-1,42.135,-122.725,1205.0,41.0,,16.0,,,3.0,,,,,,Ux.Mx.-------
BOWSER,41.2333,-79.53,402.0,76.0,,24.0,,,3.2,,,,,,Ux.Mx.-------
LHGHCO1,40.9833,-80.1333,389.0,50.0,,28.0,,,1.8,,,,,,Ux.Mx.-------
MORRISON,41.3967,-79.7233,443.0,83.0,,31.0,,,2.6,,,,,,Ux.Mx.-------
AUBURN39,42.9583,-76.5417,213.0,64.0,,17.0,,,3.8,,,,,,Ux.Mx.-------
WELLS C1,42.7083,-76.625,301.5,64.0,,16.0,,,3.8,,,,,,Ux.Mx.-------
WINSPEAR,42.875,-75.0833,509.9,41.0,,10.0,,,3.8,,,,,,Ux.Mx.-------
BRCK CRK,43.8883,-122.21,987.0,115.0,,65.0,,,1.7,,,,,,Ux.Mx.-------
CHRSCRK,43.8833,-122.368,579.0,91.0,,52.0,,,1.7,,,,,,Ux.Mx.-------
N FORK,43.8817,-122.068,951.0,91.0,,67.0,,,1.3,,,,,,Ux.Mx.-------
PNTOCRK,43.59,-122.233,1219.0,100.0,,66.0,,,1.5,,,,,,Ux.Mx.-------
WALLCRK,43.7983,-122.313,582.0,68.0,,60.0,,,1.1,,,,,,Ux.Mx.-------
WLKR CRK,44.105,-122.231,585.0,83.0,,52.0,,,1.6,,,,,,Ux.Mx.-------
RDHG-W,42.2367,-113.368,1350.0,112.0,,54.0,,,2.1,,,,,,Ux.Mx.-------
SCHMITT,42.1083,-113.391,1500.0,106.0,,63.0,,,1.0,,,,,,Ux.Mx.-------
STREVELL,42.0117,-113.205,1675.0,117.0,,56.0,,,2.1,,,,,,Ux.Mx.-------
USGSALM2,42.0817,-113.61,1700.0,108.0,,52.0,,,2.1,,,,,,Ux.Mx.-------
USGS-ID5,42.1683,-113.428,1650.0,120.0,,61.0,,,2.0,,,,,,Ux.Mx.-------
USGS-ID5,42.1683,-113.428,1650.0,102.0,,43.0,,,2.4,,,,,,Ux.Mx.-------
BACK CRK,38.2333,-79.8167,1031.0,49.0,,14.8,,,3.6,,,,,,Ux.Mx.-------
BACKCRK,38.2333,-79.8167,1044.0,46.0,,15.0,,,3.0,,,,,,Ux.Mx.-------
BACKCRK,38.2333,-79.8167,1044.0,48.0,,14.0,,,3.5,,,,,,Ux.Mx.-------
BACKCRK,38.2333,-79.8167,1044.0,50.0,,14.0,,,3.5,,,,,,Ux.Mx.-------
BACKCRK,38.2333,-79.8167,1044.0,66.0,,17.0,,,3.8,,,,,,Ux.Mx.-------
BACKCRK,38.2333,-79.8167,1044.0,52.0,,13.0,,,4.1,,,,,,Ux.Mx.-------
POOR MTN,37.0333,-80.2,242.0,36.0,,10.0,,,3.5,,,,,,Ux.Mx.-------
VANSANT,37.2,-82.1,498.0,58.0,,26.0,,,2.2,,,,,,Ux.Mx.-------
Renfrew 88-01,42.4167,-76.7,50.0,60.0,4.7,13.0,,,4.6,,,,,,U2.Mx.-------
JOH-002,37.02,-112.335,1560.0,47.0,11.0,15.0,,,3.05,,,,,,U3.Mx.-------
JOH-002,37.02,-112.335,1560.0,50.0,12.0,10.0,,,5.31,,,,,,U3.Mx.-------
JUP-001,36.6917,-112.64,1520.0,39.0,6.0,15.0,,,2.66,,,,,,U3.Mx.-------
JUP-001,36.6917,-112.64,1520.0,38.0,3.0,11.0,,,3.39,,,,,,U2.Mx.-------
PGL-002,37.745,-112.622,2449.0,61.0,8.0,39.0,,,1.55,,,,,,U2.Mx.-------
PGL-002,37.745,-112.622,2499.0,39.0,3.0,20.0,,,1.99,,,,,,U2.Mx.-------
PGL-003,37.7183,-112.668,2523.0,60.0,9.0,31.0,,,1.93,,,,,,U2.Mx.-------
PGL-003,37.7183,-112.668,2523.0,67.0,9.0,35.0,,,1.93,,,,,,U2.Mx.-------
SEF-001,37.5867,-111.408,1628.0,42.0,11.0,18.0,,,2.31,,,,,,U4.Mx.-------
UPH3,42.435,-89.8533,298.1,75.0,,23.0,,,3.3,,,,,,Ux.Mx.-------
ALLISN,37.0,-107.516,1946.0,94.0,,48.0,,,1.9,,,,,,Ux.Mx.-------
ALLISN,37.0,-107.516,1946.0,94.0,,44.0,,,2.2,,,,,,Ux.Mx.-------
ALLISN,37.0,-107.516,1946.0,96.0,,43.0,,,2.3,,,,,,Ux.Mx.-------
ANGELPK,36.55,-108.033,1899.0,72.0,,34.0,,,2.1,,,,,,Ux.Mx.-------
ANGELPK,36.55,-108.033,1899.0,72.0,,24.0,,,3.0,,,,,,Ux.Mx.-------
ATLANT,36.8,-107.883,1972.0,87.0,,41.0,,,2.9,,,,,,Ux.Mx.-------
B1ST1,36.4167,-108.033,1949.0,67.0,,29.0,,,2.0,,,,,,Ux.Mx.-------
B1ST1,36.4167,-108.033,1949.0,70.0,,37.0,,,2.5,,,,,,Ux.Mx.-------
BLUFF ST,37.3667,-109.416,1645.0,65.0,,27.0,,,1.0,,,,,,Ux.Mx.-------
BLUFFST,37.3667,-109.416,1645.0,64.0,,27.0,,,1.0,,,,,,Ux.Mx.-------
BONDAD,37.15,-107.916,1991.0,115.0,,56.0,,,2.0,,,,,,Ux.Mx.-------
CACH19,37.2333,-109.033,1554.0,71.0,,28.0,,,2.5,,,,,,Ux.Mx.-------
CANYLA,36.4,-107.416,2022.0,71.0,,38.0,,,1.8,,,,,,Ux.Mx.-------
CANYLA,36.4,-107.416,2022.0,68.0,,27.0,,,2.8,,,,,,Ux.Mx.-------
CARSON,36.8167,-107.233,2248.0,83.0,,42.0,,,2.0,,,,,,Ux.Mx.-------
CARSON,36.8167,-107.233,2248.0,95.0,,47.0,,,2.0,,,,,,Ux.Mx.-------
CHACOC,35.95,-107.9,1930.0,64.0,,29.0,,,2.3,,,,,,Ux.Mx.-------
CROWNP,35.85,-108.05,1996.0,66.0,,35.0,,,2.0,,,,,,Ux.Mx.-------
FED1NM,36.7333,-108.283,1662.0,68.0,,33.0,,,2.1,,,,,,Ux.Mx.-------
FED1NM,36.7333,-108.283,1662.0,76.0,,27.0,,,2.7,,,,,,Ux.Mx.-------
GAVILN,36.3667,-106.9,2180.0,58.0,,31.0,,,1.8,,,,,,Ux.Mx.-------
GAVILN,36.3667,-106.9,2180.0,75.0,,40.0,,,1.8,,,,,,Ux.Mx.-------
GAVILN,36.3667,-106.9,2180.0,80.0,,36.0,,,2.3,,,,,,Ux.Mx.-------
GAVILN,36.3667,-106.9,2180.0,71.0,,29.0,,,2.4,,,,,,Ux.Mx.-------
HORSES,36.85,-108.533,1592.0,63.0,,59.0,,,1.1,,,,,,Ux.Mx.-------
HORSES,36.85,-108.533,1592.0,71.0,,21.0,,,5.1,,,,,,Ux.Mx.-------
JICARL,36.55,-107.116,1984.0,89.0,,34.0,,,2.8,,,,,,Ux.Mx.-------
MEDIAE,35.8667,-107.166,2079.0,70.0,,40.0,,,2.0,,,,,,Ux.Mx.-------
MEDIAE,35.8667,-107.166,2079.0,72.0,,30.0,,,2.3,,,,,,Ux.Mx.-------
NAVNAT3,36.8833,-109.283,1702.0,64.0,,27.0,,,2.3,,,,,,Ux.Mx.-------
ROELEF,36.7,-107.65,1927.0,82.0,,37.0,,,2.3,,,,,,Ux.Mx.-------
SHIPRK,36.6,-108.65,1638.0,69.0,,42.0,,,1.6,,,,,,Ux.Mx.-------
SIXTNG,36.3167,-107.816,2081.0,69.0,,33.0,,,2.0,,,,,,Ux.Mx.-------
SJ27473,36.5667,-107.266,2109.0,89.0,,41.0,,,2.1,,,,,,Ux.Mx.-------
SJ27473,36.5667,-107.266,2109.0,76.0,,28.0,,,2.8,,,,,,Ux.Mx.-------
SJ2862OR,36.6333,-107.416,1992.0,83.0,,34.0,,,2.5,,,,,,Ux.Mx.-------
SJ2862OR,36.6333,-107.416,1992.0,82.0,,28.0,,,2.8,,,,,,Ux.Mx.-------
STARLK,35.9333,-107.466,2022.0,66.0,,28.0,,,2.3,,,,,,Ux.Mx.-------
STARLK,35.9333,-107.466,2022.0,71.0,,30.0,,,2.3,,,,,,Ux.Mx.-------
B-15,45.6783,-120.118,241.0,50.0,,25.0,,,1.7,,,,,,Ux.Mx.-------
BCKMAN,35.8667,-106.15,1810.0,89.0,,40.0,,,2.2,,,,,,Ux.Mx.-------
BINGHM,33.95,-106.283,1770.0,61.0,,22.0,,,2.7,,,,,,Ux.Mx.-------
BUKMAN2,35.8667,-106.15,1810.0,72.0,,34.0,,,2.1,,,,,,Ux.Mx.-------
GALPW2,35.5833,-108.85,2030.0,69.0,,30.0,,,2.3,,,,,,Ux.Mx.-------
GAVILE,36.3667,-106.9,2180.0,56.0,,29.0,,,1.9,,,,,,Ux.Mx.-------
HOLWEG,35.15,-106.266,2090.0,66.0,,23.0,,,2.8,,,,,,Ux.Mx.-------
MAGNW,34.15,-107.3,2000.0,79.0,,43.0,,,1.8,,,,,,Ux.Mx.-------
MONTC1,33.5667,-107.6,1750.0,82.0,,41.0,,,2.0,,,,,,Ux.Mx.-------
MV-RDH36,46.6833,-112.201,1439.0,75.0,,23.0,,,3.3,,,,,,Ux.Mx.-------
NLAKE,34.2333,-107.633,2130.0,67.0,,37.0,,,1.8,,,,,,Ux.Mx.-------
NLAKE,34.2333,-107.633,2130.0,79.0,,43.0,,,1.8,,,,,,Ux.Mx.-------
OROGRN,32.5,-106.1,1370.0,73.0,,30.0,,,2.4,,,,,,Ux.Mx.-------
OROGRN,32.5,-106.1,1370.0,77.0,,28.0,,,2.7,,,,,,Ux.Mx.-------
RPUER3,35.2,-107.083,1830.0,84.0,,35.0,,,2.4,,,,,,Ux.Mx.-------
SANPD1,35.25,-106.183,2160.0,56.0,,19.0,,,2.9,,,,,,Ux.Mx.-------
SANPED3,35.25,-106.183,2160.0,52.0,,19.0,,,2.6,,,,,,Ux.Mx.-------
SILVRCIT,34.7833,-108.266,1830.0,105.0,,31.0,,,3.3,,,,,,Ux.Mx.-------
SO PARK,39.4667,-105.783,3050.0,97.0,,29.0,,,3.3,,,,,,Ux.Mx.-------
TIERAM2,36.3833,-106.383,2130.0,97.0,,31.0,,,3.0,,,,,,Ux.Mx.-------
DATIL,34.015,-107.8,2151.0,84.0,,59.0,,,1.4,,,,,,Ux.Mx.-------
BLKRNG2,33.2833,-107.716,2065.0,97.0,,39.0,,,2.4,,,,,,Ux.Mx.-------
PECOS1,35.75,-105.65,2463.0,89.0,,24.0,,,3.6,,,,,,Ux.Mx.-------
BLKHLW,40.6,-104.833,1580.0,100.0,,52.0,,,1.9,,,,,,Ux.Mx.-------
BORIE,41.15,-104.95,1984.0,62.0,,30.0,,,1.9,,,,,,Ux.Mx.-------
BORIE,41.15,-104.95,1984.0,62.0,,36.0,,,1.9,,,,,,Ux.Mx.-------
PIERCE,40.65,-104.833,1544.0,96.0,,51.0,,,1.9,,,,,,Ux.Mx.-------
QUEALY,41.6,-105.983,2268.0,64.0,,29.0,,,2.1,,,,,,Ux.Mx.-------
RANGELY,40.2333,-108.933,1681.0,66.0,,34.0,,,1.9,,,,,,Ux.Mx.-------
RANGELY,40.2333,-108.933,1681.0,63.0,,15.0,,,4.1,,,,,,Ux.Mx.-------
RANGELY,40.2333,-108.933,1681.0,65.0,,15.0,,,4.2,,,,,,Ux.Mx.-------
RED WASH,40.1667,-109.3,1680.0,65.0,,28.0,,,2.3,,,,,,Ux.Mx.-------
SNYSID,35.5333,-106.983,1808.0,71.0,,39.0,,,1.8,,,,,,Ux.Mx.-------
SNYSID,35.5333,-106.983,1808.0,41.0,,18.0,,,2.3,,,,,,Ux.Mx.-------
SNYSID,35.5333,-106.983,1808.0,25.0,,10.0,,,2.4,,,,,,Ux.Mx.-------
UPPERVY,37.6833,-111.733,2178.0,63.0,,29.0,,,2.2,,,,,,Ux.Mx.-------
UPPERVY,37.6833,-111.733,2178.0,63.0,,15.0,,,4.2,,,,,,Ux.Mx.-------
VICTMT,32.2,-108.083,1280.0,64.0,,23.0,,,2.7,,,,,,Ux.Mx.-------
VICTMT,32.2,-108.083,1280.0,57.0,,17.0,,,3.3,,,,,,Ux.Mx.-------
VICTMT,32.2,-108.083,1280.0,49.0,,19.0,,,4.1,,,,,,Ux.Mx.-------
FEDG1,32.75,-106.116,1250.0,135.0,,43.0,,,3.1,,,,,,Ux.Mx.-------
FEDH,31.8667,-107.0,1343.0,72.0,,25.0,,,2.8,,,,,,Ux.Mx.-------
GRRV1-1,41.5333,-109.4167,1890.0,67.0,,44.1,,,1.5,,,,,,Ux.Mx.-------
ISLET1,34.85,-106.766,1538.0,97.0,,43.0,,,2.0,,,,,,Ux.Mx.-------
ISLET1,34.85,-106.766,1538.0,99.0,,42.0,,,2.1,,,,,,Ux.Mx.-------
ISLET2,34.9167,-106.75,1563.0,94.0,,38.0,,,2.2,,,,,,Ux.Mx.-------
ISLET2,34.9167,-106.75,1563.0,92.0,,34.0,,,2.3,,,,,,Ux.Mx.-------
ISLET3,34.9333,-106.65,1605.0,107.0,,38.0,,,2.7,,,,,,Ux.Mx.-------
JDMU1,33.0833,-106.966,1461.0,127.0,,43.0,,,2.9,,,,,,Ux.Mx.-------
LAGUNA,35.0167,-106.966,1645.0,77.0,,32.0,,,2.4,,,,,,Ux.Mx.-------
LEEMF1,33.1833,-106.883,1601.0,92.0,,32.0,,,2.9,,,,,,Ux.Mx.-------
ND1FDM,32.9833,-107.05,1425.0,120.0,,41.0,,,2.9,,,,,,Ux.Mx.-------
ND1FDM,32.9833,-107.05,1425.0,125.0,,42.0,,,2.9,,,,,,Ux.Mx.-------
NO1GAC,32.4333,-107.083,1456.0,95.0,,29.0,,,3.3,,,,,,Ux.Mx.-------
NO1LEW,33.2833,-105.933,1435.0,100.0,,32.0,,,3.1,,,,,,Ux.Mx.-------
NO1SH,32.0167,-106.8,1269.0,79.0,,39.0,,,2.0,,,,,,Ux.Mx.-------
NO1TUR,32.5667,-106.05,1234.0,89.0,,41.0,,,2.1,,,,,,Ux.Mx.-------
NO1VIC,33.4167,-106.916,1463.0,36.0,,15.0,,,2.4,,,,,,Ux.Mx.-------
NO2LEW,33.2833,-105.966,1374.0,110.0,,39.0,,,2.8,,,,,,Ux.Mx.-------
NO2VIC,33.4167,-106.95,1455.0,89.0,,32.0,,,2.8,,,,,,Ux.Mx.-------
PIETNW,34.3833,-108.216,2300.0,61.0,,48.0,,,1.3,,,,,,Ux.Mx.-------
PRISOR,32.9,-106.866,1408.0,123.0,,40.0,,,3.0,,,,,,Ux.Mx.-------
QUEMAS,34.3333,-108.5,1980.0,82.0,,39.0,,,2.0,,,,,,Ux.Mx.-------
SANFE1,35.35,-106.666,1748.0,82.0,,34.0,,,2.3,,,,,,Ux.Mx.-------
SANFE2,34.7167,-106.95,1584.0,107.0,,39.0,,,2.4,,,,,,Ux.Mx.-------
SANFE3,35.3333,-106.866,1915.0,76.0,,32.0,,,2.3,,,,,,Ux.Mx.-------
SANFEP,34.75,-106.983,1546.0,109.0,,40.0,,,2.6,,,,,,Ux.Mx.-------
SANFEP,34.75,-106.983,1546.0,112.0,,40.0,,,2.7,,,,,,Ux.Mx.-------
SIERRK,33.25,-106.9,1558.0,99.0,,30.0,,,3.2,,,,,,Ux.Mx.-------
USABF,33.1,-106.883,1574.0,97.0,,31.0,,,3.1,,,,,,Ux.Mx.-------
WELEF2,33.2,-107.25,1394.0,94.0,,32.0,,,2.9,,,,,,Ux.Mx.-------
WELEFB,33.2833,-107.283,1509.0,117.0,,40.0,,,2.9,,,,,,Ux.Mx.-------
CEDSPR,35.5,-110.4,1854.0,62.0,,22.0,,,2.8,,,,,,Ux.Mx.-------
CHILCH,36.6,-110.15,1825.0,71.0,,19.0,,,4.0,,,,,,Ux.Mx.-------
GADIAH,36.0333,-110.516,1825.0,76.0,,24.0,,,3.5,,,,,,Ux.Mx.-------
GILAM2/3,32.9833,-109.7,1293.0,76.0,,31.0,,,2.4,,,,,,Ux.Mx.-------
GILAM4,32.9833,-109.783,1097.0,75.0,,37.0,,,2.0,,,,,,Ux.Mx.-------
GILAM5,33.1333,-109.916,1350.0,79.0,,32.0,,,2.4,,,,,,Ux.Mx.-------
MB2311,34.9833,-109.15,1654.0,46.0,,19.0,,,2.3,,,,,,Ux.Mx.-------
MORENC,33.0833,-109.366,1296.0,64.0,,22.0,,,2.9,,,,,,Ux.Mx.-------
NAVAJO,35.1,-109.433,1796.0,110.0,,51.0,,,2.1,,,,,,Ux.Mx.-------
NAVNAT2,36.9667,-109.15,1556.0,64.0,,25.0,,,2.5,,,,,,Ux.Mx.-------
PAGE1,36.95,-111.483,1194.0,54.0,,13.0,,,4.2,,,,,,Ux.Mx.-------
REDHLL,34.2833,-108.783,2125.0,112.0,,51.0,,,2.2,,,,,,Ux.Mx.-------
REDHLL,34.2833,-108.783,2125.0,96.0,,35.0,,,2.7,,,,,,Ux.Mx.-------
SLICKR,32.7833,-109.383,1230.0,87.0,,45.0,,,2.0,,,,,,Ux.Mx.-------
SOL5,32.8167,-109.516,1067.0,50.0,,19.0,,,2.6,,,,,,Ux.Mx.-------
YERINGTN,38.9167,-119.066,1463.0,75.0,,20.0,,,3.6,,,,,,Ux.Mx.-------
AJOHS1-2,32.1,-112.75,613.0,101.0,,34.0,,,2.9,,,,,,Ux.Mx.-------
B-20,38.15,-91.25,290.0,51.0,,14.0,,,3.5,,,,,,Ux.Mx.-------
BAGDAD2,34.5917,-113.191,1218.0,66.0,,22.0,,,3.0,,,,,,Ux.Mx.-------
BARSTOW,34.65,-116.683,1250.0,66.0,,20.0,,,3.3,,,,,,Ux.Mx.-------
BATTLE M,40.55,-117.233,1650.0,86.0,,18.0,,,4.8,,,,,,Ux.Mx.-------
BITCREE,32.9,-109.033,1463.0,115.0,,41.0,,,2.8,,,,,,Ux.Mx.-------
BLODGETT,38.8667,-120.65,1270.0,44.0,,11.0,,,3.7,,,,,,Ux.Mx.-------
BLUEHILL,44.4,-68.6167,30.0,60.0,,15.0,,,3.9,,,,,,Ux.Mx.-------
BRADFORD,43.2667,-71.9833,250.0,66.0,,22.0,,,2.9,,,,,,Ux.Mx.-------
BREWSTER,41.75,-70.0833,20.0,48.0,,15.0,,,3.1,,,,,,Ux.Mx.-------
CAMBRIDG,42.3833,-71.1167,6.0,50.0,,13.0,,,3.8,,,,,,Ux.Mx.-------
CANONCY,38.5,-105.333,1937.0,76.0,,25.0,,,3.1,,,,,,Ux.Mx.-------
CASCO,44.05,-70.6167,110.0,75.0,,22.0,,,3.4,,,,,,Ux.Mx.-------
CHELMSFO,42.6333,-71.4167,24.0,68.0,,18.0,,,3.8,,,,,,Ux.Mx.-------
CLIFFE,33.05,-108.5,1540.0,107.0,,40.0,,,2.6,,,,,,Ux.Mx.-------
CONCORD,43.2,-71.5333,85.0,72.0,,20.0,,,3.6,,,,,,Ux.Mx.-------
CONTINEN,31.8833,-111.0,908.0,103.0,,28.0,,,3.6,,,,,,Ux.Mx.-------
CRESCENT,35.4667,-115.133,1605.0,97.0,,27.0,,,3.6,,,,,,Ux.Mx.-------
CROWSPG5,38.2333,-117.55,1565.0,96.0,,31.0,,,3.0,,,,,,Ux.Mx.-------
CS-2,48.9167,-117.333,674.0,115.0,,26.0,,,5.2,,,,,,Ux.Mx.-------
CS-9,48.9167,-117.333,736.0,96.0,,22.0,,,4.8,,,,,,Ux.Mx.-------
DURHAM,43.1167,-70.9167,6.0,45.0,,17.0,,,2.6,,,,,,Ux.Mx.-------
ELIZABET,44.2167,-73.5333,150.0,33.0,,18.0,,,1.9,,,,,,Ux.Mx.-------
ELY 4,47.8167,-91.7167,456.0,36.0,,18.0,,,1.9,,,,,,Ux.Mx.-------
ELY3,47.8167,-91.7167,463.0,33.0,,18.0,,,1.8,,,,,,Ux.Mx.-------
FITZWILL,42.7833,-72.1333,330.0,68.0,,21.0,,,3.2,,,,,,Ux.Mx.-------
GARDNERV,38.85,-119.75,1490.0,47.0,,19.0,,,2.4,,,,,,Ux.Mx.-------
GC-1,39.8667,-112.05,1865.0,82.0,,39.0,,,2.0,,,,,,Ux.Mx.-------
GILMAN,39.55,-106.4,3119.0,94.0,,20.0,,,3.5,,,,,,Ux.Mx.-------
HALL MIN,38.3167,-117.3,1800.0,105.0,,32.0,,,3.2,,,,,,Ux.Mx.-------
HELVETIA,31.8667,-110.8,1225.0,74.0,,24.0,,,3.1,,,,,,Ux.Mx.-------
HUALAPAI,35.1333,-113.816,1460.0,89.0,,26.0,,,3.3,,,,,,Ux.Mx.-------
K-13,37.5,-90.6667,365.0,51.0,,16.0,,,3.2,,,,,,Ux.Mx.-------
KANCAMAG,44.0333,-71.4833,730.0,94.0,,25.0,,,3.7,,,,,,Ux.Mx.-------
LEVASY,39.0833,-94.1667,220.0,48.0,,16.0,,,2.9,,,,,,Ux.Mx.-------
LONDONDE,43.25,-72.8333,370.0,51.0,,20.0,,,2.5,,,,,,Ux.Mx.-------
LOON LK,38.9833,-120.316,1950.0,52.0,,18.0,,,2.8,,,,,,Ux.Mx.-------
METL-CS2,48.92,-117.333,674.0,118.0,,23.0,,,5.2,,,,,,Ux.Mx.-------
METL-CS9,48.92,-117.333,736.0,87.0,,18.0,,,4.8,,,,,,Ux.Mx.-------
MILFORD,38.4833,-113.133,1830.0,92.0,,32.0,,,2.8,,,,,,Ux.Mx.-------
MILLERS,42.6167,-72.45,310.0,69.0,,25.0,,,2.8,,,,,,Ux.Mx.-------
MISSION,31.9833,-111.066,1020.0,124.0,,37.0,,,3.3,,,,,,Ux.Mx.-------
MTCRIST2,39.2333,-115.566,2150.0,89.0,,31.0,,,2.9,,,,,,Ux.Mx.-------
N.CONWAY,44.0667,-71.1667,195.0,79.0,,24.0,,,3.3,,,,,,Ux.Mx.-------
N.HAVERH,44.1,-72.0,180.0,56.0,,20.0,,,2.7,,,,,,Ux.Mx.-------
N.SPRING,43.3333,-72.55,180.0,50.0,,21.0,,,2.3,,,,,,Ux.Mx.-------
N-55,46.75,-89.5667,280.0,43.0,,15.0,,,2.7,,,,,,Ux.Mx.-------
N-65,46.7333,-89.5667,310.0,44.0,,17.0,,,2.5,,,,,,Ux.Mx.-------
OMO RNCH,38.55,-120.566,1000.0,30.0,,10.0,,,3.0,,,,,,Ux.Mx.-------
PICHER,36.9833,-94.8667,254.0,56.0,,21.0,,,2.6,,,,,,Ux.Mx.-------
PICHER,36.9833,-94.8667,254.0,61.0,,19.0,,,3.1,,,,,,Ux.Mx.-------
PIOCHE 2,38.0833,-114.616,2200.0,78.0,,26.0,,,2.9,,,,,,Ux.Mx.-------
QUARTZTE,33.6333,-114.333,379.0,100.0,,32.0,,,3.0,,,,,,Ux.Mx.-------
R-1,48.9167,-117.333,636.0,101.0,,22.0,,,5.1,,,,,,Ux.Mx.-------
R-4,48.9167,-117.333,647.0,92.0,,19.0,,,5.3,,,,,,Ux.Mx.-------
RIF28/14,39.95,-108.383,1933.0,44.0,,56.0,,,0.8,,,,,,Ux.Mx.-------
RIF28/14,39.95,-108.383,1957.0,52.0,,46.6,,,1.3,,,,,,Ux.Mx.-------
RIF28/14,39.95,-108.383,1933.0,59.0,,37.0,,,1.6,,,,,,Ux.Mx.-------
RIVERVIE,44.5833,-73.9,360.0,51.0,,15.0,,,3.3,,,,,,Ux.Mx.-------
ROYSTON,38.3167,-117.516,1645.0,70.0,,25.0,,,2.8,,,,,,Ux.Mx.-------
RUTH,39.2667,-114.983,2147.0,76.0,,29.0,,,2.5,,,,,,Ux.Mx.-------
SANRITMT,31.8333,-110.75,1555.0,86.0,,24.0,,,3.4,,,,,,Ux.Mx.-------
SARANAC,44.3333,-74.2667,490.0,33.0,,18.0,,,1.8,,,,,,Ux.Mx.-------
SCHURZ,38.95,-118.633,1340.0,78.0,,32.0,,,2.4,,,,,,Ux.Mx.-------
SIERRITA,31.8833,-111.133,1238.0,83.0,,30.0,,,2.8,,,,,,Ux.Mx.-------
SILVERB,32.4167,-111.533,975.0,98.0,,28.0,,,3.4,,,,,,Ux.Mx.-------
SINGATSE,38.9667,-119.266,1579.0,65.0,,16.0,,,4.0,,,,,,Ux.Mx.-------
SPRINGV,39.2833,-114.35,1830.0,76.0,,20.0,,,3.8,,,,,,Ux.Mx.-------
TALLADEG,33.2667,-86.0167,320.0,39.0,,14.0,,,2.7,,,,,,Ux.Mx.-------
URAD CX-111,39.7667,-105.833,3156.0,83.0,,29.0,,,3.4,,,,,,Ux.Mx.-------
URADCX,39.7667,-105.833,3156.0,82.0,,29.0,,,3.3,,,,,,Ux.Mx.-------
USA-7,37.65,-91.1667,380.0,54.0,,16.0,,,3.3,,,,,,Ux.Mx.-------
WADHAMS,44.2333,-73.4667,100.0,33.0,,18.0,,,1.9,,,,,,Ux.Mx.-------
WARDMT,39.0667,-114.916,2717.0,85.0,,26.0,,,3.3,,,,,,Ux.Mx.-------
WATERVIL,43.9333,-71.5333,400.0,89.0,,25.0,,,3.5,,,,,,Ux.Mx.-------
WESTON,43.2833,-72.8167,530.0,51.0,,19.0,,,2.6,,,,,,Ux.Mx.-------
WH SIGNL,32.5333,-108.35,1813.0,86.0,,17.0,,,0.5,,,,,,Ux.Mx.-------
WHITEHL,35.7167,-114.366,908.0,117.0,,39.0,,,3.0,,,,,,Ux.Mx.-------
WRIGHT,38.8333,-120.25,2040.0,34.0,,11.0,,,3.0,,,,,,Ux.Mx.-------
WI3,47.15,-95.2,499.0,37.0,,46.0,,,0.8,,,,,,Ux.Mx.-------
GLENWOOD,34.3833,-93.8333,362.0,45.0,,21.0,,,2.1,,,,,,Ux.Mx.-------
HORATIO,33.9333,-94.25,117.0,83.0,,19.0,,,4.3,,,,,,Ux.Mx.-------
LTTL RCK,34.7,-92.25,109.0,44.0,,25.0,,,1.7,,,,,,Ux.Mx.-------
MARIANNA,34.7,-90.7,61.0,130.0,,23.0,,,5.5,,,,,,Ux.Mx.-------
PINDALL,36.05,-92.8667,360.0,67.0,,13.0,,,5.2,,,,,,Ux.Mx.-------
ZINC,36.2833,-92.9167,274.0,117.0,,20.0,,,5.8,,,,,,Ux.Mx.-------
AR-1,30.0417,-104.066,1372.0,46.0,,25.0,,,1.9,,,,,,Ux.Mx.-------
BR-1,30.25,-104.561,1270.0,83.0,,43.0,,,1.9,,,,,,Ux.Mx.-------
BRM-1,30.7283,-105.033,1056.0,50.0,,15.0,,,3.2,,,,,,Ux.Mx.-------
CHN-2,29.895,-104.561,1112.0,100.0,,28.0,,,3.6,,,,,,Ux.Mx.-------
LG-1,30.92,-105.2,1233.0,87.0,,27.0,,,3.2,,,,,,Ux.Mx.-------
LOV-5,30.55,-104.638,1151.0,71.0,,36.0,,,1.9,,,,,,Ux.Mx.-------
OP-4,30.0,-104.5,1372.0,94.0,,27.0,,,3.4,,,,,,Ux.Mx.-------
PL-1,31.045,-104.533,1537.0,50.0,,18.0,,,2.7,,,,,,Ux.Mx.-------
UTEP-1,31.7767,-106.508,1210.0,82.0,,32.0,,,2.5,,,,,,Ux.Mx.-------
V-3,30.5367,-104.441,1382.0,49.0,,25.0,,,1.9,,,,,,Ux.Mx.-------
VHC-1,31.0717,-104.791,1206.0,82.0,,17.0,,,4.6,,,,,,Ux.Mx.-------
VHC-1,31.0717,-104.791,1206.0,76.0,,16.0,,,4.8,,,,,,Ux.Mx.-------
VZ-2,30.125,-104.561,1180.0,117.0,,60.0,,,1.9,,,,,,Ux.Mx.-------
CHMN,35.8667,-118.033,1948.0,72.0,,27.0,,,2.7,,,,,,Ux.Mx.-------
CNB,35.73,-118.08,1195.0,70.0,,26.6,,,3.0,,,,,,Ux.Mx.-------
DOME,36.0917,-118.525,2170.0,43.0,,16.1,,,2.6,,,,,,Ux.Mx.-------
GLNV,35.745,-118.718,945.0,32.0,,14.7,,,2.3,,,,,,Ux.Mx.-------
KNDY,36.025,-118.133,1829.0,66.0,,29.5,,,2.5,,,,,,Ux.Mx.-------
KVN,35.4517,-118.22,1524.0,56.0,,21.7,,,2.6,,,,,,Ux.Mx.-------
WODY,35.7217,-118.858,486.0,32.0,,13.0,,,2.5,,,,,,Ux.Mx.-------
USGS-MC1,42.1967,-119.85,1366.0,75.0,,42.0,,,1.8,,,,,,Ux.Mx.-------
USGS-MC2,42.095,-119.923,1369.0,104.0,,55.0,,,1.9,,,,,,Ux.Mx.-------
USGS-OK1,42.165,-119.861,1366.0,75.0,,42.0,,,1.8,,,,,,Ux.Mx.-------
AC-1,33.9667,-117.633,300.0,66.0,,55.0,,,1.3,,,,,,Ux.Mx.-------
ADELAIDE,40.8333,-117.533,1780.0,141.0,,46.0,,,3.1,,,,,,Ux.Mx.-------
AUBURN,38.8767,-121.05,200.0,29.0,,17.0,,,3.5,,,,,,Ux.Mx.-------
BARCUSC,40.05,-108.516,1920.0,83.0,,60.0,,,1.2,,,,,,Ux.Mx.-------
BERKELEY,37.8667,-122.25,122.0,83.0,,40.0,,,2.1,,,,,,Ux.Mx.-------
BLACKRK,37.6833,-118.533,2110.0,83.0,,33.0,,,2.5,,,,,,Ux.Mx.-------
BRISTOL2,38.1,-114.6,2160.0,71.0,,20.0,,,3.5,,,,,,Ux.Mx.-------
BUCKINGH,40.6167,-117.066,1830.0,110.0,,31.0,,,3.7,,,,,,Ux.Mx.-------
CEDAR-DE,37.6917,-113.305,1726.0,88.0,,27.0,,,3.2,,,,,,Ux.Mx.-------
CEDAR-N6,37.6333,-113.433,1810.0,91.0,,24.0,,,3.7,,,,,,Ux.Mx.-------
CH-1&3,40.05,-108.333,1937.0,62.0,,66.0,,,0.9,,,,,,Ux.Mx.-------
CH-1&3,40.05,-108.333,1937.0,62.0,,56.0,,,1.1,,,,,,Ux.Mx.-------
CH-1&3,40.05,-108.333,1937.0,62.0,,43.0,,,1.4,,,,,,Ux.Mx.-------
CH-2,39.9667,-108.466,2011.0,58.0,,54.0,,,1.0,,,,,,Ux.Mx.-------
CH-2,39.9667,-108.466,2011.0,58.0,,55.0,,,1.0,,,,,,Ux.Mx.-------
CH-2,39.9667,-108.466,2011.0,58.0,,40.0,,,1.4,,,,,,Ux.Mx.-------
CHRISTMA,33.0333,-110.683,762.0,58.0,,18.0,,,3.2,,,,,,Ux.Mx.-------
COLDCRK,39.7,-122.883,1186.0,66.0,,15.0,,,4.3,,,,,,Ux.Mx.-------
DACY,44.3667,-103.883,1790.0,79.0,,26.0,,,3.0,,,,,,Ux.Mx.-------
DDH-1,47.45,-115.966,928.0,96.0,,19.0,,,5.0,,,,,,Ux.Mx.-------
DDH-2,47.455,-116.066,951.0,79.0,,21.0,,,3.6,,,,,,Ux.Mx.-------
DDH-M19A,45.375,-109.908,2140.0,61.0,,20.0,,,3.0,,,,,,Ux.Mx.-------
DDH-M19A,45.375,-109.908,2140.0,56.0,,16.0,,,3.5,,,,,,Ux.Mx.-------
DDH-M-22,45.3767,-109.901,2151.0,68.0,,18.0,,,3.7,,,,,,Ux.Mx.-------
DEEP SPG,37.4,-118.0,1630.0,75.0,,28.0,,,2.8,,,,,,Ux.Mx.-------
DH-1,46.5833,-119.516,168.0,63.0,,37.0,,,1.7,,,,,,Ux.Mx.-------
DH-34,32.6667,-110.7,1053.0,64.0,,17.0,,,3.6,,,,,,Ux.Mx.-------
DH-3-WW,46.3517,-119.268,120.0,52.0,,34.0,,,1.5,,,,,,Ux.Mx.-------
DH-3-WW,46.3517,-119.268,120.0,41.0,,25.0,,,1.6,,,,,,Ux.Mx.-------
DH-3-WW,46.3517,-119.268,120.0,47.0,,30.0,,,1.6,,,,,,Ux.Mx.-------
DH-43,34.8833,-118.766,1119.0,76.0,,22.0,,,3.4,,,,,,Ux.Mx.-------
DH61 2 5,34.9383,-118.816,500.0,56.0,,20.0,,,2.8,,,,,,Ux.Mx.-------
DOLO HLL,37.1833,-116.2,1950.0,79.0,,16.0,,,4.9,,,,,,Ux.Mx.-------
EAGLEMT,33.8667,-115.433,285.0,53.0,,19.0,,,2.7,,,,,,Ux.Mx.-------
EG-7,39.7,-122.8,1585.0,48.0,,16.0,,,2.9,,,,,,Ux.Mx.-------
ELDERCK,40.6833,-117.066,1510.0,133.0,,33.0,,,4.0,,,,,,Ux.Mx.-------
ELK HL-3,35.2833,-119.366,222.0,50.0,,29.0,,,1.7,,,,,,Ux.Mx.-------
ELKHL-1,35.2933,-119.543,400.0,52.0,,31.0,,,1.7,,,,,,Ux.Mx.-------
ELKHL-2,35.2717,-119.416,333.0,52.0,,28.0,,,1.8,,,,,,Ux.Mx.-------
ELOY,32.7833,-111.483,480.0,54.0,,35.0,,,1.5,,,,,,Ux.Mx.-------
EUREKA,39.5,-115.983,2100.0,35.0,,10.0,,,3.5,,,,,,Ux.Mx.-------
FRENCHMA,36.7667,-115.866,1062.0,92.0,,33.0,,,2.7,,,,,,Ux.Mx.-------
FTBRAGG,39.4333,-123.733,120.0,83.0,,65.0,,,1.7,,,,,,Ux.Mx.-------
GB-1,36.6833,-107.2,2194.0,84.0,,30.0,,,2.8,,,,,,Ux.Mx.-------
GOLDACR,40.2667,-116.75,1676.0,104.0,,27.0,,,3.8,,,,,,Ux.Mx.-------
GOLDFLD2,37.7333,-117.191,1751.0,96.0,,41.0,,,2.3,,,,,,Ux.Mx.-------
GOLDFLD2,37.7333,-117.191,1751.0,96.0,,26.0,,,3.6,,,,,,Ux.Mx.-------
GRRV1-1,41.5333,-109.416,1890.0,66.0,,44.0,,,1.5,,,,,,Ux.Mx.-------
HAMPEL,36.7667,-116.116,1263.0,75.0,,41.0,,,1.8,,,,,,Ux.Mx.-------
HELMETP,31.9667,-111.066,1033.0,90.0,,26.0,,,3.4,,,,,,Ux.Mx.-------
HELMS CK,37.1333,-118.983,2510.0,54.0,,17.0,,,3.0,,,,,,Ux.Mx.-------
HIGLEY,33.3167,-111.716,395.0,71.0,,44.0,,,1.5,,,,,,Ux.Mx.-------
HOT CRK (UCE-20),38.5833,-116.2,1757.0,53.0,,31.0,,,1.8,,,,,,Ux.Mx.-------
INDIANV,36.6,-115.783,1060.0,90.0,,15.0,,,5.9,,,,,,Ux.Mx.-------
IRON CAN,40.55,-117.1,1675.0,146.0,,31.0,,,4.7,,,,,,Ux.Mx.-------
JOSE BSN,37.1,-119.383,1000.0,32.0,,12.0,,,2.5,,,,,,Ux.Mx.-------
L.SMOKY,38.7167,-116.033,1902.0,62.0,,34.0,,,1.8,,,,,,Ux.Mx.-------
LA PANZA,35.4333,-120.5,427.0,86.0,,29.0,,,2.9,,,,,,Ux.Mx.-------
LANDER,40.3333,-116.716,1670.0,126.0,,29.0,,,4.6,,,,,,Ux.Mx.-------
LC26-13,32.7083,-114.616,55.0,87.0,,38.0,,,2.2,,,,,,Ux.Mx.-------
LK-1,38.3833,-98.1667,525.0,58.0,,36.0,,,1.6,,,,,,Ux.Mx.-------
LK-1,38.3833,-98.1667,525.0,69.0,,13.0,,,5.2,,,,,,Ux.Mx.-------
LK-2,38.3667,-98.1667,512.0,63.0,,40.0,,,1.5,,,,,,Ux.Mx.-------
LK-2,38.3667,-98.1667,512.0,62.0,,12.0,,,5.0,,,,,,Ux.Mx.-------
LOUSETOW,39.3833,-119.633,1800.0,115.0,,54.0,,,2.1,,,,,,Ux.Mx.-------
MANHATTA,37.9667,-114.6,2200.0,72.0,,18.0,,,4.0,,,,,,Ux.Mx.-------
MNLO PRK,37.45,-122.166,16.0,91.0,,48.0,,,1.9,,,,,,Ux.Mx.-------
MONITOR,38.9667,-116.633,2165.0,83.0,,51.0,,,1.6,,,,,,Ux.Mx.-------
MOONLGHT,40.225,-120.8,1690.0,79.0,,22.0,,,3.4,,,,,,Ux.Mx.-------
NYE BS-2,45.3667,-109.821,2568.0,58.0,,17.0,,,3.3,,,,,,Ux.Mx.-------
OURAY,39.9833,-109.6,1520.0,62.0,,32.0,,,2.0,,,,,,Ux.Mx.-------
OURAY,39.9833,-109.6,1520.0,62.0,,25.0,,,2.3,,,,,,Ux.Mx.-------
PATTERSO,38.6,-114.733,2260.0,51.0,,14.0,,,3.5,,,,,,Ux.Mx.-------
PERMANEN,37.3167,-122.116,500.0,92.0,,28.0,,,3.3,,,,,,Ux.Mx.-------
PHOEST1,33.5333,-112.333,331.0,125.0,,50.0,,,3.5,,,,,,Ux.Mx.-------
PILOTMT3,38.3167,-117.866,1950.0,82.0,,29.0,,,2.8,,,,,,Ux.Mx.-------
PINE NUT,38.8833,-119.583,1890.0,96.0,,30.0,,,3.1,,,,,,Ux.Mx.-------
PINEDALE,42.7667,-109.566,2218.0,47.0,,16.0,,,2.8,,,,,,Ux.Mx.-------
PINEDALE,42.7667,-109.566,2218.0,50.0,,18.0,,,2.9,,,,,,Ux.Mx.-------
PINEDALE,42.7667,-109.566,2218.0,57.0,,19.0,,,3.0,,,,,,Ux.Mx.-------
PM-1,37.2833,-116.4,1999.0,41.0,,25.0,,,1.6,,,,,,Ux.Mx.-------
R.M.ARS,39.85,-104.85,1501.0,89.0,,36.0,,,2.4,,,,,,Ux.Mx.-------
R.M.ARS,39.85,-104.85,1501.0,78.0,,24.0,,,3.2,,,,,,Ux.Mx.-------
RALSTON,38.5667,-116.933,2150.0,74.0,,25.0,,,3.0,,,,,,Ux.Mx.-------
RDH-SU37,46.5367,-122.836,156.0,35.0,,33.0,,,1.1,,,,,,Ux.Mx.-------
REDROCK,32.6,-111.6,500.0,35.0,,26.0,,,1.4,,,,,,Ux.Mx.-------
RIOBLAN,39.7667,-108.15,2070.0,62.0,,55.0,,,1.1,,,,,,Ux.Mx.-------
RIOBLAN,39.7667,-108.15,2070.0,62.0,,39.0,,,1.5,,,,,,Ux.Mx.-------
ROCKVLY,36.6333,-116.3,931.0,83.0,,31.0,,,2.6,,,,,,Ux.Mx.-------
RS-1,46.4333,-119.783,875.0,59.0,,37.0,,,1.6,,,,,,Ux.Mx.-------
RS-2,46.4333,-119.783,875.0,57.0,,33.0,,,1.7,,,,,,Ux.Mx.-------
SANDSPR4,39.2,-118.366,1600.0,64.0,,24.0,,,2.9,,,,,,Ux.Mx.-------
SF BAY-1,37.4833,-122.133,1.0,94.0,,57.0,,,1.6,,,,,,Ux.Mx.-------
SILVER C,39.25,-119.666,1585.0,82.0,,21.0,,,3.9,,,,,,Ux.Mx.-------
SLVR PK2,37.7167,-117.783,2232.7,79.0,,40.1,,,2.3,,,,,,Ux.Mx.-------
SLVRPK2,37.7167,-117.783,2127.0,81.0,,36.0,,,2.2,,,,,,Ux.Mx.-------
SLVRPK2,37.7167,-117.783,2127.0,77.0,,34.0,,,2.3,,,,,,Ux.Mx.-------
STONE CB,38.3,-116.583,1890.0,54.0,,31.0,,,1.7,,,,,,Ux.Mx.-------
SU-4,46.5317,-122.81,165.0,32.0,,18.0,,,1.8,,,,,,Ux.Mx.-------
SU-902,46.535,-122.823,157.0,37.0,,34.0,,,1.1,,,,,,Ux.Mx.-------
SU-902,46.5317,-122.81,165.0,35.0,,32.0,,,1.1,,,,,,Ux.Mx.-------
SWALES M,40.95,-116.016,1829.0,71.0,,25.0,,,2.8,,,,,,Ux.Mx.-------
TEMPE,33.4167,-112.016,340.0,46.0,,29.0,,,1.5,,,,,,Ux.Mx.-------
TEMPIUT3,37.6333,-115.55,2050.0,45.0,,13.0,,,3.4,,,,,,Ux.Mx.-------
TENABO,40.3,-116.666,1525.0,147.0,,30.0,,,4.9,,,,,,Ux.Mx.-------
TRACY,37.8,-121.583,19.0,40.0,,29.0,,,1.4,,,,,,Ux.Mx.-------
TUCSON,32.1833,-111.116,795.0,107.0,,29.0,,,3.6,,,,,,Ux.Mx.-------
TWINBUT5,31.9067,-111.043,1016.0,80.0,,23.0,,,3.5,,,,,,Ux.Mx.-------
UCE-10,38.6833,-116.466,1980.0,50.0,,52.0,,,1.0,,,,,,Ux.Mx.-------
UCE-12A,38.9167,-116.333,2111.0,58.0,,38.0,,,1.5,,,,,,Ux.Mx.-------
UCE-9,38.8167,-116.45,2088.0,50.0,,39.0,,,1.3,,,,,,Ux.Mx.-------
VO-SOC 1,46.4183,-119.588,445.0,56.0,,35.0,,,1.6,,,,,,Ux.Mx.-------
WASHHILL,39.4667,-119.633,1634.0,87.0,,42.0,,,2.0,,,,,,Ux.Mx.-------
WH ELEPH,41.8833,-115.083,2010.0,138.0,,37.0,,,3.6,,,,,,Ux.Mx.-------
WILLITTS,39.5667,-123.116,1100.0,75.0,,21.0,,,3.5,,,,,,Ux.Mx.-------
YRNGTN,38.9333,-119.066,1455.0,77.0,,22.0,,,3.3,,,,,,Ux.Mx.-------
YRNGTN,38.9333,-119.066,1455.0,77.0,,22.0,,,3.4,,,,,,Ux.Mx.-------
YUCCA FL,37.05,-116.0,1272.0,32.0,,42.0,,,0.8,,,,,,Ux.Mx.-------
KY-1,40.411705,-117.856656,,138.19095477386932,4.1876046901172534,38.7,0.05,,3.5720268006700167,0.10469011725293133,,carbonates;graphite,Paleozoic;Triassic,,U1.M3x.xx-x-xx
GARLOCK GAR,35.4633,-117.556,1164.0,86.0,,27.0,,,3.0,,,,,,Ux.Mx.-------
RNDBRG FREMONT / FPK,35.2583,-117.538,936.0,56.0,,23.0,,,2.3,,,,,,Ux.Mx.-------
RNDBRGA,35.4667,-117.626,741.0,76.0,,30.0,,,2.5,,,,,,Ux.Mx.-------
BLK RK 1,40.9267,-119.013,1190.0,79.0,,77.0,,,1.0,,,,,,Ux.Mx.-------
BLKRK2,40.9083,-119.085,1190.0,62.0,,62.0,,,1.0,,,,,,Ux.Mx.-------
GERLACH,40.7267,-119.265,3931.0,42.0,,40.0,,,1.0,,,,,,Ux.Mx.-------
GERLACH,40.75,-119.241,3924.0,42.0,,40.0,,,1.0,,,,,,Ux.Mx.-------
GERLACH,40.7933,-119.193,3915.0,75.0,,68.0,,,1.1,,,,,,Ux.Mx.-------
UE25A-1,36.8517,-116.44,1199.0,53.0,,27.0,,,1.5,,,,,,Ux.Mx.-------
UE25A-3,36.8633,-116.311,1387.0,128.0,,41.0,,,3.1,,,,,,Ux.Mx.-------
PQ-1,34.13,-112.858,891.0,70.0,,32.0,,,2.1,,,,,,Ux.Mx.-------
PQ-3,34.005,-113.218,662.0,79.0,,37.0,,,2.1,,,,,,Ux.Mx.-------
PQ-4,34.1567,-113.176,795.0,67.0,,35.0,,,1.9,,,,,,Ux.Mx.-------
PQ-8,34.2833,-113.943,267.0,70.0,,34.0,,,2.1,,,,,,Ux.Mx.-------
PQ-9,34.6417,-113.976,683.0,91.0,,39.0,,,2.4,,,,,,Ux.Mx.-------
USWG1,36.8817,-116.481,1602.3,52.0,,29.0,,,1.8,,,,,,Ux.Mx.-------
ALTO,35.2033,-111.46,1963.0,41.0,,10.0,,,1.7,,,,,,Ux.Mx.-------
BMSA,36.6467,-110.168,1723.0,61.0,,18.0,,,1.5,,,,,,Ux.Mx.-------
HARDRKS,36.0417,-110.525,1823.0,61.0,,15.0,,,1.7,,,,,,Ux.Mx.-------
INSCRIPT,36.6017,-110.813,1963.0,64.0,,14.0,,,1.9,,,,,,Ux.Mx.-------
LYMANLK,34.335,-109.268,2005.0,76.0,,18.0,,,1.8,,,,,,Ux.Mx.-------
PINON,36.09,-110.206,1930.0,50.0,,23.0,,,1.3,,,,,,Ux.Mx.-------
ROBIDOUX,35.6533,-112.138,1826.0,53.0,,13.0,,,1.7,,,,,,Ux.Mx.-------
SJV-1,36.6933,-120.511,92.0,50.0,,28.0,,,0.7,,,,,,Ux.Mx.-------
SJV-2,36.7633,-119.656,104.0,56.0,,33.0,,,0.7,,,,,,Ux.Mx.-------
SJV-4,36.5967,-119.988,64.0,64.0,,35.0,,,0.8,,,,,,Ux.Mx.-------
SJV-5,36.4017,-120.1,72.0,46.0,,29.0,,,0.7,,,,,,Ux.Mx.-------
SJV-8,36.735,-120.221,53.0,43.0,,28.0,,,0.7,,,,,,Ux.Mx.-------
STJOHNS3,34.5667,-109.316,1762.0,74.0,,21.0,,,1.5,,,,,,Ux.Mx.-------
SUMMIT 7,35.34,-111.731,2588.0,51.0,,31.0,,,0.7,,,,,,Ux.Mx.-------
TGE-3,34.3,-109.39,2023.0,63.0,,13.0,,,1.9,,,,,,Ux.Mx.-------
BLYTHVLE,35.9217,-89.905,78.2,54.0,,19.0,,,2.8,,,,,,Ux.Mx.-------
BRADEN,35.3733,-89.55,101.0,74.0,,27.0,,,2.8,,,,,,Ux.Mx.-------
DOE-3,38.8267,-109.708,1546.5,62.0,,16.0,,,3.8,,,,,,Ux.Mx.-------
DOE-3,38.8267,-109.708,1546.5,86.0,,14.0,,,5.9,,,,,,Ux.Mx.-------
DOE-3,38.8267,-109.708,1546.5,80.0,,13.0,,,6.1,,,,,,Ux.Mx.-------
DOE-3,38.8267,-109.708,1546.5,84.0,,13.0,,,6.2,,,,,,Ux.Mx.-------
DUNLIETH,33.4083,-90.8317,35.0,55.0,,28.0,,,1.9,,,,,,Ux.Mx.-------
ELLIOTT,33.695,-89.715,72.3,35.0,,13.0,,,2.7,,,,,,Ux.Mx.-------
ERWIN,33.1,-91.0383,32.5,33.0,,17.0,,,1.9,,,,,,Ux.Mx.-------
EVADALE,35.5517,-90.085,69.1,43.0,,15.0,,,2.8,,,,,,Ux.Mx.-------
GRNVILLE,33.4,-91.0833,31.0,50.0,,25.0,,,2.0,,,,,,Ux.Mx.-------
HELENA,34.545,-90.645,77.5,24.0,,13.0,,,1.9,,,,,,Ux.Mx.-------
HOLLY SP,34.785,-88.42,160.6,53.0,,20.0,,,2.5,,,,,,Ux.Mx.-------
HP-113,35.2433,-89.955,84.8,26.0,,10.0,,,2.5,,,,,,Ux.Mx.-------
INTER. P,34.545,-91.92,68.0,78.0,,32.0,,,2.4,,,,,,Ux.Mx.-------
JACK U82,32.27,-90.0683,116.3,46.0,,19.0,,,2.4,,,,,,Ux.Mx.-------
JACKH23,32.295,-90.1833,89.9,53.0,,38.0,,,1.4,,,,,,Ux.Mx.-------
JACKH43,32.2933,-90.1833,88.9,48.0,,35.0,,,1.4,,,,,,Ux.Mx.-------
JACKN35,32.295,-90.195,95.4,53.0,,39.0,,,1.4,,,,,,Ux.Mx.-------
JEROME,35.36,-91.9467,188.1,67.0,,41.0,,,1.6,,,,,,Ux.Mx.-------
LEXINGTO,33.9167,-81.1667,66.0,46.0,,13.0,,,3.4,,,,,,Ux.Mx.-------
LONGCRK,32.3383,-88.6083,157.5,35.0,,15.0,,,2.2,,,,,,Ux.Mx.-------
LYON,34.2083,-90.5417,49.6,73.0,,24.0,,,3.0,,,,,,Ux.Mx.-------
MARIANA,34.775,-90.765,68.1,38.0,,19.0,,,1.9,,,,,,Ux.Mx.-------
PINE BLF,34.21,-91.925,63.1,74.0,,31.0,,,2.4,,,,,,Ux.Mx.-------
PINEVIEW,32.0433,-88.2683,123.6,35.0,,32.0,,,1.1,,,,,,Ux.Mx.-------
RIENZI,34.7783,-88.5667,141.2,20.0,,11.0,,,1.7,,,,,,Ux.Mx.-------
SANDERS,34.5133,-88.9683,117.7,33.0,,28.0,,,1.2,,,,,,Ux.Mx.-------
SHJ-140,35.0233,-90.1217,83.8,30.0,,12.0,,,2.5,,,,,,Ux.Mx.-------
SHK-45,35.115,-89.9333,94.6,56.0,,20.0,,,2.7,,,,,,Ux.Mx.-------
SHO-181,35.1533,-90.0167,78.5,51.0,,18.0,,,2.8,,,,,,Ux.Mx.-------
SHQ-58,35.1833,-89.8567,89.9,33.0,,12.0,,,2.5,,,,,,Ux.Mx.-------
STARKMAN,33.1817,-88.4733,73.7,43.0,,14.0,,,3.0,,,,,,Ux.Mx.-------
THOMGRV,34.94,-90.335,58.0,42.0,,22.0,,,2.8,,,,,,Ux.Mx.-------
YAZOO,32.85,-90.41,46.0,71.0,,26.0,,,2.7,,,,,,Ux.Mx.-------
GIBSON,38.1633,-109.615,1503.0,61.0,,21.0,,,2.8,,,,,,Ux.Mx.-------
GIBSON,38.1633,-109.615,1503.0,71.0,,23.0,,,3.0,,,,,,Ux.Mx.-------
GIBSON,38.1633,-109.615,1503.0,53.0,,17.0,,,3.1,,,,,,Ux.Mx.-------
GIBSON,38.1633,-109.615,1503.0,67.0,,13.0,,,5.2,,,,,,Ux.Mx.-------
ECT1,32.7967,-115.51,15.0,92.0,,50.0,,,0.8,,,,,,Ux.Mx.-------
HOLLY,32.91,-115.548,35.0,92.0,,49.0,,,0.8,,,,,,Ux.Mx.-------
IV-10,32.925,-115.696,3.0,86.0,,47.0,,,0.8,,,,,,Ux.Mx.-------
IV-11,32.8933,-115.641,3.0,126.0,,72.0,,,0.7,,,,,,Ux.Mx.-------
IV-12,32.8367,-115.628,3.0,101.0,,53.0,,,0.8,,,,,,Ux.Mx.-------
IV-13,32.8467,-115.551,3.0,125.0,,66.0,,,0.8,,,,,,Ux.Mx.-------
IV-14,32.9267,-115.543,3.0,87.0,,43.0,,,0.8,,,,,,Ux.Mx.-------
IV-15,32.9333,-115.456,2.0,133.0,,67.0,,,0.8,,,,,,Ux.Mx.-------
IV-16,32.855,-115.471,2.0,90.0,,49.0,,,0.8,,,,,,Ux.Mx.-------
IV-17,32.7917,-115.703,2.0,48.0,,27.0,,,0.8,,,,,,Ux.Mx.-------
IV-3,32.8417,-115.866,26.0,76.0,,38.0,,,0.8,,,,,,Ux.Mx.-------
IV-4,32.765,-115.798,7.0,95.0,,42.0,,,1.0,,,,,,Ux.Mx.-------
IV-5,32.8167,-115.77,2.0,108.0,,52.0,,,0.9,,,,,,Ux.Mx.-------
ASC,56.8383,-133.313,21.0,66.0,,33.0,,,1.9,,,,,,Ux.Mx.-------
ASC,56.8383,-133.313,21.0,71.0,,37.0,,,1.9,,,,,,Ux.Mx.-------
BC,54.9117,-132.133,249.1,76.0,,19.3,,,3.9,,,,,,Ux.Mx.-------
BC,54.9117,-132.133,305.0,69.0,,17.0,,,3.9,,,,,,Ux.Mx.-------
BC,54.9117,-132.133,305.0,82.0,,21.0,,,3.9,,,,,,Ux.Mx.-------
GC,58.075,-134.618,505.0,46.0,,11.0,,,4.0,,,,,,Ux.Mx.-------
GC,58.075,-134.618,505.0,64.0,,13.0,,,4.9,,,,,,Ux.Mx.-------
MB1,54.7833,-132.05,275.0,46.0,,20.0,,,2.3,,,,,,Ux.Mx.-------
NA1,55.1633,-131.78,62.0,71.0,,21.9,,,3.2,,,,,,Ux.Mx.-------
NIB,55.0667,-132.146,24.0,99.0,,32.9,,,3.0,,,,,,Ux.Mx.-------
Q01,55.4067,-130.478,458.0,114.0,,30.0,,,3.7,,,,,,Ux.Mx.-------
SUK,55.6183,-132.59,153.0,40.0,,15.0,,,2.5,,,,,,Ux.Mx.-------
BLK BTTE / BBUT,34.55,-117.716,944.0,69.0,,24.0,,,2.8,,,,,,Ux.Mx.-------
BLKBTTE,34.55,-117.716,944.0,69.0,,24.0,,,2.8,,,,,,Ux.Mx.-------
BLKBTTE,34.55,-117.716,944.0,69.0,,24.0,,,2.9,,,,,,Ux.Mx.-------
BLKBTTE,34.55,-117.716,944.0,69.0,,24.0,,,2.9,,,,,,Ux.Mx.-------
CAJONPS,34.3217,-117.478,1008.7,71.0,,27.0,,,2.6,,,,,,Ux.Mx.-------
CAL CITY,35.04,-117.916,762.8,69.0,,26.0,,,2.6,,,,,,Ux.Mx.-------
HI VISTA / HIVS,34.7383,-117.773,931.0,64.0,,23.0,,,2.9,,,,,,Ux.Mx.-------
HIVISTA,34.7383,-117.773,931.0,64.0,,23.0,,,2.5,,,,,,Ux.Mx.-------
HIVISTA,34.7383,-117.773,931.0,64.0,,23.0,,,2.7,,,,,,Ux.Mx.-------
KRMRJNC,34.9733,-117.495,784.4,82.0,,29.0,,,2.8,,,,,,Ux.Mx.-------
STODDARD/STD,34.7317,-117.073,988.4,63.0,,22.0,,,2.8,,,,,,Ux.Mx.-------
US7-GER,34.5017,-118.281,978.4,56.0,,22.0,,,2.5,,,,,,Ux.Mx.-------
AVA,35.5917,-116.473,591.0,87.0,,31.0,,,3.0,,,,,,Ux.Mx.-------
CHA1,37.7433,-122.095,259.0,83.0,,27.5,,,3.0,,,,,,Ux.Mx.-------
RNDBRG LAUREL M / LMT,35.53,-117.653,1013.0,96.0,,38.0,,,2.5,,,,,,Ux.Mx.-------
RNDBRG SPH - SPANG HL,35.56,-117.585,1012.0,48.0,,16.0,,,3.0,,,,,,Ux.Mx.-------
TEH,35.1383,-118.436,1219.0,87.0,,27.8,,,3.1,,,,,,Ux.Mx.-------
EDE2,35.8933,-120.421,488.0,79.0,,33.4,,,2.5,,,,,,Ux.Mx.-------
FROL,35.9117,-120.485,547.0,73.0,,37.6,,,2.0,,,,,,Ux.Mx.-------
PDDL,35.9217,-120.433,488.0,77.0,,40.7,,,1.9,,,,,,Ux.Mx.-------
PDHF,35.8783,-120.395,462.0,92.0,,33.8,,,2.8,,,,,,Ux.Mx.-------
PDL2,35.9367,-120.428,503.0,65.0,,39.3,,,1.9,,,,,,Ux.Mx.-------
PDSC,35.81,-120.281,463.0,54.0,,22.8,,,2.8,,,,,,Ux.Mx.-------
PDWC,35.7383,-120.338,610.0,69.0,,36.4,,,1.8,,,,,,Ux.Mx.-------
PHF2,35.8783,-120.395,462.0,84.0,,31.4,,,2.8,,,,,,Ux.Mx.-------
PPC2,35.97,-120.478,573.0,82.0,,44.7,,,1.9,,,,,,Ux.Mx.-------
PSC2,35.81,-120.281,463.0,69.0,,30.9,,,2.5,,,,,,Ux.Mx.-------
VARP,35.9267,-120.446,511.0,70.0,,35.9,,,2.0,,,,,,Ux.Mx.-------
HAYES,44.37,-101.016,617.0,81.0,,67.0,,,1.2,,,,,,Ux.Mx.-------
UAE-1,51.4667,179.1,63.0,34.0,2.0,21.32,0.11,,1.59,0.08,,Basalt;andesites;volcanic breccias,Cenozoic,,U2.M2.--XpXc-
UAE-2,51.4167,179.1833,39.0,45.0,1.0,30.86,0.1,,1.27,0.05,,Basalt;andesites;volcanic breccias,Cenozoic,,U1.M2.--XpXc-
UAE-2,51.4167,179.1833,39.0,45.0,1.0,34.52,0.19,,1.46,0.04,,Basalt;andesites;volcanic breccias,Cenozoic,,U1.M3.--XpXc-
UAE-3,51.5333,178.9833,147.0,39.0,2.0,20.13,0.52,,1.59,0.08,,Basalt;andesites;volcanic breccias,Cenozoic,,U2.M2.--XpXc-
UAE-3,51.5333,178.9833,147.0,39.0,2.0,26.05,0.07,,1.54,0.03,,Basalt;andesites;volcanic breccias,Cenozoic,,U1.M3.--XpXc-
UAE-3,51.5333,178.9833,147.0,39.0,2.0,28.87,0.15,,1.52,0.03,,Basalt;andesites;volcanic breccias,Cenozoic,,U1.M3.--XpXc-
UAE-6h,51.5167,179.0333,93.0,45.0,1.0,32.42,0.06,,1.38,0.04,,Basalt;andesites;volcanic breccias,Cenozoic,,U1.M3.--XpXc-
87,32.7617,-110.378,1341.0,130.0,,64.0,,,2.0,,,,,,Ux.Mx.-------
127,32.135,-110.076,1500.0,78.0,,24.0,,,3.3,,,,,,Ux.Mx.-------
704,31.3783,-110.69,1688.0,99.0,,28.0,,,3.5,,,,,,Ux.Mx.-------
761,35.3533,-114.148,1457.0,74.0,,20.0,,,3.7,,,,,,Ux.Mx.-------
807,35.3683,-114.135,1400.0,73.0,,24.0,,,3.0,,,,,,Ux.Mx.-------
38124,34.0417,-112.351,901.0,86.0,,50.0,,,1.7,,,,,,Ux.Mx.-------
123S20W,32.3333,-108.853,1267.0,131.0,,67.0,,,2.0,,,,,,Ux.Mx.-------
1315N14W,34.6417,-113.683,1292.0,77.0,,28.0,,,2.8,,,,,,Ux.Mx.-------
1427E,33.1117,-111.591,466.0,93.0,,25.0,,,3.7,,,,,,Ux.Mx.-------
14S73,33.1117,-111.596,466.0,78.0,,22.0,,,3.7,,,,,,Ux.Mx.-------
158N1W,34.0417,-111.341,799.0,85.0,,50.0,,,1.7,,,,,,Ux.Mx.-------
2419S16W,32.6433,-108.496,1848.0,86.0,,30.0,,,2.8,,,,,,Ux.Mx.-------
25125N3W,34.435,-112.503,1573.0,84.0,,29.0,,,2.9,,,,,,Ux.Mx.-------
255S26E,32.9633,-109.625,1631.0,83.0,,32.0,,,2.5,,,,,,Ux.Mx.-------
2620S15W,32.535,-108.37,1809.0,86.0,,23.0,,,3.8,,,,,,Ux.Mx.-------
3212S6W,32.3433,-112.913,622.0,79.0,,26.0,,,2.8,,,,,,Ux.Mx.-------
43/41/42,32.3967,-111.398,658.0,94.0,,37.0,,,2.5,,,,,,Ux.Mx.-------
817S20W,32.8433,-108.93,1761.0,84.0,,35.0,,,2.5,,,,,,Ux.Mx.-------
A64 Q-32,33.115,-111.575,475.0,79.0,,23.0,,,3.4,,,,,,Ux.Mx.-------
BHTN MN,34.4583,-112.2,1378.0,104.0,,20.0,,,5.0,,,,,,Ux.Mx.-------
C-1,31.9383,-110.691,1183.0,68.0,,27.0,,,2.5,,,,,,Ux.Mx.-------
C-4,34.165,-112.801,945.0,117.0,,34.0,,,3.4,,,,,,Ux.Mx.-------
CBH1/GIL,32.965,-109.611,1572.0,74.0,,34.0,,,2.2,,,,,,Ux.Mx.-------
CQ-40,31.3483,-110.696,1679.0,88.0,,33.0,,,2.6,,,,,,Ux.Mx.-------
DDH75-17,34.7517,-112.081,1522.0,66.0,,18.0,,,3.6,,,,,,Ux.Mx.-------
FLORNC 1,33.0567,-111.388,488.0,82.0,,28.0,,,2.9,,,,,,Ux.Mx.-------
FLORNC 4,33.085,-111.401,488.0,92.0,,31.0,,,2.9,,,,,,Ux.Mx.-------
FLORNC3,33.065,-111.42,488.0,88.0,,33.0,,,2.7,,,,,,Ux.Mx.-------
H-2/H-1,34.4383,-112.498,1585.0,84.0,,28.0,,,3.0,,,,,,Ux.Mx.-------
IS-12,33.2467,-112.978,333.0,58.0,,27.0,,,2.1,,,,,,Ux.Mx.-------
K-21,32.1017,-110.058,1494.0,74.0,,26.0,,,2.8,,,,,,Ux.Mx.-------
KELVIN1,33.0933,-111.023,637.0,94.0,,26.0,,,3.5,,,,,,Ux.Mx.-------
KELVIN2,33.0917,-111.025,762.0,93.0,,26.0,,,3.5,,,,,,Ux.Mx.-------
MBX627,33.1067,-111.598,454.0,81.0,,22.0,,,3.6,,,,,,Ux.Mx.-------
O-2,33.165,-110.828,945.0,73.0,,25.0,,,3.0,,,,,,Ux.Mx.-------
R-2/R-1,34.6417,-113.685,1300.0,80.0,,28.0,,,2.8,,,,,,Ux.Mx.-------
SEDONA-1,34.9317,-111.823,427.0,44.0,,12.0,,,3.7,,,,,,Ux.Mx.-------
SEDONA-2,34.8933,-111.838,371.0,46.0,,14.0,,,3.2,,,,,,Ux.Mx.-------
SH-1,33.4167,-110.958,1273.0,89.0,,25.0,,,3.5,,,,,,Ux.Mx.-------
ST-1,31.7433,-109.795,1414.0,98.0,,27.0,,,3.6,,,,,,Ux.Mx.-------
ST-2,31.7483,-109.793,1414.0,111.0,,28.0,,,3.9,,,,,,Ux.Mx.-------
ST-3,31.765,-109.74,1390.0,81.0,,27.0,,,3.0,,,,,,Ux.Mx.-------
STANFIEL,32.7767,-111.993,472.0,109.0,,28.0,,,3.8,,,,,,Ux.Mx.-------
SWS-18,31.805,-111.305,1067.0,98.0,,51.0,,,1.9,,,,,,Ux.Mx.-------
VD-14,33.3983,-110.865,1059.0,117.0,,28.0,,,4.2,,,,,,Ux.Mx.-------
WA-11,32.3117,-112.865,561.0,90.0,,24.0,,,3.7,,,,,,Ux.Mx.-------
WA-7,32.3317,-112.881,588.0,86.0,,30.0,,,2.8,,,,,,Ux.Mx.-------
WG-1,32.2317,-112.731,573.0,87.0,,47.0,,,1.8,,,,,,Ux.Mx.-------
RDH,44.2817,-114.828,2158.0,88.0,,30.0,,,2.9,,,,,,Ux.Mx.-------
RNS-10,44.28,-116.658,1152.0,31.0,,20.0,,,1.5,,,,,,Ux.Mx.-------
RNS-5,44.25,-116.54,1037.0,60.0,,45.0,,,1.3,,,,,,Ux.Mx.-------
RNS-8,44.2867,-116.693,1113.0,69.0,,44.0,,,1.5,,,,,,Ux.Mx.-------
RNS-9,44.28,-116.673,1113.0,40.0,,29.0,,,1.3,,,,,,Ux.Mx.-------
SMU GV1,44.0283,-115.926,1091.0,87.0,,32.0,,,2.7,,,,,,Ux.Mx.-------
USGS,43.5283,-116.511,777.0,102.0,,76.0,,,1.3,,,,,,Ux.Mx.-------
WW,43.7483,-116.533,777.0,97.0,,55.0,,,1.8,,,,,,Ux.Mx.-------
WW,43.47,-116.071,1044.0,88.0,,43.0,,,2.0,,,,,,Ux.Mx.-------
WW,43.47,-116.071,1044.0,78.0,,31.0,,,2.5,,,,,,Ux.Mx.-------
WW HLMCK,43.8033,-116.438,838.0,106.0,,75.0,,,1.4,,,,,,Ux.Mx.-------
WW PARMA,43.7867,-116.943,675.0,95.0,,61.0,,,1.5,,,,,,Ux.Mx.-------
BEARPEN,34.1167,-78.3333,17.0,68.0,,28.0,,,2.4,,,,,,Ux.Mx.-------
BRASELTO,34.0833,-83.7667,263.0,26.0,,10.0,,,2.5,,,,,,Ux.Mx.-------
BRUNSWIC,31.1333,-81.5,-1.0,21.0,,12.0,,,1.7,,,,,,Ux.Mx.-------
BRYSON,35.4333,-83.45,563.0,43.0,,17.0,,,2.5,,,,,,Ux.Mx.-------
CITRONEL,31.0,-88.25,65.0,39.0,,25.0,,,1.5,,,,,,Ux.Mx.-------
COLUMBIA,34.1667,-81.0333,135.0,45.0,,16.0,,,2.7,,,,,,Ux.Mx.-------
CRISTOWN,33.3,-87.2667,178.0,46.0,,16.0,,,2.7,,,,,,Ux.Mx.-------
JEFFERSO,32.7167,-83.25,124.0,38.0,,15.0,,,2.5,,,,,,Ux.Mx.-------
MARBLEHI,34.4167,-84.35,420.0,41.0,,15.0,,,2.6,,,,,,Ux.Mx.-------
MASCOT,36.0833,-83.65,299.0,34.0,,10.0,,,3.3,,,,,,Ux.Mx.-------
NEWHILL,35.6833,-78.9333,101.0,26.0,,15.0,,,1.7,,,,,,Ux.Mx.-------
OLD FORT,35.6333,-82.1667,447.0,35.0,,17.0,,,2.0,,,,,,Ux.Mx.-------
SWEETWTR,35.5667,-84.4833,308.0,42.0,,10.0,,,4.1,,,,,,Ux.Mx.-------
TLDGA,33.2667,-86.25,145.0,37.0,,11.0,,,3.1,,,,,,Ux.Mx.-------
TOWNSEND,31.6,-81.6,20.0,51.0,,33.0,,,1.5,,,,,,Ux.Mx.-------
B.R. NTH,30.4367,-91.1417,21.9,51.0,,23.0,,,2.1,,,,,,Ux.Mx.-------
B.R. STH,30.4183,-91.14,15.4,46.0,,22.0,,,2.0,,,,,,Ux.Mx.-------
BASTROP,32.73,-91.885,51.4,76.0,,37.0,,,2.0,,,,,,Ux.Mx.-------
BASTROP,32.73,-91.885,51.4,61.0,,26.0,,,2.3,,,,,,Ux.Mx.-------
BERNICE,32.8183,-92.7417,58.0,58.0,,22.0,,,2.5,,,,,,Ux.Mx.-------
BERNICE,32.8183,-92.7417,58.0,82.0,,32.0,,,2.5,,,,,,Ux.Mx.-------
BERNICE,32.8183,-92.7417,58.0,74.0,,28.5,,,2.6,,,,,,Ux.Mx.-------
BOGALUSA,30.8167,-89.9067,57.2,43.0,,17.0,,,2.5,,,,,,Ux.Mx.-------
BOSCO,32.2867,-92.07,23.7,45.0,,26.0,,,1.7,,,,,,Ux.Mx.-------
BROOKLYN,31.025,-89.1583,89.7,43.0,,20.0,,,2.1,,,,,,Ux.Mx.-------
CALHOUN,32.5167,-92.2817,45.1,66.0,,31.0,,,2.1,,,,,,Ux.Mx.-------
CARY,32.805,-90.925,32.4,33.0,,17.0,,,1.9,,,,,,Ux.Mx.-------
CHTTHCHI,30.7083,-84.8833,30.1,35.0,,23.0,,,1.4,,,,,,Ux.Mx.-------
DEVILLE,31.3933,-92.1617,23.1,46.0,,24.0,,,1.9,,,,,,Ux.Mx.-------
EUTAW,32.8333,-87.8883,53.9,20.0,,10.0,,,2.0,,,,,,Ux.Mx.-------
FOREST,32.3617,-89.5,150.3,33.0,,21.0,,,1.5,,,,,,Ux.Mx.-------
FOREST,32.3617,-89.5,150.3,43.0,,27.0,,,1.5,,,,,,Ux.Mx.-------
FOREST,32.3617,-89.5,150.3,38.0,,24.1,,,1.6,,,,,,Ux.Mx.-------
FTWALB,30.3983,-86.5967,-2.9,28.0,,23.0,,,1.2,,,,,,Ux.Mx.-------
FTWALB,30.3983,-86.5967,-2.9,43.0,,31.0,,,1.4,,,,,,Ux.Mx.-------
GRETNA,30.62,-84.64,91.5,35.0,,26.0,,,1.3,,,,,,Ux.Mx.-------
GRETNA,30.62,-84.64,91.5,35.0,,24.0,,,1.4,,,,,,Ux.Mx.-------
HAILE,32.8317,-92.1433,42.7,61.0,,22.0,,,2.7,,,,,,Ux.Mx.-------
HAILE,32.8317,-92.1433,42.7,87.0,,32.2,,,2.7,,,,,,Ux.Mx.-------
HAILE,32.8317,-92.1433,42.7,94.0,,34.0,,,2.7,,,,,,Ux.Mx.-------
JUNCTION,33.0,-92.7483,73.6,63.0,,24.0,,,2.5,,,,,,Ux.Mx.-------
KELLY,32.0317,-92.2783,49.3,63.0,,26.0,,,2.4,,,,,,Ux.Mx.-------
KELLY,32.0317,-92.2783,49.3,105.0,,44.0,,,2.4,,,,,,Ux.Mx.-------
KOLOMOKI,31.4283,-84.9633,92.3,27.0,,19.0,,,1.3,,,,,,Ux.Mx.-------
L-22,33.4267,-88.3967,55.1,23.0,,16.0,,,1.5,,,,,,Ux.Mx.-------
MARSALIS,32.6617,-92.96,116.4,74.0,,27.0,,,2.7,,,,,,Ux.Mx.-------
N.HODGE,32.2917,-92.6267,90.3,53.0,,23.0,,,2.3,,,,,,Ux.Mx.-------
NATCHEZ,31.4633,-91.3383,81.3,58.0,,27.0,,,2.1,,,,,,Ux.Mx.-------
NAVARRE,30.4017,-86.875,-0.5,30.0,,22.0,,,1.4,,,,,,Ux.Mx.-------
OZARK,31.3767,-85.58,77.3,20.0,,10.0,,,2.0,,,,,,Ux.Mx.-------
PACE,33.7933,-90.855,41.8,38.0,,16.0,,,2.3,,,,,,Ux.Mx.-------
PRIME BF,30.505,-86.5867,28.5,64.0,,27.0,,,2.3,,,,,,Ux.Mx.-------
SCOTLAND,30.5467,-91.1967,22.7,51.0,,21.0,,,2.4,,,,,,Ux.Mx.-------
SENATOBI,34.6233,-89.97,85.1,41.0,,19.0,,,2.1,,,,,,Ux.Mx.-------
SHELBY,33.9417,-90.77,45.6,100.0,,49.0,,,2.0,,,,,,Ux.Mx.-------
SIKES,32.0933,-92.4867,53.9,74.0,,30.0,,,2.5,,,,,,Ux.Mx.-------
SIMPSON,31.2617,-93.0067,89.4,53.0,,26.0,,,2.0,,,,,,Ux.Mx.-------
ST GE IS,29.675,-84.8333,-3.9,25.0,,21.0,,,1.1,,,,,,Ux.Mx.-------
THOMASTN,32.2183,-87.625,55.1,20.0,,22.0,,,0.9,,,,,,Ux.Mx.-------
THOMASTN,32.2183,-87.625,55.1,36.0,,37.0,,,1.0,,,,,,Ux.Mx.-------
TRUXNO,32.82,-92.405,58.8,89.0,,33.0,,,2.7,,,,,,Ux.Mx.-------
UNIONSP,32.135,-85.6817,170.1,30.0,,23.0,,,1.3,,,,,,Ux.Mx.-------
UTICA,32.1083,-90.625,88.0,58.0,,45.0,,,1.3,,,,,,Ux.Mx.-------
UTICA,32.1083,-90.625,88.0,69.0,,25.0,,,2.7,,,,,,Ux.Mx.-------
VERNON,32.3983,-92.57,76.0,53.0,,24.0,,,2.2,,,,,,Ux.Mx.-------
WHITING,30.7133,-87.005,45.7,41.0,,27.0,,,1.5,,,,,,Ux.Mx.-------
WHITING,30.7133,-87.005,45.7,43.0,,28.0,,,1.5,,,,,,Ux.Mx.-------
WINNEFLD,31.8933,-92.6667,56.3,31.0,,13.0,,,2.4,,,,,,Ux.Mx.-------
WINNEFLD,31.8933,-92.6667,56.3,66.0,,27.0,,,2.4,,,,,,Ux.Mx.-------
Commonwealth No.1 Wisehart,25.76,-80.8283,,32.0,,17.85,,,1.78,,,Limestone;Dolomite; Anhydrite,,,Ux.M3.-------
Humble Oil No.1,26.335,-80.8117,,30.0,,17.85,,,1.65,,,Limestone;Dolomite; Anhydrite,,,Ux.M4.-------
Humble Oil No.1,26.335,-80.8117,,30.0,,25.49,,,1.65,,,Limestone;Dolomite; Anhydrite,,,Ux.M4.-------
Humble Oil No.1,26.335,-80.8117,,30.0,,10.93,,,1.65,,,Limestone;Dolomite; Anhydrite,,,Ux.M4.-------
Humble Oil No.1,26.335,-80.8117,,30.0,,19.67,,,1.65,,,Limestone;Dolomite; Anhydrite,,,Ux.M4.-------
Humble Oil No.1,26.335,-80.8117,,30.0,,10.93,,,1.65,,,Limestone;Dolomite; Anhydrite,,,Ux.M4.-------
DDH-2,47.975,-118.066,877.0,84.0,,27.0,,,3.1,,,,,,Ux.Mx.-------
S-9,47.9433,-118.153,652.0,75.0,,25.0,,,3.0,,,,,,Ux.Mx.-------
CCPA-WW,45.3583,-121.935,442.0,77.0,,43.0,,,1.8,,,,,,Ux.Mx.-------
NNG-KC-1,45.315,-121.795,953.0,36.0,,16.0,,,2.2,,,,,,Ux.Mx.-------
NNG-LCM1,45.41,-121.823,893.0,100.0,,62.0,,,1.6,,,,,,Ux.Mx.-------
NNGOMF10,45.3717,-121.821,810.0,98.0,,66.0,,,1.5,,,,,,Ux.Mx.-------
NNG-OMF2,45.39,-121.806,777.0,100.0,,65.0,,,1.5,,,,,,Ux.Mx.-------
NNG-OMF2,45.39,-121.806,777.0,96.0,,55.0,,,1.7,,,,,,Ux.Mx.-------
NNG-OMF2,45.39,-121.806,777.0,96.0,,51.0,,,1.8,,,,,,Ux.Mx.-------
NNG-OMF2,45.39,-121.806,777.0,133.0,,64.0,,,2.1,,,,,,Ux.Mx.-------
NNG-OMF3,45.3867,-121.858,658.0,87.0,,57.0,,,1.5,,,,,,Ux.Mx.-------
NNG-TRLK,45.2817,-121.735,1109.0,94.0,,53.0,,,1.8,,,,,,Ux.Mx.-------
RDH-CRLH,45.305,-121.83,762.0,61.0,,28.0,,,2.2,,,,,,Ux.Mx.-------
RDH-RD19,45.3433,-121.921,148.0,65.0,,54.0,,,1.2,,,,,,Ux.Mx.-------
RDH-RP,45.495,-121.561,560.0,91.0,,56.0,,,1.6,,,,,,Ux.Mx.-------
RDH-SC,45.275,-121.841,722.0,66.0,,25.0,,,2.6,,,,,,Ux.Mx.-------
SANDY,45.39,-122.32,220.0,50.0,,39.0,,,1.3,,,,,,Ux.Mx.-------
SKI-BOWL,45.3017,-121.773,1106.0,92.0,,55.0,,,1.7,,,,,,Ux.Mx.-------
THNDRHDL,45.3033,-121.765,1127.0,51.0,,22.0,,,2.3,,,,,,Ux.Mx.-------
USGS-CB,45.4433,-121.715,1265.0,41.0,,27.0,,,1.5,,,,,,Ux.Mx.-------
USGS-CB,45.4433,-121.715,1265.0,46.0,,30.0,,,1.5,,,,,,Ux.Mx.-------
USGS-EB,45.4583,-121.648,884.0,38.0,,21.0,,,1.8,,,,,,Ux.Mx.-------
USGS-EB,45.4583,-121.648,884.0,56.0,,31.0,,,1.8,,,,,,Ux.Mx.-------
USGS-HWY,45.285,-121.71,1108.0,72.0,,41.0,,,1.8,,,,,,Ux.Mx.-------
USGS-MCG,45.4183,-121.768,902.0,134.0,,77.0,,,1.7,,,,,,Ux.Mx.-------
USGS-MHM,45.3317,-121.661,1634.0,91.0,,51.0,,,2.0,,,,,,Ux.Mx.-------
USGS-MHM,45.3317,-121.661,1634.0,138.0,,68.0,,,2.0,,,,,,Ux.Mx.-------
USGS-PUC,45.3217,-121.715,1631.0,111.0,,71.0,,,1.5,,,,,,Ux.Mx.-------
USGS-PUC,45.3217,-121.715,1631.0,120.0,,67.0,,,1.8,,,,,,Ux.Mx.-------
USGS-WR,45.305,-121.675,1330.0,24.0,,10.0,,,2.3,,,,,,Ux.Mx.-------
USGS-WR,45.305,-121.675,1330.0,114.0,,45.0,,,2.5,,,,,,Ux.Mx.-------
CARUTHER,36.1933,-89.6583,75.0,65.0,,31.0,,,2.0,,,,,,Ux.Mx.-------
FTPILLOW,35.6433,-89.825,135.0,50.0,,20.0,,,2.5,,,,,,Ux.Mx.-------
RIDGELY,36.2617,-89.4933,90.0,55.0,,23.0,,,2.3,,,,,,Ux.Mx.-------
WILSON,35.5583,-90.0367,70.5,60.0,,22.0,,,2.7,,,,,,Ux.Mx.-------
No. 2 (13-4),34.2017,-116.051,543.0,46.0,,27.0,,,1.7,,,,,,Ux.Mx.-------
No. 7,34.28,-116.248,791.0,56.0,,38.0,,,1.5,,,,,,Ux.Mx.-------
TNP1,34.21,-116.036,549.0,99.0,,13.0,,,7.7,,,,,,Ux.Mx.-------
TNP3,34.2217,-116.055,537.0,35.0,,27.0,,,1.3,,,,,,Ux.Mx.-------
TNP4,34.2483,-116.033,622.0,28.0,,26.0,,,1.1,,,,,,Ux.Mx.-------
TNP5,34.255,-116.145,663.0,99.0,,80.0,,,1.3,,,,,,Ux.Mx.-------
BALMAT,44.2667,-75.4,206.0,47.0,,10.0,,,4.7,,,,,,Ux.Mx.-------
FRANKLIN,41.1,-74.5883,174.0,36.0,,12.0,,,2.9,,,,,,Ux.Mx.-------
FRANKLIN,41.1,-74.5883,174.0,39.0,,13.0,,,2.9,,,,,,Ux.Mx.-------
FRANKLIN,41.1,-74.5883,174.0,38.0,,12.0,,,3.0,,,,,,Ux.Mx.-------
GILBOA,42.45,-74.45,400.0,41.0,,15.0,,,2.7,,,,,,Ux.Mx.-------
HIMROD,42.575,-76.9583,284.0,64.0,,32.0,,,2.0,,,,,,Ux.Mx.-------
READING,40.3667,-75.8333,183.0,29.0,,10.0,,,2.8,,,,,,Ux.Mx.-------
RIEGLSVL,40.5667,-75.2,145.0,37.0,,10.0,,,3.4,,,,,,Ux.Mx.-------
SABULA,41.2,-78.65,497.0,54.0,,26.0,,,2.0,,,,,,Ux.Mx.-------
WATKINS,42.4167,-76.9,140.0,71.0,,35.0,,,2.0,,,,,,Ux.Mx.-------
AE-WW,43.7967,-122.418,707.0,42.0,,36.0,,,1.2,,,,,,Ux.Mx.-------
SV01-ZAM,38.84,-121.843,8.0,26.0,,19.0,,,1.4,,,,,,Ux.Mx.-------
SV02-YC,39.4567,-121.991,27.0,32.0,,24.0,,,1.3,,,,,,Ux.Mx.-------
SV03-NIC,38.9167,-121.605,10.0,28.0,,20.0,,,1.4,,,,,,Ux.Mx.-------
BUCKEYE,33.2833,-112.626,280.0,143.0,,50.0,,,2.8,,,,,,Ux.Mx.-------
DRAGOON,32.0433,-110.068,1463.0,66.0,,21.0,,,3.0,,,,,,Ux.Mx.-------
ORACLE,32.6183,-110.808,1295.0,77.0,,22.0,,,3.4,,,,,,Ux.Mx.-------
RAINBOW,33.19,-112.65,271.0,100.0,,30.0,,,3.3,,,,,,Ux.Mx.-------
RAINBOW,33.1917,-112.65,271.0,101.0,,31.0,,,3.3,,,,,,Ux.Mx.-------
UCSD-5,32.675,-108.486,1853.0,90.0,,28.0,,,3.1,,,,,,Ux.Mx.-------
UCSD-6,32.4417,-106.095,1341.0,93.0,,40.0,,,2.3,,,,,,Ux.Mx.-------
