process_name,time,user_name
process_44,1498867241,user_252
process_6,1498867312,user_259
process_45,1498867537,user_237
process_39,1498867669,user_82
process_49,1498867907,user_55
process_28,1498868203,user_18
process_39,1498868257,user_281
process_34,1498868459,user_244
process_5,1498868522,user_158
process_23,1498868623,user_161
process_18,1498868781,user_76
process_39,1498868811,user_169
process_34,1498868974,user_291
process_33,1498868979,user_62
process_29,1498868995,user_285
process_33,1498869315,user_212
process_23,1498869559,user_262
process_5,1498869693,user_177
process_40,1498870149,user_282
process_17,1498870224,user_116
process_44,1498870624,user_203
process_11,1498870687,user_70
process_11,1498870857,user_194
process_12,1498870873,user_56
process_11,1498871147,user_56
process_24,1498871362,user_12
process_6,1498871376,user_234
process_6,1498871905,user_264
process_16,1498872067,user_230
process_6,1498872122,user_19
process_33,1498872209,user_118
process_33,1498872274,user_13
process_6,1498872392,user_0
process_12,1498872570,user_35
process_33,1498872656,user_219
process_27,1498873256,user_81
process_6,1498873279,user_110
process_0,1498873326,user_292
process_44,1498873748,user_24
process_10,1498874051,user_51
process_28,1498874054,user_249
process_22,1498874365,user_23
process_22,1498874379,user_58
process_38,1498874463,user_131
process_39,1498874535,user_59
process_33,1498874588,user_275
process_39,1498875160,user_25
process_23,1498875207,user_224
process_13,1498875328,user_51
process_6,1498875380,user_201
process_1,1498875452,user_63
process_21,1498875482,user_162
process_12,1498875597,user_94
process_5,1498875652,user_267
process_43,1498875765,user_146
process_18,1498875907,user_199
process_23,1498875950,user_286
process_0,1498875995,user_114
process_44,1498876109,user_237
process_28,1498876178,user_84
process_45,1498876457,user_79
process_29,1498876805,user_135
process_28,1498876847,user_61
process_32,1498876918,user_291
process_21,1498876935,user_23
process_44,1498877050,user_57
process_39,1498877273,user_217
process_0,1498877336,user_178
process_12,1498877547,user_90
process_17,1498877711,user_121
process_39,1498877977,user_220
process_0,1498878361,user_228
process_16,1498878431,user_120
process_11,1498878562,user_32
process_17,1498878763,user_102
process_0,1498878808,user_255
process_45,1498879025,user_146
process_11,1498879035,user_278
process_34,1498879124,user_163
process_17,1498879240,user_196
process_11,1498879377,user_90
process_5,1498879792,user_234
process_12,1498880154,user_67
process_5,1498880412,user_156
process_33,1498880570,user_78
process_17,1498881171,user_284
process_45,1498881419,user_263
process_27,1498881439,user_91
process_28,1498881513,user_8
process_0,1498881683,user_133
process_10,1498881702,user_60
process_33,1498881742,user_244
process_28,1498881773,user_206
process_16,1498881875,user_102
process_38,1498882482,user_281
process_39,1498883040,user_243
process_11,1498883109,user_279
process_39,1498883114,user_172
process_11,1498883328,user_186
process_39,1498883394,user_174
process_0,1498883527,user_37
process_11,1498883534,user_260
process_39,1498883544,user_87
process_49,1498883561,user_214
process_39,1498883778,user_232
process_11,1498884318,user_250
process_34,1498884427,user_219
process_33,1498884434,user_132
process_16,1498884524,user_268
process_28,1498885456,user_143
process_16,1498885489,user_297
process_5,1498886193,user_104
process_22,1498886456,user_286
process_38,1498886629,user_53
process_44,1498886714,user_28
process_29,1498886802,user_206
process_11,1498887365,user_35
process_23,1498887666,user_113
process_12,1498887798,user_70
process_45,1498888264,user_108
process_33,1498888294,user_273
process_11,1498888301,user_299
process_40,1498888668,user_106
process_1,1498888929,user_209
process_48,1498888943,user_187
process_32,1498888983,user_78
process_18,1498889007,user_38
process_10,1498889527,user_94
process_23,1498889549,user_96
process_22,1498889562,user_155
process_26,1498889707,user_81
process_32,1498889832,user_129
process_28,1498890081,user_144
process_22,1498890129,user_224
process_16,1498890278,user_284
process_17,1498890392,user_140
process_5,1498890554,user_179
process_40,1498890577,user_128
process_17,1498890580,user_230
process_16,1498890894,user_76
process_44,1498890930,user_108
process_33,1498891045,user_80
process_46,1498891498,user_108
process_0,1498891599,user_105
process_0,1498892298,user_209
process_39,1498892408,user_221
process_17,1498892628,user_76
process_49,1498892646,user_136
process_12,1498892685,user_260
process_37,1498892709,user_191
process_49,1498892722,user_287
process_16,1498893125,user_189
process_16,1498893580,user_231
process_11,1498893831,user_127
process_27,1498894050,user_111
process_1,1498894051,user_105
process_40,1498894136,user_246
process_39,1498894526,user_66
process_17,1498894569,user_38
process_39,1498894822,user_125
process_45,1498895058,user_195
process_33,1498895541,user_75
process_11,1498895561,user_29
process_11,1498895969,user_123
process_10,1498896363,user_34
process_27,1498896426,user_143
process_49,1498896663,user_185
process_40,1498896838,user_276
process_27,1498896924,user_18
process_23,1498897061,user_270
process_11,1498897519,user_200
process_40,1498897884,user_53
process_45,1498897984,user_28
process_22,1498898309,user_74
process_39,1498898411,user_160
process_28,1498898444,user_111
process_21,1498898484,user_17
process_28,1498898600,user_83
process_0,1498898674,user_40
process_39,1498898820,user_229
process_45,1498898869,user_124
process_49,1498898950,user_167
process_6,1498899306,user_93
process_22,1498899321,user_274
process_34,1498899326,user_88
process_34,1498899668,user_290
process_29,1498899954,user_143
process_10,1498900146,user_43
process_28,1498900550,user_245
process_22,1498900558,user_162
process_17,1498900598,user_189
process_11,1498900639,user_175
process_39,1498900821,user_31
process_28,1498901065,user_251
process_17,1498901483,user_199
process_29,1498901539,user_190
process_33,1498901597,user_30
process_28,1498901648,user_285
process_49,1498901732,user_187
process_5,1498902024,user_247
process_44,1498902153,user_195
process_18,1498903019,user_258
process_49,1498903352,user_142
process_11,1498903606,user_42
process_34,1498903689,user_117
process_44,1498903707,user_65
process_27,1498903731,user_107
process_6,1498903823,user_50
process_17,1498903891,user_231
process_38,1498904164,user_232
process_28,1498904227,user_52
process_44,1498904440,user_253
process_21,1498904459,user_240
process_45,1498904595,user_238
process_44,1498904655,user_154
process_17,1498905180,user_120
process_23,1498905236,user_33
process_34,1498905299,user_4
process_34,1498905416,user_275
process_11,1498905513,user_46
process_28,1498905545,user_126
process_49,1498905608,user_242
process_28,1498905706,user_107
process_12,1498905749,user_288
process_39,1498905785,user_77
process_1,1498905853,user_85
process_38,1498905875,user_221
process_49,1498906098,user_188
process_34,1498906909,user_216
process_45,1498907076,user_20
process_28,1498907120,user_205
process_5,1498907350,user_19
process_21,1498907389,user_99
process_22,1498907416,user_113
process_23,1498907535,user_100
process_0,1498907680,user_101
process_33,1498907705,user_64
process_0,1498907778,user_198
process_49,1498908302,user_49
process_39,1498908422,user_276
process_34,1498908437,user_129
process_33,1498908581,user_183
process_17,1498908623,user_258
process_34,1498908929,user_89
process_12,1498908969,user_32
process_11,1498909157,user_248
process_5,1498909167,user_201
process_49,1498909263,user_254
process_5,1498909495,user_259
process_39,1498909687,user_210
process_45,1498910305,user_24
process_27,1498910510,user_285
process_49,1498911093,user_48
process_17,1498911224,user_47
process_39,1498911478,user_106
process_10,1498912374,user_299
process_43,1498912441,user_195
process_49,1498912530,user_271
process_0,1498912569,user_151
process_49,1498912942,user_14
process_49,1498913142,user_168
process_49,1498913363,user_6
process_33,1498913419,user_176
process_45,1498913686,user_252
process_39,1498913938,user_272
process_49,1498914098,user_241
process_45,1498914209,user_119
process_28,1498914306,user_135
process_10,1498914594,user_200
process_44,1498914720,user_193
process_45,1498914741,user_253
process_49,1498914900,user_218
process_40,1498915008,user_174
process_39,1498915279,user_5
process_23,1498915507,user_12
process_23,1498915588,user_269
process_33,1498915889,user_88
process_49,1498916001,user_39
process_38,1498916029,user_82
process_12,1498916430,user_299
process_17,1498916604,user_134
process_10,1498916712,user_293
process_49,1498916898,user_130
process_32,1498917022,user_211
process_34,1498917150,user_13
process_40,1498917201,user_217
process_27,1498917495,user_73
process_34,1498917581,user_80
process_33,1498917618,user_216
process_34,1498917702,user_64
process_44,1498917786,user_180
process_43,1498918228,user_28
process_28,1498918381,user_81
process_49,1498918555,user_21
process_33,1498918759,user_170
process_45,1498919179,user_289
process_12,1498919305,user_250
process_0,1498919616,user_295
process_17,1498919762,user_227
process_44,1498919855,user_263
process_49,1498919885,user_165
process_23,1498920051,user_58
process_39,1498920416,user_191
process_6,1498920448,user_150
process_0,1498920594,user_85
process_39,1498921052,user_197
process_6,1498922019,user_267
process_22,1498922195,user_96
process_39,1498922295,user_145
process_6,1498922351,user_104
process_15,1498922516,user_192
process_28,1498922583,user_265
process_11,1498922967,user_60
process_33,1498923000,user_117
process_38,1498923153,user_87
process_22,1498923425,user_17
process_33,1498923447,user_163
process_40,1498923658,user_160
process_27,1498923704,user_164
process_0,1498923845,user_3
process_6,1498923905,user_156
process_39,1498923939,user_141
process_33,1498924140,user_4
process_38,1498924544,user_31
process_38,1498924689,user_246
process_6,1498924701,user_247
process_11,1498925147,user_36
process_6,1498925287,user_177
process_12,1498925310,user_29
process_44,1498925388,user_20
process_11,1498925514,user_283
process_22,1498925553,user_270
process_23,1498925993,user_23
process_29,1498926035,user_81
process_33,1498926148,user_129
process_22,1498926614,user_262
process_35,1498926616,user_4
process_34,1498926661,user_75
process_28,1498927088,user_148
process_22,1498927183,user_269
process_16,1498927395,user_192
process_45,1498927442,user_65
process_17,1498927507,user_297
process_23,1498927746,user_74
process_39,1498927784,user_53
process_22,1498928294,user_33
process_5,1498928547,user_50
process_5,1498928810,user_139
process_17,1498928964,user_192
process_22,1498928980,user_161
process_49,1498929170,user_16
process_33,1498929268,user_291
process_22,1498929695,user_12
process_38,1498929850,user_282
process_16,1498930030,user_140
process_49,1498930100,user_11
process_11,1498930149,user_296
process_39,1498930509,user_282
process_44,1498930556,user_146
process_40,1498930632,user_115
process_22,1498930766,user_99
process_49,1498930828,user_138
process_27,1498931030,user_126
process_33,1498931396,user_290
process_7,1498931960,user_156
process_41,1498931966,user_106
process_0,1498932117,user_159
process_33,1498932368,user_277
process_33,1498932394,user_26
process_39,1498932531,user_131
process_38,1498932636,user_174
process_0,1498932797,user_184
process_44,1498932853,user_238
process_22,1498933388,user_222
process_28,1498933487,user_164
process_39,1498933515,user_128
process_0,1498934042,user_1
process_33,1498934447,user_211
process_12,1498934979,user_279
process_22,1498935224,user_207
process_22,1498935283,user_7
process_15,1498935634,user_38
process_34,1498936084,user_30
process_0,1498936086,user_215
process_34,1498936512,user_26
process_44,1498936754,user_79
process_22,1498936776,user_240
process_12,1498936861,user_293
process_11,1498936870,user_293
process_29,1498937117,user_249
process_49,1498937330,user_280
process_46,1498937367,user_195
process_23,1498937602,user_99
process_34,1498937613,user_273
process_11,1498937858,user_288
process_0,1498937863,user_149
process_21,1498938097,user_100
process_4,1498938143,user_179
process_49,1498938237,user_256
process_5,1498938398,user_264
process_16,1498938537,user_72
process_22,1498938562,user_54
process_44,1498938565,user_289
process_28,1498938782,user_173
process_27,1498938809,user_239
process_28,1498938889,user_239
process_33,1498939110,user_89
process_40,1498939460,user_131
process_39,1498939488,user_41
process_28,1498940218,user_190
process_16,1498940277,user_121
process_38,1498940459,user_172
process_12,1498940543,user_42
process_11,1498941394,user_94
process_11,1498941442,user_43
process_49,1498941562,user_147
process_5,1498941971,user_110
process_33,1498942011,user_45
process_45,1498942070,user_57
process_39,1498942479,user_153
process_22,1498942520,user_171
process_6,1498942550,user_261
process_11,1498942573,user_34
process_49,1498942788,user_233
process_5,1498942910,user_93
process_34,1498942917,user_211
process_27,1498942935,user_265
process_34,1498943200,user_118
process_10,1498943355,user_283
process_6,1498944118,user_139
process_10,1498944250,user_46
process_34,1498944428,user_183
process_27,1498944506,user_84
process_6,1498944816,user_68
process_5,1498944908,user_0
process_23,1498944953,user_17
process_16,1498945203,user_10
process_0,1498945358,user_103
process_4,1498945386,user_259
process_6,1498945466,user_158
process_38,1498945590,user_5
process_1,1498945876,user_37
process_38,1498946255,user_77
process_21,1498946331,user_262
process_11,1498946450,user_92
process_38,1498947116,user_122
process_23,1498947282,user_2
process_39,1498947311,user_226
process_38,1498947709,user_217
process_29,1498947817,user_173
process_44,1498948028,user_119
process_1,1498948047,user_133
process_21,1498948056,user_155
process_39,1498948071,user_137
process_12,1498948128,user_123
process_0,1498948154,user_213
process_6,1498948227,user_179
process_11,1498948433,user_51
process_28,1498948742,user_73
process_12,1498948754,user_127
process_16,1498948824,user_116
process_0,1498948926,user_202
process_22,1498949013,user_69
process_46,1498949081,user_180
process_11,1498949291,user_67
process_45,1498949328,user_203
process_39,1498950140,user_115
process_37,1498950144,user_197
process_17,1498950183,user_208
process_18,1498950512,user_208
process_28,1498950799,user_71
process_22,1498950952,user_86
process_34,1498951762,user_45
process_5,1498951764,user_68
process_49,1498951805,user_98
process_45,1498951816,user_193
process_16,1498951876,user_196
process_39,1498951930,user_246
process_34,1498952050,user_170
process_6,1498952155,user_182
process_11,1498952190,user_95
process_17,1498952342,user_10
process_49,1498952867,user_157
process_39,1498952917,user_22
process_40,1498953038,user_9
process_28,1498953131,user_91
process_39,1498953258,user_9
process_49,1498953416,user_204
process_12,1498953514,user_186
process_49,1498953723,user_97
process_34,1498954180,user_244
process_49,1498955179,user_254
process_11,1498955306,user_162
process_6,1498955531,user_99
process_39,1498955747,user_197
process_23,1498955899,user_296
process_37,1498956031,user_22
process_10,1498956337,user_144
process_12,1498956523,user_35
process_38,1498956647,user_22
process_6,1498956747,user_226
process_29,1498956817,user_18
process_11,1498957501,user_293
process_10,1498957523,user_288
process_27,1498957788,user_285
process_45,1498957812,user_187
process_17,1498958263,user_208
process_27,1498958518,user_56
process_16,1498958627,user_103
process_22,1498958695,user_220
process_28,1498958827,user_148
process_45,1498958911,user_278
process_16,1498959295,user_228
process_0,1498959378,user_202
process_0,1498959678,user_85
process_33,1498959850,user_41
process_11,1498959957,user_35
process_17,1498960177,user_222
process_40,1498960461,user_39
process_1,1498960849,user_27
process_45,1498960864,user_65
process_39,1498960934,user_131
process_38,1498961188,user_197
process_0,1498961475,user_27
process_28,1498961508,user_224
process_7,1498961686,user_19
process_43,1498962095,user_258
process_5,1498962187,user_216
process_22,1498962938,user_297
process_23,1498963038,user_113
process_27,1498963059,user_54
process_23,1498963112,user_23
process_33,1498963139,user_236
process_17,1498963167,user_94
process_0,1498963252,user_213
process_6,1498963720,user_153
process_5,1498963921,user_68
process_32,1498963936,user_13
process_34,1498964003,user_176
process_39,1498964070,user_217
process_21,1498964275,user_31
process_1,1498964336,user_114
process_22,1498964506,user_113
process_28,1498964660,user_249
process_11,1498964949,user_130
process_40,1498964960,user_221
process_5,1498965016,user_179
process_6,1498965167,user_170
process_22,1498965434,user_147
process_1,1498965706,user_12
process_22,1498965793,user_139
process_44,1498965858,user_45
process_33,1498966455,user_26
process_40,1498966630,user_78
process_22,1498966674,user_198
process_5,1498966732,user_11
process_0,1498966963,user_72
process_28,1498967034,user_86
process_33,1498967361,user_101
process_45,1498967442,user_242
process_5,1498967562,user_281
process_45,1498968981,user_272
process_16,1498969278,user_268
process_11,1498969356,user_123
process_11,1498969809,user_63
process_44,1498969813,user_278
process_34,1498969872,user_277
process_17,1498970182,user_201
process_40,1498970306,user_104
process_38,1498970314,user_84
process_4,1498971653,user_214
process_11,1498971679,user_57
process_49,1498971692,user_165
process_45,1498971762,user_45
process_17,1498972154,user_38
process_33,1498972378,user_277
process_39,1498972446,user_84
process_12,1498972517,user_67
process_39,1498972721,user_39
process_39,1498973198,user_78
process_49,1498973365,user_82
process_11,1498973944,user_67
process_16,1498973988,user_199
process_16,1498974412,user_194
process_6,1498974660,user_11
process_27,1498974715,user_61
process_28,1498974740,user_73
process_6,1498974759,user_110
process_5,1498975154,user_99
process_17,1498975579,user_10
process_38,1498975922,user_229
process_0,1498976303,user_98
process_12,1498976481,user_49
process_28,1498976522,user_18
process_21,1498976767,user_109
process_1,1498976916,user_44
process_6,1498976916,user_4
process_10,1498977542,user_162
process_22,1498977561,user_126
process_6,1498977631,user_261
process_38,1498977724,user_141
process_23,1498977805,user_189
process_5,1498977871,user_253
process_45,1498978055,user_77
process_11,1498978178,user_124
process_11,1498978360,user_60
process_38,1498978554,user_232
process_28,1498978598,user_285
process_49,1498978605,user_248
process_38,1498978973,user_78
process_5,1498979154,user_167
process_23,1498979605,user_297
process_16,1498979989,user_48
process_34,1498980037,user_275
process_39,1498980254,user_193
process_44,1498980396,user_16
process_34,1498980733,user_88
process_49,1498980858,user_185
process_5,1498980907,user_50
process_6,1498980970,user_52
process_11,1498980983,user_283
process_22,1498981035,user_171
process_40,1498981066,user_174
process_27,1498981162,user_111
process_28,1498981454,user_203
process_23,1498981569,user_274
process_6,1498981605,user_128
process_6,1498981662,user_179
process_32,1498981850,user_26
process_6,1498981984,user_167
process_44,1498982408,user_237
process_49,1498982821,user_280
process_45,1498983008,user_191
process_39,1498983028,user_186
process_44,1498983243,user_8
process_6,1498983800,user_182
process_5,1498983979,user_263
process_0,1498984394,user_178
process_12,1498984488,user_266
process_4,1498984570,user_52
process_34,1498984817,user_26
process_4,1498985027,user_246
process_15,1498985290,user_90
process_44,1498985395,user_195
process_11,1498985420,user_95
process_45,1498985644,user_69
process_23,1498985865,user_106
process_11,1498986637,user_49
process_33,1498986881,user_264
process_34,1498987087,user_101
process_11,1498987251,user_269
process_46,1498987574,user_242
process_13,1498987685,user_269
process_43,1498987750,user_284
process_49,1498987906,user_294
process_11,1498987950,user_7
process_28,1498988019,user_164
process_17,1498988342,user_211
process_27,1498989327,user_289
process_17,1498989594,user_47
process_11,1498989845,user_257
process_28,1498990021,user_34
process_45,1498990133,user_237
process_5,1498990139,user_226
process_49,1498990258,user_21
process_6,1498990904,user_216
process_0,1498990929,user_122
process_45,1498991358,user_276
process_49,1498991562,user_168
process_26,1498991669,user_111
process_39,1498992033,user_209
process_28,1498992044,user_223
process_1,1498992210,user_190
process_49,1498992677,user_219
process_27,1498992758,user_86
process_40,1498992760,user_247
process_6,1498992819,user_19
process_6,1498993073,user_263
process_23,1498993139,user_279
process_39,1498993184,user_104
process_5,1498993220,user_239
process_18,1498993243,user_160
process_33,1498993425,user_89
process_17,1498993439,user_53
process_6,1498993464,user_161
process_22,1498993511,user_296
process_33,1498993571,user_32
process_17,1498993813,user_199
process_33,1498994003,user_250
process_5,1498994065,user_246
process_5,1498994198,user_40
process_39,1498994424,user_235
process_6,1498994656,user_234
process_49,1498994686,user_233
process_5,1498994803,user_251
process_33,1498994947,user_132
process_21,1498995015,user_112
process_45,1498995018,user_225
process_11,1498995257,user_173
process_4,1498995306,user_68
process_49,1498995575,user_287
process_22,1498995676,user_188
process_23,1498995852,user_37
process_49,1498995862,user_17
process_28,1498996120,user_92
process_39,1498996172,user_238
process_27,1498997000,user_183
process_18,1498997203,user_125
process_27,1498997330,user_9
process_10,1498997841,user_283
process_27,1498998164,user_249
process_11,1498998303,user_143
process_45,1498998371,user_100
process_22,1498998653,user_270
process_17,1498998873,user_43
process_5,1498999072,user_214
process_28,1498999126,user_54
process_0,1498999333,user_91
process_11,1498999411,user_70
process_5,1498999518,user_128
process_10,1498999696,user_60
process_28,1499000389,user_245
process_39,1499000413,user_22
process_27,1499000453,user_18
process_6,1499000612,user_74
process_28,1499001145,user_159
process_0,1499001300,user_146
process_17,1499001526,user_125
process_5,1499001583,user_234
process_6,1499001677,user_239
process_44,1499001799,user_65
process_22,1499002051,user_286
process_29,1499002088,user_245
process_49,1499002236,user_5
process_11,1499002322,user_218
process_16,1499002801,user_62
process_29,1499002898,user_265
process_39,1499003033,user_30
process_49,1499003102,user_46
process_11,1499003152,user_36
process_21,1499003657,user_0
process_28,1499003749,user_111
process_44,1499003902,user_77
process_44,1499004080,user_258
process_39,1499004302,user_232
process_11,1499004778,user_51
process_5,1499004878,user_161
process_44,1499004888,user_206
process_0,1499004955,user_14
process_6,1499005048,user_281
process_12,1499005136,user_29
process_12,1499005191,user_298
process_34,1499005205,user_132
process_0,1499005220,user_3
process_11,1499005338,user_298
process_11,1499005354,user_66
process_17,1499005511,user_215
process_32,1499005970,user_116
process_11,1499006204,user_152
process_15,1499006262,user_134
process_22,1499006365,user_37
process_22,1499006399,user_33
process_11,1499006408,user_117
process_11,1499006434,user_144
process_18,1499006557,user_71
process_45,1499006728,user_119
process_29,1499006881,user_166
process_18,1499007105,user_103
process_45,1499007255,user_150
process_28,1499007456,user_183
process_6,1499007952,user_64
process_33,1499008120,user_149
process_39,1499008190,user_174
process_44,1499008206,user_28
process_28,1499008208,user_135
process_5,1499008361,user_210
process_11,1499008462,user_266
process_6,1499008717,user_102
process_45,1499008832,user_195
process_29,1499009268,user_289
process_40,1499009358,user_154
process_39,1499009504,user_175
process_12,1499009597,user_204
process_6,1499010286,user_96
process_38,1499010327,user_247
process_28,1499010333,user_56
process_23,1499010657,user_171
process_0,1499010671,user_6
process_16,1499010742,user_140
process_12,1499010770,user_55
process_33,1499011421,user_155
process_11,1499011509,user_58
process_17,1499011695,user_252
process_0,1499012134,user_181
process_29,1499012164,user_180
process_28,1499012468,user_81
process_44,1499012648,user_291
process_11,1499013053,user_55
process_7,1499013139,user_216
process_7,1499013165,user_11
process_6,1499013445,user_93
process_4,1499013482,user_110
process_1,1499013647,user_72
process_39,1499013870,user_87
process_11,1499013885,user_299
process_34,1499014053,user_236
process_39,1499014087,user_151
process_5,1499014527,user_170
process_33,1499014637,user_116
process_22,1499015237,user_274
process_7,1499015481,user_161
process_11,1499015692,user_288
process_0,1499015909,user_114
process_17,1499016041,user_90
process_22,1499016073,user_189
process_38,1499016129,user_193
process_33,1499016212,user_176
process_5,1499016440,user_227
process_43,1499016511,user_150
process_39,1499017269,user_282
process_22,1499017677,user_105
process_27,1499017786,user_265
process_28,1499017939,user_265
process_5,1499018071,user_102
process_5,1499018204,user_153
process_44,1499018338,user_24
process_44,1499018405,user_120
process_22,1499018517,user_262
process_44,1499018537,user_187
process_11,1499018711,user_25
process_17,1499018722,user_194
process_39,1499018777,user_141
process_16,1499018964,user_230
process_28,1499019405,user_2
process_6,1499020415,user_227
process_12,1499020849,user_36
process_17,1499020941,user_48
process_45,1499021006,user_42
process_7,1499021228,user_4
process_17,1499021333,user_160
process_0,1499021545,user_44
process_7,1499021549,user_246
process_12,1499021953,user_25
process_7,1499022180,user_102
process_22,1499022189,user_109
process_40,1499022308,user_87
process_45,1499022549,user_120
process_27,1499022685,user_223
process_17,1499022726,user_103
process_6,1499022845,user_271
process_5,1499023094,user_64
process_45,1499023140,user_206
process_45,1499023208,user_284
process_29,1499023395,user_54
process_39,1499023748,user_169
process_46,1499024389,user_276
process_23,1499024671,user_80
process_0,1499025070,user_190
process_0,1499025322,user_256
process_45,1499025523,user_24
process_6,1499025718,user_205
process_34,1499025894,user_89
process_49,1499026135,user_290
process_33,1499026225,user_13
process_39,1499026547,user_229
process_6,1499026694,user_40
process_44,1499026773,user_225
process_39,1499026837,user_115
process_17,1499026919,user_134
process_22,1499026949,user_0
process_39,1499027007,user_247
process_44,1499027080,user_79
process_26,1499027269,user_83
process_39,1499027364,user_221
process_4,1499027519,user_281
process_40,1499027878,user_235
process_44,1499027959,user_191
process_1,1499028001,user_14
process_44,1499028291,user_272
process_45,1499028414,user_28
process_22,1499028443,user_31
process_5,1499028465,user_4
process_34,1499028547,user_155
process_1,1499028968,user_1
process_40,1499029202,user_59
process_28,1499029278,user_207
process_22,1499029415,user_80
process_43,1499029437,user_69
process_23,1499030263,user_112
process_17,1499030339,user_268
process_6,1499030347,user_251
process_22,1499030838,user_267
process_12,1499031022,user_127
process_16,1499031042,user_222
process_5,1499031283,user_261
process_27,1499031436,user_92
process_45,1499031599,user_79
process_10,1499031600,user_127
process_38,1499031822,user_209
process_15,1499032063,user_208
process_40,1499032134,user_229
process_6,1499032304,user_253
process_34,1499032482,user_116
process_44,1499032809,user_276
process_16,1499032839,user_43
process_6,1499032874,user_231
process_44,1499032936,user_255
process_28,1499032960,user_166
process_0,1499033497,user_137
process_12,1499033689,user_7
process_39,1499033702,user_154
process_37,1499034264,user_247
process_22,1499034523,user_23
process_33,1499034695,user_244
process_23,1499034769,user_262
process_34,1499035179,user_273
process_21,1499035309,user_147
process_22,1499035319,user_112
process_11,1499035326,user_127
process_0,1499035331,user_12
process_28,1499035366,user_9
process_5,1499035496,user_74
process_28,1499035512,user_61
process_40,1499035513,user_30
process_26,1499035528,user_289
process_11,1499035531,user_121
process_27,1499035616,user_2
process_43,1499036112,user_291
process_6,1499036172,user_210
process_45,1499036251,user_16
process_6,1499036369,user_214
process_44,1499036573,user_69
process_6,1499036699,user_246
process_27,1499036850,user_207
process_29,1499036869,user_183
process_5,1499037062,user_182
process_33,1499037155,user_273
process_10,1499037267,user_70
process_33,1499037308,user_88
process_38,1499037490,user_87
process_12,1499037669,user_295
process_44,1499037731,user_42
process_17,1499037744,user_140
process_44,1499038152,user_242
process_49,1499038158,user_138
process_44,1499038301,user_284
process_5,1499038564,user_96
process_32,1499038645,user_244
process_49,1499038973,user_212
process_28,1499039073,user_180
process_7,1499039158,user_179
process_11,1499039328,user_295
process_17,1499039540,user_230
process_5,1499039551,user_52
process_28,1499039912,user_158
process_11,1499040688,user_56
process_22,1499041046,user_1
process_11,1499041062,user_86
process_49,1499041200,user_6
process_44,1499041287,user_278
process_26,1499041439,user_158
process_45,1499041556,user_144
process_39,1499041867,user_161
process_12,1499041885,user_288
process_45,1499042103,user_225
process_30,1499042155,user_291
process_34,1499042263,user_293
process_33,1499042283,user_153
process_5,1499042294,user_214
process_1,1499042959,user_198
process_39,1499043251,user_246
process_0,1499043580,user_13
process_28,1499043712,user_291
process_2,1499043781,user_234
process_10,1499043817,user_250
process_0,1499043834,user_255
process_33,1499044085,user_232
process_15,1499044150,user_230
process_5,1499044231,user_37
process_39,1499044243,user_191
process_21,1499044350,user_67
process_12,1499044624,user_86
process_5,1499044717,user_274
process_12,1499044741,user_121
process_21,1499045158,user_270
process_32,1499045318,user_134
process_16,1499045434,user_297
process_40,1499045683,user_145
process_16,1499046017,user_299
process_6,1499046276,user_96
process_17,1499046492,user_154
process_29,1499046648,user_28
process_1,1499047016,user_63
process_38,1499047159,user_246
process_32,1499047276,user_163
process_4,1499047309,user_239
process_49,1499047360,user_11
process_49,1499047394,user_55
process_6,1499047441,user_101
process_43,1499048108,user_203
process_46,1499048159,user_57
process_0,1499048386,user_88
process_32,1499048722,user_61
process_11,1499048824,user_290
process_33,1499049341,user_160
process_38,1499049449,user_30
process_22,1499049901,user_97
process_28,1499049954,user_54
process_44,1499050166,user_245
process_29,1499050187,user_291
process_17,1499050314,user_213
process_0,1499050505,user_85
process_20,1499050902,user_240
process_0,1499050945,user_137
process_6,1499051244,user_93
process_28,1499051274,user_2
process_6,1499051322,user_104
process_6,1499051706,user_173
process_32,1499051712,user_80
process_16,1499051982,user_165
process_1,1499052250,user_265
process_16,1499052639,user_284
process_5,1499052699,user_179
process_39,1499052745,user_115
process_22,1499052752,user_112
process_16,1499052762,user_125
process_40,1499052934,user_95
process_45,1499053781,user_272
process_0,1499054085,user_98
process_16,1499054112,user_90
process_32,1499054142,user_233
process_39,1499054301,user_145
process_44,1499054585,user_272
process_17,1499054992,user_268
process_22,1499055003,user_102
process_0,1499055025,user_63
process_40,1499055176,user_120
process_44,1499055414,user_24
process_11,1499055538,user_142
process_34,1499055660,user_89
process_35,1499056317,user_185
process_44,1499056334,user_256
process_17,1499056464,user_38
process_49,1499056762,user_157
process_44,1499056779,user_167
process_0,1499056887,user_294
process_0,1499057116,user_248
process_39,1499057121,user_175
process_6,1499057154,user_216
process_44,1499057312,user_118
process_34,1499057783,user_269
process_44,1499057905,user_78
process_43,1499058602,user_77
process_34,1499058893,user_34
process_0,1499059192,user_3
process_5,1499059214,user_207
process_16,1499059238,user_196
process_28,1499059463,user_235
process_21,1499059726,user_242
process_11,1499059846,user_127
process_11,1499059888,user_236
process_37,1499059917,user_197
process_33,1499060122,user_219
process_45,1499060411,user_168
process_33,1499060575,user_10
process_23,1499060609,user_0
process_22,1499060742,user_67
process_44,1499061289,user_237
process_22,1499061440,user_0
process_38,1499061558,user_247
process_22,1499061642,user_262
process_17,1499061827,user_199
process_44,1499061829,user_116
process_40,1499061906,user_115
process_49,1499061972,user_252
process_44,1499062061,user_81
process_49,1499062175,user_39
process_12,1499062335,user_29
process_23,1499062600,user_17
process_38,1499062616,user_191
process_6,1499062659,user_130
process_34,1499062660,user_129
process_28,1499062737,user_18
process_6,1499062763,user_52
process_0,1499062775,user_209
process_28,1499062811,user_28
process_33,1499062839,user_80
process_23,1499062881,user_296
process_0,1499062940,user_76
process_7,1499063144,user_130
process_6,1499063166,user_239
process_44,1499063308,user_287
process_29,1499063603,user_253
process_17,1499063657,user_238
process_27,1499063724,user_285
process_45,1499064248,user_237
process_44,1499064275,user_79
process_11,1499064982,user_48
process_17,1499065968,user_165
process_12,1499066016,user_46
process_22,1499066362,user_109
process_34,1499066456,user_153
process_11,1499066548,user_259
process_12,1499066650,user_250
process_11,1499066952,user_35
process_17,1499067191,user_261
process_5,1499067343,user_93
process_18,1499067581,user_154
process_39,1499067656,user_181
process_38,1499067737,user_22
process_17,1499067821,user_125
process_28,1499067889,user_83
process_28,1499068029,user_229
process_28,1499068337,user_180
process_11,1499068997,user_243
process_33,1499069230,user_269
process_16,1499069309,user_74
process_38,1499069634,user_223
process_22,1499069943,user_286
process_28,1499070394,user_84
process_16,1499070511,user_154
process_17,1499070548,user_258
process_44,1499070851,user_77
process_33,1499070956,user_189
process_27,1499071213,user_20
process_45,1499071257,user_167
process_17,1499071325,user_72
process_7,1499071390,user_40
process_16,1499071769,user_215
process_39,1499071886,user_113
process_12,1499072114,user_42
process_27,1499072143,user_148
process_11,1499072146,user_250
process_6,1499072169,user_179
process_10,1499072190,user_243
process_5,1499072582,user_184
process_0,1499072584,user_14
process_28,1499072793,user_159
process_40,1499072815,user_223
process_17,1499072822,user_140
process_49,1499072872,user_260
process_22,1499072917,user_33
process_1,1499072919,user_85
process_5,1499072924,user_40
process_23,1499072975,user_65
process_43,1499073125,user_244
process_6,1499073411,user_226
process_23,1499073601,user_33
process_12,1499073956,user_43
process_33,1499074252,user_152
process_32,1499074347,user_129
process_18,1499074424,user_228
process_10,1499074562,user_127
process_23,1499074611,user_170
process_28,1499074792,user_71
process_5,1499074826,user_19
process_12,1499074959,user_56
process_49,1499074986,user_147
process_49,1499075054,user_64
process_43,1499075112,user_168
process_10,1499075176,user_143
process_0,1499075225,user_198
process_39,1499075460,user_223
process_11,1499075557,user_41
process_45,1499075641,user_78
process_22,1499076094,user_31
process_16,1499076346,user_268
process_6,1499076715,user_19
process_39,1499076819,user_95
process_5,1499076973,user_96
process_28,1499077429,user_249
process_34,1499077554,user_134
process_44,1499077776,user_244
process_34,1499077843,user_233
process_32,1499077939,user_152
process_0,1499078053,user_178
process_32,1499078076,user_273
process_45,1499078092,user_116
process_35,1499078158,user_176
process_18,1499078280,user_125
process_45,1499078576,user_212
process_49,1499078653,user_132
process_33,1499078694,user_134
process_11,1499078893,user_124
process_22,1499079169,user_17
process_5,1499079172,user_53
process_0,1499079700,user_202
process_16,1499079963,user_128
process_39,1499080109,user_25
process_5,1499080125,user_221
process_38,1499080332,user_162
process_6,1499080477,user_136
process_17,1499080525,user_90
process_33,1499080692,user_34
process_44,1499080963,user_119
process_27,1499081008,user_295
process_33,1499081258,user_26
process_33,1499081280,user_75
process_5,1499081381,user_173
process_45,1499081581,user_45
process_39,1499081674,user_247
process_11,1499081833,user_123
process_11,1499081962,user_279
process_41,1499081990,user_87
process_11,1499082082,user_218
process_34,1499082499,user_185
process_4,1499082573,user_226
process_49,1499082621,user_49
process_33,1499082770,user_89
process_39,1499082955,user_193
process_17,1499082998,user_230
process_21,1499083010,user_17
process_39,1499083049,user_186
process_34,1499083091,user_220
process_6,1499083151,user_68
process_34,1499083461,user_92
process_0,1499083610,user_106
process_39,1499083614,user_172
process_6,1499083725,user_99
process_23,1499083759,user_23
process_18,1499084124,user_196
process_49,1499084128,user_280
process_45,1499084167,user_203
process_4,1499084231,user_130
process_11,1499084401,user_146
process_5,1499084623,user_136
process_38,1499084650,user_174
process_5,1499084668,user_231
process_11,1499085037,user_46
process_12,1499085093,user_257
process_16,1499085181,user_238
process_11,1499085457,user_143
process_49,1499085497,user_241
process_11,1499085659,user_121
process_7,1499085670,user_150
process_27,1499085927,user_291
process_17,1499086010,user_47
process_21,1499086112,user_171
process_7,1499086163,user_184
process_22,1499086170,user_58
process_22,1499086268,user_65
process_6,1499086395,user_274
process_6,1499086555,user_207
process_27,1499086720,user_70
process_0,1499087250,user_66
process_17,1499087437,user_284
process_12,1499087491,user_236
process_33,1499087517,user_211
process_5,1499087554,user_239
process_27,1499087613,user_91
process_28,1499088008,user_285
process_23,1499088835,user_1
process_24,1499089100,user_0
process_21,1499089137,user_65
process_49,1499089191,user_271
process_11,1499089615,user_200
process_22,1499089661,user_296
process_17,1499089939,user_192
process_44,1499090056,user_183
process_0,1499090080,user_12
process_22,1499090149,user_270
process_11,1499091628,user_51
process_38,1499091787,user_87
process_40,1499091866,user_193
process_1,1499092923,user_137
process_23,1499093164,user_112
process_5,1499093247,user_130
process_39,1499093299,user_282
process_45,1499093360,user_7
process_22,1499093596,user_100
process_33,1499093627,user_61
process_39,1499093634,user_174
process_23,1499093705,user_270
process_22,1499093965,user_5
process_0,1499094054,user_227
process_27,1499094127,user_83
process_33,1499094200,user_293
process_44,1499094247,user_7
process_21,1499094395,user_262
process_33,1499094532,user_220
process_39,1499094714,user_201
process_0,1499094755,user_277
process_0,1499095304,user_103
process_17,1499095329,user_196
process_12,1499095336,user_194
process_45,1499095361,user_208
process_34,1499095504,user_176
process_23,1499096134,user_286
process_45,1499096171,user_24
process_22,1499096197,user_8
process_27,1499096266,user_158
process_28,1499096345,user_20
process_6,1499096390,user_37
process_33,1499096485,user_129
process_28,1499096647,user_182
process_22,1499097021,user_149
process_11,1499097173,user_43
process_33,1499097381,user_92
process_33,1499097582,user_205
process_5,1499097607,user_150
process_29,1499097719,user_71
process_39,1499098292,user_30
process_43,1499099360,user_69
process_49,1499099380,user_177
process_5,1499099888,user_226
process_34,1499099926,user_152
process_6,1499099934,user_184
process_34,1499099963,user_204
process_11,1499100144,user_281
process_39,1499100487,user_276
process_49,1499100506,user_94
process_23,1499100586,user_242
process_46,1499100848,user_108
process_45,1499100867,user_287
process_45,1499100894,user_108
process_22,1499100985,user_289
process_18,1499101057,user_297
process_12,1499101112,user_139
process_12,1499101163,user_218
process_39,1499101172,user_87
process_44,1499101390,user_212
process_11,1499101769,user_107
process_6,1499102115,user_53
process_18,1499102295,user_299
process_0,1499103067,user_265
process_28,1499103357,user_264
process_11,1499103423,user_139
process_45,1499103442,user_278
process_23,1499103554,user_149
process_44,1499103654,user_195
process_22,1499103943,user_23
process_6,1499104053,user_40
process_33,1499104127,user_204
process_10,1499104172,user_35
process_33,1499104360,user_273
process_27,1499104462,user_54
process_28,1499104491,user_148
process_44,1499104709,user_57
process_46,1499104734,user_118
process_49,1499104857,user_298
process_22,1499104866,user_267
process_39,1499105056,user_162
process_17,1499105061,user_138
process_22,1499105223,user_242
process_1,1499105505,user_12
process_18,1499105911,user_38
process_16,1499106218,user_199
process_16,1499106600,user_213
process_11,1499106814,user_254
process_28,1499106923,user_111
process_49,1499106988,user_187
process_0,1499107094,user_110
process_34,1499107230,user_4
process_0,1499107440,user_234
process_44,1499107467,user_168
process_34,1499107860,user_26
process_33,1499107910,user_163
process_0,1499108261,user_44
process_12,1499108771,user_254
process_39,1499109399,user_22
process_46,1499109631,user_203
process_32,1499109737,user_89
process_45,1499109753,user_69
process_17,1499109819,user_297
process_49,1499110646,user_21
process_45,1499111052,user_77
process_22,1499111113,user_240
process_46,1499111261,user_167
process_49,1499111903,user_133
process_32,1499111997,user_189
process_27,1499112003,user_73
process_11,1499112079,user_29
process_34,1499112158,user_163
process_43,1499112449,user_78
process_17,1499112707,user_215
process_17,1499112767,user_299
process_5,1499112980,user_50
process_16,1499113186,user_38
process_5,1499113356,user_104
process_1,1499113617,user_255
process_44,1499114561,user_45
process_27,1499114924,user_180
process_49,1499115002,user_60
process_33,1499115023,user_4
process_28,1499115146,user_135
process_44,1499115440,user_225
process_49,1499115469,user_156
process_10,1499115503,user_257
process_43,1499115999,user_287
process_23,1499116071,user_240
process_44,1499116153,user_144
process_39,1499116400,user_197
process_5,1499116489,user_101
process_6,1499116690,user_231
process_10,1499116693,user_218
process_10,1499116811,user_142
process_6,1499117029,user_150
process_6,1499117041,user_50
process_45,1499117190,user_119
process_17,1499117419,user_128
process_44,1499117520,user_203
process_28,1499117600,user_126
process_12,1499117708,user_35
process_5,1499117710,user_68
process_38,1499117918,user_186
process_16,1499118111,user_47
process_28,1499118219,user_73
process_49,1499118287,user_275
process_38,1499118435,user_161
process_29,1499119089,user_235
process_28,1499119380,user_295
process_46,1499119387,user_79
process_44,1499119511,user_208
process_24,1499119683,user_109
process_45,1499119727,user_81
process_40,1499119802,user_25
process_38,1499119908,user_197
process_1,1499120223,user_248
process_11,1499121074,user_42
process_17,1499121083,user_74
process_22,1499121212,user_171
process_33,1499121430,user_233
process_44,1499121826,user_69
process_23,1499122063,user_5
process_10,1499122120,user_279
process_33,1499122588,user_176
process_27,1499122735,user_28
process_39,1499122911,user_120
process_21,1499122987,user_102
process_39,1499123276,user_217
process_28,1499123460,user_253
process_1,1499123502,user_98
process_33,1499123545,user_185
process_34,1499123739,user_273
process_6,1499123825,user_221
process_11,1499124339,user_257
process_22,1499124453,user_170
process_49,1499124693,user_263
process_5,1499125134,user_52
process_23,1499125205,user_267
process_45,1499125397,user_118
process_1,1499125437,user_88
process_38,1499125444,user_145
process_28,1499125628,user_158
process_32,1499125758,user_204
process_23,1499126741,user_155
process_10,1499126747,user_123
process_44,1499126858,user_191
process_49,1499127045,user_168
process_44,1499127358,user_253
process_16,1499127476,user_196
process_10,1499127686,user_144
process_17,1499127687,user_138
process_49,1499128142,user_94
process_11,1499128245,user_146
process_17,1499128314,user_222
process_17,1499128866,user_158
process_17,1499128902,user_6
process_22,1499128959,user_7
process_24,1499129228,user_261
process_17,1499129249,user_131
process_22,1499129362,user_100
process_12,1499129388,user_73
process_22,1499129513,user_145
process_33,1499129529,user_41
process_34,1499129878,user_10
process_39,1499130078,user_84
process_28,1499130197,user_237
process_5,1499130217,user_169
process_6,1499130264,user_163
process_34,1499130643,user_246
process_17,1499130695,user_284
process_11,1499130792,user_194
process_34,1499131005,user_244
process_1,1499131242,user_72
process_16,1499131476,user_140
process_22,1499132000,user_267
process_34,1499132162,user_88
process_17,1499132208,user_165
process_11,1499132315,user_48
process_0,1499132481,user_202
process_0,1499133361,user_159
process_4,1499133460,user_195
process_45,1499133495,user_273
process_12,1499133597,user_56
process_10,1499133844,user_21
process_16,1499133853,user_165
process_0,1499133910,user_178
process_0,1499134017,user_279
process_22,1499134020,user_33
process_38,1499134054,user_174
process_5,1499134151,user_0
process_22,1499134154,user_296
process_44,1499134208,user_91
process_0,1499134724,user_102
process_0,1499134910,user_213
process_0,1499135007,user_62
process_27,1499135087,user_251
process_17,1499135555,user_199
process_49,1499135565,user_287
process_4,1499135598,user_152
process_44,1499135744,user_116
process_17,1499135965,user_184
process_22,1499136123,user_66
process_22,1499136739,user_270
process_5,1499136831,user_161
process_5,1499137184,user_275
process_33,1499137264,user_189
process_28,1499137289,user_60
process_23,1499137412,user_267
process_1,1499137703,user_292
process_18,1499138029,user_268
process_33,1499138201,user_88
process_6,1499138331,user_170
process_1,1499138699,user_90
process_22,1499138806,user_214
process_34,1499138970,user_80
process_23,1499139044,user_192
process_6,1499139090,user_152
process_49,1499139143,user_17
process_6,1499139296,user_216
process_11,1499139616,user_266
process_28,1499139689,user_180
process_11,1499139699,user_281
process_32,1499139716,user_277
process_17,1499139737,user_298
process_12,1499139827,user_29
process_16,1499140480,user_212
process_11,1499140939,user_186
process_27,1499141166,user_18
process_38,1499141540,user_87
process_28,1499142226,user_50
process_21,1499142419,user_261
process_34,1499142427,user_211
process_38,1499142609,user_8
process_21,1499142944,user_100
process_22,1499143139,user_20
process_44,1499143440,user_34
process_11,1499144482,user_51
process_34,1499144756,user_272
process_28,1499144825,user_251
process_17,1499144855,user_47
process_43,1499144869,user_34
process_6,1499145212,user_150
process_28,1499145376,user_245
process_16,1499145831,user_1
process_6,1499145909,user_93
process_0,1499146065,user_288
process_33,1499146482,user_269
process_34,1499146750,user_32
process_33,1499146852,user_134
process_39,1499147107,user_87
process_10,1499147129,user_146
process_38,1499147145,user_201
process_49,1499147434,user_254
process_17,1499147591,user_98
process_45,1499147741,user_28
process_16,1499147748,user_227
process_45,1499147772,user_108
process_18,1499147948,user_160
process_28,1499148099,user_61
process_39,1499148310,user_221
process_41,1499148625,user_9
process_33,1499148922,user_293
process_27,1499148949,user_239
process_27,1499149207,user_2
process_11,1499149678,user_124
process_1,1499149762,user_209
process_39,1499150267,user_27
process_49,1499150337,user_241
process_16,1499151077,user_298
process_45,1499151244,user_291
process_38,1499151279,user_53
process_39,1499151378,user_224
process_5,1499151393,user_173
process_16,1499151756,user_154
process_29,1499152065,user_127
process_35,1499152527,user_269
process_45,1499152590,user_125
process_49,1499152897,user_220
process_5,1499153078,user_75
process_6,1499153364,user_139
process_17,1499153472,user_92
process_17,1499153665,user_120
process_6,1499153822,user_59
process_32,1499153934,user_4
process_45,1499153988,user_82
process_17,1499154085,user_140
process_0,1499154168,user_137
process_0,1499154175,user_122
process_11,1499154386,user_35
process_40,1499154736,user_9
process_16,1499154807,user_138
process_49,1499154849,user_280
process_12,1499155098,user_21
process_12,1499155150,user_51
process_6,1499155174,user_105
process_17,1499155230,user_196
process_28,1499155247,user_143
process_28,1499155532,user_206
process_10,1499155593,user_257
process_49,1499155873,user_156
process_33,1499155886,user_13
process_22,1499155951,user_58
process_5,1499156162,user_177
process_17,1499156235,user_227
process_12,1499156354,user_281
process_33,1499156595,user_4
process_4,1499156946,user_59
process_6,1499157348,user_101
process_0,1499157442,user_263
process_23,1499157477,user_7
process_10,1499157935,user_86
process_28,1499158053,user_12
process_27,1499158084,user_81
process_44,1499158104,user_65
process_0,1499158120,user_248
process_34,1499158345,user_39
process_16,1499158582,user_131
process_10,1499159441,user_281
process_45,1499159449,user_34
process_21,1499159912,user_20
process_39,1499159957,user_106
process_27,1499160240,user_111
process_44,1499160295,user_119
process_11,1499160585,user_79
process_23,1499160664,user_214
process_11,1499161314,user_123
process_22,1499161384,user_261
process_11,1499161495,user_109
process_6,1499161648,user_68
process_39,1499161767,user_14
process_39,1499161769,user_95
process_27,1499161918,user_207
process_40,1499162054,user_135
process_28,1499162238,user_37
process_28,1499162488,user_223
process_33,1499162658,user_260
process_0,1499162672,user_292
process_11,1499162812,user_250
process_23,1499162821,user_20
process_40,1499163391,user_217
process_39,1499163415,user_174
process_6,1499163540,user_15
process_34,1499163742,user_41
process_40,1499163911,user_53
process_10,1499163918,user_46
process_11,1499164140,user_259
process_27,1499164308,user_225
process_21,1499164384,user_270
process_6,1499164392,user_75
process_49,1499165048,user_97
process_44,1499165418,user_42
process_29,1499165435,user_285
process_5,1499165530,user_15
process_16,1499165610,user_199
process_38,1499165751,user_221
process_12,1499165856,user_146
process_28,1499165999,user_57
process_34,1499166121,user_13
process_46,1499166203,user_34
process_18,1499166409,user_255
process_28,1499166615,user_83
process_45,1499166716,user_118
process_12,1499166906,user_109
process_11,1499167049,user_56
process_33,1499167071,user_117
process_5,1499167113,user_130
process_28,1499167320,user_23
process_0,1499167627,user_78
process_27,1499167701,user_164
process_32,1499167974,user_189
process_0,1499167989,user_54
process_39,1499168196,user_141
process_38,1499168407,user_232
process_10,1499168473,user_266
process_34,1499168622,user_293
process_5,1499168717,user_105
process_5,1499168723,user_74
process_29,1499168750,user_12
process_33,1499168958,user_44
process_22,1499169012,user_240
process_28,1499169022,user_111
process_23,1499169036,user_142
process_6,1499169051,user_226
process_44,1499169148,user_24
process_5,1499169238,user_101
process_0,1499169347,user_294
process_28,1499169646,user_285
process_28,1499169907,user_239
process_34,1499169927,user_236
process_49,1499169978,user_185
process_6,1499170157,user_0
process_17,1499170199,user_160
process_5,1499170460,user_170
process_33,1499170545,user_205
process_27,1499170769,user_70
process_45,1499171225,user_91
process_49,1499171284,user_219
process_45,1499171292,user_253
process_5,1499171596,user_182
process_11,1499171695,user_25
process_39,1499171702,user_11
process_0,1499171855,user_76
process_6,1499171939,user_275
process_44,1499172141,user_258
process_15,1499172287,user_199
process_5,1499172292,user_121
process_11,1499172365,user_114
process_6,1499172586,user_167
process_18,1499172799,user_165
process_38,1499173131,user_249
process_32,1499173428,user_134
process_33,1499173575,user_64
process_11,1499173589,user_257
process_33,1499173618,user_32
process_11,1499173984,user_67
process_5,1499174243,user_68
process_5,1499174716,user_231
process_49,1499174815,user_271
process_44,1499174897,user_125
process_11,1499174955,user_299
process_22,1499174998,user_31
process_22,1499175071,user_142
process_39,1499175345,user_249
process_45,1499175625,user_45
process_21,1499175684,user_136
process_35,1499175788,user_80
process_32,1499176226,user_293
process_45,1499176294,user_42
process_16,1499177054,user_120
process_6,1499177144,user_173
process_11,1499177150,user_218
process_35,1499177781,user_205
process_22,1499177796,user_187
process_34,1499177847,user_189
process_21,1499177869,user_99
process_5,1499178061,user_172
process_27,1499178111,user_50
process_6,1499178214,user_231
process_39,1499178260,user_210
process_11,1499178271,user_144
process_39,1499178364,user_243
process_46,1499178367,user_253
process_11,1499178560,user_29
process_22,1499179067,user_136
process_5,1499179568,user_150
process_44,1499180046,user_233
process_33,1499180774,user_244
process_40,1499180961,user_11
process_33,1499181458,user_286
process_44,1499181558,user_291
process_33,1499181560,user_246
process_29,1499181977,user_223
process_28,1499182495,user_126
process_12,1499182846,user_194
process_44,1499183256,user_193
process_44,1499183457,user_273
process_22,1499183700,user_197
process_23,1499183702,user_69
process_44,1499183839,user_45
process_22,1499183996,user_147
process_11,1499184000,user_86
process_5,1499184029,user_175
process_40,1499184171,user_201
process_22,1499184648,user_192
process_45,1499184662,user_65
process_28,1499184758,user_164
process_38,1499184910,user_95
process_23,1499185238,user_235
process_40,1499185255,user_229
process_45,1499185363,user_191
process_45,1499185821,user_119
process_44,1499186318,user_28
process_39,1499186437,user_8
process_28,1499186527,user_148
process_23,1499186662,user_136
process_49,1499186938,user_89
process_33,1499187177,user_10
process_5,1499187186,user_179
process_18,1499187197,user_1
process_11,1499187378,user_295
process_6,1499187798,user_104
process_0,1499188427,user_209
process_11,1499188506,user_256
process_28,1499188871,user_18
process_45,1499189221,user_233
process_12,1499189261,user_46
process_34,1499189704,user_117
process_39,1499189852,user_232
process_32,1499190089,user_132
process_6,1499190566,user_179
process_39,1499190593,user_201
process_38,1499190695,user_84
process_29,1499190737,user_2
process_42,1499190740,user_116
process_10,1499190766,user_35
process_5,1499190991,user_228
process_5,1499191165,user_139
process_17,1499191466,user_212
process_45,1499191838,user_193
process_5,1499192146,user_195
process_11,1499192277,user_71
process_11,1499192443,user_238
process_22,1499192654,user_155
process_34,1499192718,user_176
process_29,1499193036,user_239
process_34,1499193258,user_265
process_39,1499193528,user_229
process_39,1499193807,user_53
process_12,1499194379,user_299
process_6,1499194691,user_166
process_26,1499194694,user_83
process_28,1499194852,user_207
process_39,1499195046,user_9
process_17,1499195074,user_43
process_22,1499195103,user_235
process_39,1499195186,user_133
process_44,1499195257,user_82
process_28,1499195679,user_198
process_26,1499195812,user_223
process_0,1499195962,user_90
process_6,1499196169,user_228
process_17,1499196455,user_208
process_0,1499196652,user_72
process_28,1499196667,user_127
process_22,1499196698,user_274
process_17,1499196811,user_103
process_34,1499196898,user_205
process_45,1499196905,user_24
process_33,1499196916,user_265
process_22,1499197131,user_297
process_32,1499197830,user_286
process_24,1499197916,user_297
process_0,1499198101,user_3
process_40,1499198220,user_249
process_5,1499198351,user_234
process_10,1499198443,user_36
process_33,1499198521,user_39
process_6,1499198607,user_169
process_6,1499198635,user_195
process_5,1499198687,user_167
process_39,1499198699,user_135
process_39,1499198802,user_282
process_40,1499198913,user_95
process_33,1499198934,user_272
process_0,1499198974,user_181
process_44,1499199139,user_108
process_6,1499199173,user_96
process_28,1499199525,user_70
process_33,1499199729,user_132
process_34,1499199977,user_132
process_6,1499200050,user_177
process_16,1499200077,user_284
process_12,1499200086,user_266
process_38,1499200087,user_217
process_11,1499200136,user_36
process_39,1499200290,user_247
process_27,1499200485,user_61
process_29,1499200590,user_206
process_39,1499200831,user_113
process_1,1499201441,user_76
process_23,1499201479,user_99
process_16,1499201610,user_98
process_33,1499201902,user_236
process_40,1499202245,user_153
process_43,1499202258,user_108
process_27,1499202495,user_37
process_28,1499202876,user_81
process_13,1499203052,user_250
process_49,1499203337,user_16
process_6,1499203479,user_74
process_40,1499203609,user_5
process_38,1499204089,user_113
process_33,1499204191,user_211
process_5,1499204458,user_216
process_38,1499204776,user_11
process_1,1499205043,user_159
process_40,1499205152,user_14
process_5,1499205345,user_93
process_49,1499205883,user_242
process_33,1499206002,user_289
process_32,1499206097,user_272
process_28,1499206424,user_171
process_39,1499206479,user_153
process_45,1499206556,user_258
process_38,1499206581,user_133
process_6,1499206887,user_40
process_27,1499207045,user_12
process_17,1499207469,user_255
process_33,1499207549,user_176
process_7,1499207694,user_150
process_11,1499207705,user_46
process_39,1499207807,user_188
process_6,1499208084,user_121
process_28,1499208188,user_2
process_18,1499208379,user_30
process_17,1499208483,user_154
process_33,1499208632,user_80
process_16,1499208637,user_6
process_11,1499208640,user_149
process_27,1499209050,user_126
process_11,1499209082,user_21
process_5,1499209166,user_166
process_17,1499209470,user_1
process_15,1499209585,user_184
process_44,1499209600,user_118
process_5,1499210145,user_152
process_1,1499210167,user_248
process_11,1499210284,user_73
process_22,1499210406,user_99
process_40,1499210490,user_174
process_27,1499210671,user_148
process_6,1499211363,user_161
process_39,1499211616,user_217
process_6,1499211652,user_234
process_49,1499211861,user_55
process_39,1499211913,user_290
process_49,1499212077,user_157
process_6,1499212342,user_172
process_43,1499212875,user_287
process_40,1499212966,user_172
process_39,1499213060,user_201
process_49,1499213179,user_54
process_34,1499213304,user_13
process_0,1499213760,user_184
process_7,1499213820,user_127
process_39,1499213820,user_106
process_11,1499213938,user_293
process_34,1499214257,user_289
process_44,1499214495,user_36
process_33,1499214681,user_250
process_13,1499214961,user_279
process_10,1499215010,user_252
process_1,1499215239,user_34
process_5,1499215261,user_150
process_33,1499215454,user_87
process_28,1499215563,user_239
process_10,1499215795,user_28
process_22,1499215956,user_31
process_22,1499216033,user_90
process_16,1499216278,user_91
process_33,1499217133,user_64
process_0,1499217241,user_76
process_17,1499217456,user_140
process_16,1499217558,user_284
process_23,1499217821,user_58
process_22,1499218126,user_266
process_6,1499218681,user_228
process_17,1499218708,user_29
process_49,1499218737,user_241
process_16,1499218842,user_120
process_23,1499219012,user_33
process_44,1499219345,user_180
process_17,1499219363,user_43
process_40,1499219445,user_9
process_45,1499219524,user_195
process_28,1499219526,user_235
process_49,1499219671,user_55
process_12,1499219736,user_281
process_34,1499219908,user_26
process_27,1499220000,user_239
process_0,1499220030,user_52
process_5,1499220505,user_130
process_49,1499220529,user_56
process_16,1499220588,user_103
process_16,1499220684,user_10
process_32,1499220771,user_89
process_0,1499220782,user_34
process_6,1499221348,user_150
process_46,1499221385,user_272
process_22,1499221573,user_212
process_38,1499221621,user_249
process_38,1499221725,user_290
process_10,1499221777,user_123
process_17,1499221838,user_103
process_29,1499221898,user_245
process_34,1499222044,user_200
process_22,1499222162,user_33
process_17,1499222277,user_258
process_11,1499222305,user_123
process_18,1499222456,user_59
process_7,1499222597,user_112
process_39,1499222644,user_175
process_17,1499222705,user_174
process_22,1499222896,user_17
process_18,1499223261,user_91
process_11,1499223502,user_28
process_11,1499223558,user_113
process_10,1499223579,user_281
process_33,1499223790,user_26
process_33,1499223871,user_270
process_33,1499223915,user_236
process_49,1499224052,user_278
process_49,1499224261,user_280
process_4,1499224314,user_32
process_40,1499224567,user_247
process_0,1499224572,user_277
process_43,1499226293,user_291
process_17,1499226440,user_214
process_34,1499226596,user_250
process_5,1499226655,user_19
process_11,1499226682,user_11
process_6,1499226738,user_187
process_0,1499226941,user_27
process_39,1499227183,user_117
process_5,1499227250,user_110
process_33,1499227412,user_13
process_0,1499227663,user_146
process_6,1499227772,user_226
process_33,1499227850,user_289
process_22,1499227961,user_107
process_17,1499228077,user_298
process_16,1499228138,user_215
process_16,1499228379,user_29
process_45,1499228490,user_116
process_17,1499228607,user_138
process_6,1499228831,user_108
process_5,1499228881,user_108
process_34,1499228920,user_101
process_12,1499229017,user_162
process_39,1499229028,user_197
process_33,1499229201,user_260
process_10,1499229346,user_218
process_28,1499229373,user_283
process_6,1499229655,user_93
process_34,1499229849,user_171
process_23,1499230482,user_107
process_16,1499230533,user_231
process_45,1499230669,user_24
process_0,1499230864,user_122
process_33,1499231337,user_86
process_34,1499232033,user_259
process_49,1499232193,user_21
process_49,1499232264,user_114
process_39,1499232292,user_209
process_1,1499232422,user_268
process_18,1499232995,user_154
process_44,1499233037,user_272
process_0,1499233082,user_102
process_33,1499233511,user_216
process_44,1499233641,user_291
process_17,1499234120,user_196
process_22,1499234195,user_168
process_49,1499234590,user_178
process_16,1499234675,user_196
process_23,1499235349,user_23
process_11,1499235564,user_192
process_27,1499235574,user_190
process_16,1499235577,user_43
process_43,1499235623,user_272
process_45,1499235662,user_79
process_24,1499236026,user_39
process_44,1499236242,user_79
process_34,1499236295,user_270
process_1,1499236491,user_213
process_5,1499236604,user_74
process_17,1499236908,user_91
process_0,1499237008,user_181
process_23,1499237091,user_31
process_45,1499237135,user_256
process_17,1499237540,user_152
process_0,1499237708,user_85
process_10,1499237887,user_299
process_22,1499238161,user_189
process_38,1499238579,user_141
process_6,1499238905,user_139
process_11,1499238945,user_269
process_11,1499238949,user_281
process_28,1499239019,user_61
process_23,1499239733,user_39
process_11,1499239955,user_273
process_26,1499240525,user_69
process_5,1499240558,user_179
process_28,1499240708,user_206
process_39,1499240832,user_191
process_28,1499241031,user_167
process_48,1499241210,user_243
process_23,1499241240,user_12
process_38,1499241347,user_46
process_24,1499241455,user_220
process_34,1499241848,user_72
process_11,1499242135,user_42
process_6,1499242309,user_75
process_22,1499242328,user_58
process_44,1499243000,user_287
process_45,1499243025,user_180
process_27,1499243248,user_225
process_22,1499243317,user_5
process_38,1499243789,user_169
process_12,1499243812,user_257
process_5,1499244028,user_0
process_11,1499244139,user_264
process_28,1499244431,user_285
process_29,1499244450,user_239
process_22,1499244460,user_97
process_5,1499244678,user_226
process_44,1499244780,user_195
process_5,1499245271,user_163
process_1,1499245319,user_202
process_45,1499245495,user_65
process_16,1499245569,user_140
process_6,1499245586,user_246
process_38,1499245638,user_295
process_21,1499245895,user_189
process_10,1499245933,user_276
process_45,1499245934,user_193
process_22,1499246201,user_23
process_22,1499246394,user_66
process_22,1499246540,user_39
process_6,1499246568,user_110
process_4,1499247007,user_161
process_39,1499247249,user_128
process_49,1499247411,user_233
process_49,1499247667,user_243
process_40,1499247852,user_209
process_33,1499247920,user_104
process_43,1499247942,user_79
process_6,1499248527,user_205
process_39,1499248954,user_232
process_6,1499249030,user_0
process_17,1499249182,user_284
process_6,1499249268,user_166
process_23,1499249367,user_17
process_27,1499249642,user_158
process_23,1499250014,user_168
process_5,1499250020,user_177
process_38,1499250293,user_153
process_28,1499250303,user_38
process_15,1499250410,user_59
process_38,1499250533,user_175
process_28,1499250635,user_251
process_17,1499250730,user_47
process_28,1499250804,user_83
process_49,1499250996,user_15
process_44,1499251375,user_24
process_5,1499251403,user_75
process_39,1499251789,user_16
process_46,1499251987,user_195
process_49,1499252029,user_242
process_38,1499252100,user_16
process_15,1499252614,user_138
process_22,1499252661,user_155
process_29,1499252889,user_229
process_34,1499253095,user_216
process_44,1499253154,user_65
process_27,1499253186,user_61
process_11,1499253534,user_208
process_45,1499253549,user_203
process_27,1499253554,user_229
process_39,1499253642,user_221
process_5,1499253765,user_112
process_21,1499253806,user_23
process_0,1499254142,user_202
process_32,1499254151,user_4
process_39,1499254622,user_22
process_6,1499254752,user_161
process_6,1499255353,user_68
process_12,1499255369,user_35
process_39,1499255680,user_186
process_11,1499255874,user_109
process_27,1499256023,user_235
process_23,1499256058,user_266
process_0,1499256075,user_63
process_17,1499256133,user_37
process_39,1499256195,user_282
process_49,1499256332,user_165
process_5,1499256531,user_263
process_27,1499256638,user_148
process_7,1499256814,user_271
process_5,1499256841,user_217
process_28,1499256849,user_18
process_40,1499256851,user_191
process_28,1499257128,user_158
process_22,1499257237,user_240
process_44,1499257305,user_125
process_6,1499257332,user_19
process_11,1499257459,user_129
process_39,1499257485,user_169
process_49,1499257638,user_185
process_28,1499258044,user_227
process_49,1499258176,user_183
process_5,1499258421,user_166
process_39,1499258612,user_249
process_17,1499258969,user_297
process_45,1499259026,user_198
process_45,1499259285,user_125
process_49,1499259290,user_99
process_10,1499259316,user_121
process_44,1499259640,user_237
process_5,1499260016,user_40
process_49,1499260054,user_132
process_49,1499260112,user_156
process_44,1499260126,user_119
process_46,1499260203,user_180
process_11,1499260222,user_20
process_34,1499260428,user_134
process_11,1499260523,user_142
process_45,1499260644,user_272
process_44,1499260711,user_294
process_6,1499260745,user_96
process_6,1499260977,user_248
process_5,1499260994,user_96
process_17,1499261197,user_194
process_22,1499261306,user_224
process_10,1499261335,user_293
process_38,1499261438,user_9
process_18,1499261468,user_262
process_22,1499261773,user_136
process_4,1499261877,user_139
process_27,1499261931,user_167
process_25,1499262027,user_66
process_28,1499262039,user_207
process_39,1499262125,user_247
process_40,1499262463,user_16
process_39,1499262542,user_41
process_27,1499262749,user_285
process_44,1499263038,user_198
process_16,1499263052,user_71
process_38,1499263087,user_232
process_28,1499263294,user_164
process_6,1499263338,user_163
process_21,1499263349,user_33
process_38,1499263527,user_41
process_33,1499263802,user_92
process_12,1499264029,user_20
process_11,1499264315,user_121
process_38,1499264358,user_191
process_4,1499264427,user_68
process_35,1499264866,user_259
process_28,1499264929,user_245
process_18,1499265188,user_6
process_49,1499265190,user_95
process_2,1499265399,user_202
process_28,1499265536,user_190
process_40,1499266106,user_128
process_28,1499266124,user_70
process_11,1499266181,user_124
process_5,1499266461,user_50
process_29,1499267014,user_70
process_33,1499267028,user_133
process_22,1499267148,user_118
process_16,1499267157,user_59
process_5,1499267194,user_286
process_40,1499267250,user_201
process_17,1499267728,user_199
process_49,1499267755,user_82
process_6,1499268121,user_271
process_38,1499268214,user_186
process_22,1499268218,user_274
process_22,1499268262,user_265
process_45,1499268429,user_287
process_0,1499268465,user_268
process_49,1499268479,user_254
process_22,1499268945,user_220
process_0,1499269081,user_80
process_39,1499269430,user_153
process_6,1499269441,user_263
process_6,1499269457,user_217
process_34,1499269595,user_45
process_39,1499269596,user_131
process_39,1499269822,user_210
process_38,1499269902,user_188
process_12,1499269994,user_113
process_34,1499270016,user_92
process_5,1499270056,user_205
process_16,1499270674,user_297
process_37,1499270747,user_186
process_33,1499270874,user_244
process_45,1499271025,user_294
process_44,1499271938,user_203
process_28,1499272071,user_2
process_33,1499272669,user_72
process_44,1499272676,user_116
process_33,1499272706,user_7
process_6,1499272849,user_74
process_45,1499272986,user_291
process_5,1499273051,user_187
process_33,1499273512,user_3
process_5,1499273725,user_161
process_45,1499273753,user_36
process_45,1499273822,user_237
process_16,1499273872,user_182
process_17,1499274091,user_51
process_38,1499274692,user_172
process_33,1499274796,user_200
process_6,1499274849,user_286
process_39,1499274857,user_172
process_5,1499274900,user_246
process_0,1499274965,user_105
process_40,1499275220,user_295
process_0,1499275247,user_14
process_16,1499275970,user_298
process_34,1499276046,user_64
process_17,1499276061,user_71
process_28,1499276092,user_229
process_5,1499276254,user_228
process_35,1499276371,user_134
process_5,1499276459,user_68
process_11,1499276526,user_30
process_5,1499276555,user_32
process_28,1499276637,user_267
process_39,1499276920,user_290
process_16,1499276972,user_194
process_27,1499277159,user_206
process_33,1499277185,user_171
process_0,1499278046,user_159
process_16,1499278058,user_37
process_22,1499278378,user_8
process_5,1499278609,user_248
process_11,1499278836,user_162
process_33,1499279417,user_176
process_49,1499279848,user_275
process_11,1499279909,user_276
process_1,1499280014,user_76
process_49,1499280111,user_147
process_12,1499280206,user_192
process_33,1499280223,user_45
process_11,1499280308,user_252
process_22,1499280748,user_12
process_27,1499281004,user_223
process_6,1499281055,user_179
process_39,1499281482,user_115
process_11,1499282620,user_143
process_34,1499282814,user_133
process_44,1499283143,user_100
process_27,1499283271,user_207
process_11,1499283293,user_218
process_45,1499283305,user_119
process_6,1499283807,user_112
process_39,1499284121,user_141
process_11,1499284306,user_35
process_32,1499284316,user_134
process_17,1499284339,user_262
process_6,1499284600,user_50
process_11,1499285203,user_60
process_23,1499285480,user_78
process_34,1499285603,user_176
process_17,1499285613,user_230
process_10,1499285720,user_192
process_33,1499285814,user_219
process_17,1499285940,user_120
process_28,1499286084,user_148
process_11,1499286290,user_299
process_44,1499286681,user_57
process_33,1499286754,user_134
process_45,1499287112,user_57
process_39,1499287208,user_295
process_17,1499287442,user_182
process_22,1499287475,user_78
process_15,1499287560,user_194
process_6,1499287628,user_127
process_21,1499287798,user_58
process_43,1499287798,user_65
process_1,1499287897,user_102
process_10,1499288253,user_143
process_17,1499288482,user_154
process_17,1499288808,user_59
process_28,1499288967,user_111
process_34,1499289053,user_244
process_12,1499289121,user_129
process_0,1499289336,user_213
process_44,1499289421,user_193
process_0,1499289553,user_255
process_45,1499289603,user_100
process_23,1499291090,user_224
process_6,1499291572,user_32
process_28,1499291667,user_223
process_6,1499291724,user_177
process_1,1499292157,user_181
process_21,1499292447,user_136
process_18,1499292482,user_196
process_5,1499292576,user_93
process_49,1499292666,user_145
process_23,1499293134,user_274
process_39,1499293149,user_46
process_33,1499293411,user_4
process_18,1499293499,user_120
process_22,1499293588,user_149
process_30,1499293605,user_1
process_46,1499293740,user_116
process_32,1499293964,user_250
process_40,1499294102,user_232
process_29,1499294172,user_2
process_7,1499294508,user_217
process_28,1499294556,user_151
process_21,1499294739,user_97
process_28,1499294875,user_1
process_22,1499295528,user_135
process_34,1499295598,user_4
process_23,1499295768,user_220
process_0,1499295959,user_62
process_1,1499296081,user_292
process_6,1499296122,user_130
process_21,1499296250,user_66
process_11,1499297169,user_48
process_27,1499297170,user_251
process_11,1499297256,user_67
process_44,1499297278,user_256
process_6,1499297379,user_77
process_6,1499297518,user_40
process_17,1499297549,user_6
process_12,1499297648,user_252
process_30,1499297787,user_167
process_33,1499297851,user_101
process_34,1499297857,user_86
process_39,1499298022,user_9
process_11,1499298437,user_279
process_0,1499298490,user_292
process_16,1499298681,user_174
process_39,1499299174,user_188
process_16,1499299354,user_109
process_7,1499299357,user_261
process_49,1499299559,user_269
process_43,1499299784,user_205
process_33,1499300055,user_219
process_33,1499300182,user_262
process_38,1499300516,user_131
process_11,1499300555,user_148
process_12,1499300788,user_43
process_10,1499300840,user_48
process_13,1499300917,user_186
process_11,1499301038,user_35
process_1,1499301225,user_235
process_49,1499301468,user_101
process_5,1499301513,user_226
process_23,1499301535,user_168
process_44,1499301711,user_167
process_21,1499301869,user_170
process_23,1499301903,user_133
process_6,1499301954,user_226
process_39,1499302842,user_221
process_0,1499303092,user_72
process_10,1499303112,user_150
process_16,1499303861,user_201
process_5,1499304246,user_216
process_26,1499304289,user_172
process_49,1499304500,user_241
process_5,1499304514,user_44
process_34,1499304561,user_275
process_27,1499304684,user_215
process_34,1499304798,user_129
process_27,1499304906,user_61
process_11,1499304910,user_225
process_44,1499305001,user_181
process_28,1499305545,user_84
process_48,1499306169,user_123
process_33,1499306408,user_13
process_0,1499306515,user_248
process_6,1499306651,user_164
process_6,1499306785,user_44
process_40,1499307165,user_229
process_45,1499307239,user_195
process_34,1499307288,user_298
process_16,1499307643,user_125
process_5,1499307666,user_26
process_33,1499307757,user_47
process_11,1499307775,user_266
process_17,1499307791,user_71
process_6,1499307989,user_234
process_24,1499308222,user_17
process_28,1499308344,user_158
process_39,1499309117,user_122
process_15,1499309297,user_38
process_5,1499309366,user_23
process_49,1499309448,user_136
process_48,1499309449,user_19
process_33,1499309836,user_298
process_12,1499309925,user_256
process_49,1499310000,user_130
process_45,1499310241,user_237
process_28,1499310401,user_135
process_17,1499310612,user_70
process_17,1499310795,user_38
process_17,1499310809,user_138
process_30,1499311247,user_111
process_7,1499311478,user_182
process_39,1499311496,user_246
process_1,1499311823,user_85
process_28,1499312032,user_159
process_22,1499312220,user_270
process_11,1499312256,user_42
process_11,1499312293,user_288
process_0,1499312354,user_137
process_44,1499312738,user_272
process_49,1499312783,user_156
process_28,1499312949,user_215
process_49,1499313055,user_83
process_38,1499313133,user_231
process_40,1499313332,user_232
process_29,1499313402,user_141
process_6,1499313505,user_69
process_39,1499313734,user_210
process_0,1499314285,user_235
process_28,1499314367,user_251
process_11,1499314378,user_162
process_38,1499314828,user_66
process_17,1499315496,user_211
process_39,1499315618,user_188
process_44,1499315810,user_205
process_33,1499316033,user_15
process_34,1499317002,user_127
process_11,1499318060,user_51
process_27,1499318249,user_245
process_39,1499318328,user_25
process_28,1499318551,user_111
process_17,1499318678,user_10
process_6,1499318715,user_216
process_10,1499319021,user_32
process_27,1499319124,user_111
process_38,1499319144,user_284
process_17,1499319182,user_228
process_23,1499319234,user_297
process_39,1499319246,user_281
process_5,1499319411,user_4
process_17,1499319434,user_140
process_17,1499319499,user_199
process_22,1499319577,user_147
process_23,1499319584,user_126
process_33,1499319591,user_250
process_12,1499319638,user_35
process_23,1499319730,user_202
process_22,1499319973,user_224
process_22,1499319993,user_1
process_11,1499320324,user_264
process_1,1499320357,user_52
process_22,1499320512,user_297
process_39,1499320627,user_232
process_21,1499320646,user_207
process_6,1499320725,user_121
process_39,1499320803,user_276
process_5,1499320958,user_0
process_28,1499321005,user_81
process_11,1499321147,user_139
process_45,1499321198,user_272
process_28,1499321536,user_92
process_38,1499321545,user_115
process_11,1499321662,user_296
process_6,1499321707,user_154
process_12,1499321733,user_225
process_33,1499321818,user_275
process_17,1499321979,user_230
process_0,1499322023,user_209
process_1,1499322192,user_294
process_39,1499322384,user_231
process_11,1499322923,user_283
process_17,1499322943,user_125
process_28,1499323144,user_9
process_11,1499323179,user_34
process_27,1499323951,user_251
process_5,1499324060,user_116
process_45,1499324324,user_212
process_16,1499324594,user_194
process_45,1499324595,user_45
process_29,1499325224,user_93
process_6,1499325443,user_144
process_22,1499325484,user_168
process_0,1499325560,user_238
process_7,1499325600,user_4
process_32,1499325783,user_78
process_45,1499325838,user_233
process_7,1499325919,user_144
process_22,1499326053,user_86
process_6,1499326059,user_68
process_27,1499326064,user_172
process_21,1499326198,user_36
process_16,1499326307,user_258
process_0,1499326384,user_290
process_38,1499326482,user_197
process_28,1499326578,user_18
process_0,1499326770,user_192
process_0,1499326777,user_184
process_5,1499326842,user_154
process_10,1499327358,user_60
process_34,1499327419,user_260
process_10,1499327741,user_225
process_5,1499327940,user_234
process_23,1499328011,user_31
process_1,1499328304,user_290
process_45,1499328755,user_79
process_45,1499328766,user_278
process_45,1499328815,user_287
process_1,1499328850,user_173
process_49,1499328914,user_214
process_5,1499328992,user_164
process_49,1499329683,user_97
process_45,1499329775,user_100
process_49,1499329947,user_157
process_11,1499330259,user_94
process_28,1499330264,user_37
process_4,1499330279,user_121
process_40,1499330324,user_221
process_16,1499330974,user_199
process_28,1499331202,user_93
process_6,1499331203,user_116
process_28,1499331288,user_56
process_44,1499331641,user_195
process_16,1499332460,user_117
process_27,1499332515,user_265
process_1,1499332585,user_292
process_32,1499333148,user_46
process_34,1499333186,user_220
process_39,1499333416,user_197
process_28,1499333494,user_73
process_1,1499333502,user_149
process_45,1499333517,user_208
process_16,1499333610,user_196
process_49,1499334258,user_76
process_27,1499334278,user_93
process_21,1499334651,user_20
process_6,1499334661,user_40
process_0,1499334917,user_88
process_45,1499335052,user_289
process_6,1499335132,user_26
process_35,1499335230,user_250
process_16,1499335288,user_30
process_45,1499335696,user_291
process_0,1499335795,user_173
process_0,1499335860,user_268
process_44,1499335863,user_233
process_6,1499335907,user_75
process_29,1499335933,user_37
process_39,1499336022,user_107
process_29,1499336261,user_9
process_11,1499336497,user_28
process_10,1499337726,user_179
process_40,1499337974,user_77
process_22,1499337992,user_202
process_44,1499338218,user_41
process_0,1499338256,user_12
process_44,1499338279,user_263
process_45,1499338947,user_167
process_49,1499339391,user_271
process_16,1499339488,user_140
process_18,1499339546,user_140
process_11,1499339675,user_145
process_49,1499339870,user_223
process_6,1499339968,user_110
process_13,1499340372,user_35
process_6,1499340398,user_104
process_32,1499340674,user_155
process_17,1499340742,user_222
process_21,1499341391,user_113
process_22,1499341757,user_142
process_0,1499342049,user_14
process_12,1499342137,user_143
process_16,1499342229,user_118
process_11,1499342236,user_124
process_39,1499342457,user_131
process_28,1499342510,user_152
process_4,1499342652,user_4
process_39,1499342946,user_243
process_11,1499343029,user_95
process_44,1499343040,user_212
process_22,1499343606,user_113
process_44,1499343685,user_79
process_35,1499343833,user_47
process_12,1499344294,user_60
process_16,1499344379,user_222
process_6,1499344613,user_0
process_5,1499344922,user_121
process_38,1499344924,user_243
process_44,1499344926,user_289
process_45,1499345301,user_205
process_22,1499345312,user_20
process_0,1499345377,user_85
process_11,1499345532,user_256
process_44,1499345605,user_244
process_11,1499345709,user_254
process_17,1499345944,user_109
process_39,1499346166,user_174
process_44,1499346176,user_100
process_33,1499346289,user_293
process_0,1499346462,user_80
process_33,1499346762,user_155
process_28,1499347438,user_91
process_27,1499347481,user_84
process_6,1499347487,user_261
process_44,1499347510,user_191
process_28,1499347521,user_2
process_38,1499347666,user_232
process_49,1499347734,user_6
process_0,1499348345,user_149
process_6,1499348779,user_67
process_33,1499348812,user_78
process_28,1499348829,user_172
process_5,1499348846,user_110
process_48,1499349404,user_82
process_18,1499349420,user_59
process_4,1499349574,user_75
process_17,1499349592,user_201
process_6,1499349632,user_23
process_11,1499349728,user_186
process_17,1499349813,user_146
process_1,1499350091,user_268
process_34,1499350132,user_219
process_33,1499350154,user_200
process_11,1499350304,user_143
process_40,1499350461,user_49
process_39,1499350565,user_229
process_44,1499350566,user_54
process_44,1499350719,user_291
process_11,1499350761,user_29
process_28,1499350836,user_53
process_11,1499351186,user_21
process_33,1499351219,user_277
process_27,1499351564,user_2
process_28,1499351617,user_203
process_17,1499351628,user_117
process_11,1499351938,user_60
process_29,1499351973,user_111
process_12,1499352044,user_257
process_10,1499352102,user_257
process_0,1499352120,user_169
process_34,1499352141,user_176
process_34,1499352291,user_262
process_33,1499352400,user_273
process_6,1499352548,user_4
process_11,1499352718,user_48
process_45,1499352957,user_54
process_17,1499353025,user_196
process_0,1499353734,user_189
process_38,1499353970,user_77
process_4,1499354148,user_153
process_27,1499354201,user_159
process_44,1499354274,user_45
process_33,1499354316,user_46
process_22,1499354606,user_102
process_33,1499354664,user_129
process_33,1499354989,user_127
process_28,1499355333,user_61
process_39,1499355339,user_77
process_39,1499355414,user_49
process_49,1499355757,user_242
process_35,1499355799,user_176
process_1,1499356646,user_175
process_11,1499356834,user_150
process_0,1499357424,user_105
process_0,1499357591,user_63
process_22,1499357701,user_31
process_1,1499357813,user_88
process_49,1499358132,user_82
process_11,1499358364,user_7
process_7,1499358451,user_116
process_0,1499358462,user_106
process_28,1499358597,user_245
process_44,1499358676,user_278
process_0,1499358706,user_98
process_23,1499358735,user_132
process_0,1499358775,user_175
process_33,1499359115,user_260
process_18,1499359254,user_30
process_0,1499359354,user_90
process_5,1499359570,user_261
process_17,1499359732,user_258
process_27,1499359749,user_180
process_38,1499360007,user_221
process_22,1499360295,user_74
process_12,1499360334,user_7
process_23,1499360455,user_20
process_46,1499361105,user_54
process_12,1499361267,user_179
process_16,1499361750,user_71
process_11,1499362016,user_257
process_11,1499362064,user_179
process_17,1499362083,user_204
process_15,1499362100,user_71
process_49,1499362194,user_286
process_49,1499362205,user_187
process_33,1499362246,user_151
process_12,1499362304,user_34
process_0,1499362461,user_89
process_22,1499362576,user_33
process_39,1499362822,user_282
process_38,1499363251,user_188
process_27,1499363382,user_203
process_17,1499363643,user_165
process_22,1499364214,user_161
process_0,1499364224,user_213
process_22,1499364466,user_132
process_39,1499364543,user_16
process_11,1499364545,user_259
process_10,1499364685,user_21
process_38,1499364698,user_22
process_17,1499364777,user_59
process_49,1499364877,user_123
process_38,1499365182,user_107
process_34,1499365552,user_273
process_39,1499365655,user_249
process_17,1499365715,user_177
process_5,1499365936,user_182
process_0,1499366105,user_294
process_16,1499366125,user_10
process_0,1499366170,user_64
process_28,1499366416,user_87
process_10,1499366472,user_296
process_5,1499366608,user_67
process_17,1499366612,user_118
process_49,1499366969,user_166
process_49,1499367053,user_39
process_0,1499367110,user_279
process_12,1499367141,user_124
process_28,1499367330,user_265
process_49,1499367946,user_280
process_5,1499368052,user_75
process_22,1499368121,user_240
process_45,1499368446,user_193
process_22,1499368457,user_126
process_23,1499368476,user_198
process_18,1499368680,user_160
process_6,1499368788,user_153
process_33,1499368961,user_220
process_11,1499368968,user_295
process_40,1499368995,user_243
process_44,1499369112,user_253
process_38,1499369426,user_49
process_18,1499369516,user_109
process_28,1499369844,user_141
process_49,1499369959,user_19
process_34,1499370044,user_277
process_45,1499370065,user_263
process_17,1499370136,user_160
process_34,1499370146,user_293
process_22,1499370444,user_99
process_17,1499370704,user_103
process_10,1499370823,user_162
process_39,1499371182,user_128
process_0,1499371393,user_190
process_44,1499371666,user_237
process_39,1499371675,user_285
process_38,1499371861,user_5
process_16,1499371872,user_252
process_18,1499371960,user_228
process_28,1499372210,user_180
process_18,1499372252,user_103
process_44,1499372346,user_208
process_24,1499372437,user_240
process_23,1499372457,user_102
process_23,1499373328,user_267
process_17,1499373457,user_30
process_33,1499373532,user_62
process_23,1499374392,user_161
process_5,1499374933,user_68
process_40,1499375127,user_16
process_22,1499375644,user_133
process_11,1499375810,user_32
process_33,1499375869,user_176
process_0,1499375936,user_27
process_27,1499375983,user_37
process_15,1499376116,user_10
process_38,1499376124,user_128
process_34,1499376700,user_78
process_12,1499376720,user_95
process_17,1499377249,user_194
process_44,1499377281,user_193
process_49,1499377583,user_55
process_11,1499377983,user_171
process_21,1499378471,user_147
process_45,1499378779,user_191
process_45,1499379310,user_41
process_40,1499379331,user_115
process_33,1499379656,user_185
process_44,1499379705,user_65
process_23,1499379717,user_147
process_5,1499379839,user_144
process_39,1499379895,user_217
process_1,1499379936,user_12
process_45,1499380273,user_244
process_34,1499380796,user_155
process_6,1499380894,user_182
process_0,1499380933,user_114
process_44,1499380970,user_287
process_0,1499381790,user_52
process_12,1499381951,user_288
process_10,1499382055,user_43
process_40,1499382172,user_66
process_30,1499383318,user_152
process_39,1499383949,user_22
process_22,1499384042,user_207
process_23,1499384142,user_170
process_22,1499384269,user_17
process_16,1499384270,user_146
process_22,1499384417,user_36
process_22,1499384502,user_198
process_10,1499384646,user_288
process_7,1499384755,user_67
process_5,1499385371,user_40
process_5,1499385467,user_69
process_23,1499385720,user_142
process_6,1499385877,user_93
process_34,1499385923,user_176
process_22,1499385947,user_136
process_6,1499386075,user_210
process_6,1499386099,user_73
process_44,1499386126,user_187
process_5,1499386271,user_125
process_5,1499387012,user_179
process_39,1499387183,user_232
process_29,1499387267,user_159
process_16,1499387551,user_144
process_33,1499387745,user_248
process_6,1499387909,user_125
process_0,1499388046,user_34
process_39,1499388729,user_283
process_17,1499389009,user_230
process_49,1499389058,user_123
process_16,1499389078,user_222
process_49,1499389271,user_241
process_5,1499389399,user_263
process_22,1499389437,user_142
process_21,1499389466,user_145
process_49,1499389584,user_218
process_6,1499389588,user_94
process_33,1499389850,user_160
process_28,1499389885,user_148
process_6,1499390226,user_163
process_39,1499390432,user_113
process_23,1499390490,user_7
process_28,1499390585,user_245
process_34,1499390741,user_92
process_44,1499390783,user_272
process_28,1499390839,user_155
process_27,1499390953,user_180
process_28,1499390980,user_111
process_28,1499391012,user_54
process_23,1499391045,user_62
process_6,1499391123,user_205
process_7,1499391421,user_259
process_33,1499391635,user_4
process_12,1499391641,user_48
process_0,1499391645,user_5
process_22,1499392259,user_17
process_2,1499392494,user_202
process_45,1499392695,user_203
process_10,1499392858,user_257
process_27,1499393031,user_253
process_6,1499393362,user_40
process_0,1499393394,user_185
process_5,1499393483,user_205
process_49,1499393557,user_220
process_44,1499393621,user_195
process_11,1499393642,user_164
process_32,1499393718,user_30
process_23,1499393948,user_136
process_28,1499394108,user_84
process_12,1499394304,user_29
process_5,1499394357,user_152
process_49,1499394480,user_82
process_34,1499394708,user_233
process_10,1499395254,user_29
process_5,1499395610,user_73
process_0,1499395670,user_294
process_17,1499396320,user_47
process_28,1499396435,user_1
process_44,1499396570,user_76
process_32,1499396573,user_248
process_29,1499397150,user_265
process_7,1499397511,user_50
process_39,1499397764,user_174
process_27,1499398035,user_23
process_0,1499398306,user_297
process_18,1499398506,user_144
process_32,1499398507,user_275
process_45,1499398688,user_42
process_22,1499399177,user_31
process_16,1499399861,user_230
process_23,1499399955,user_286
process_44,1499399985,user_291
process_17,1499400066,user_46
process_16,1499400127,user_204
process_27,1499400389,user_235
process_40,1499400573,user_16
process_16,1499401169,user_47
process_0,1499401250,user_85
process_28,1499401411,user_264
process_16,1499401469,user_134
process_10,1499401811,user_58
process_6,1499401838,user_104
process_23,1499402104,user_270
process_21,1499402615,user_78
process_11,1499402631,user_65
process_5,1499402653,user_209
process_44,1499402962,user_234
process_22,1499402984,user_62
process_28,1499403020,user_235
process_12,1499403339,user_127
process_27,1499403387,user_285
process_45,1499403557,user_225
process_0,1499403758,user_149
process_35,1499404352,user_38
process_38,1499404397,user_188
process_48,1499404421,user_242
process_27,1499404635,user_206
process_40,1499404698,user_283
process_12,1499404967,user_288
process_17,1499405098,user_222
process_16,1499405118,user_184
process_33,1499405334,user_233
process_21,1499405351,user_17
process_29,1499405434,user_84
process_5,1499405893,user_167
process_6,1499406210,user_261
process_23,1499406258,user_145
process_28,1499406400,user_18
process_29,1499406503,user_245
process_49,1499406718,user_147
process_33,1499406877,user_216
process_39,1499407004,user_197
process_17,1499407183,user_199
process_23,1499407284,user_118
process_34,1499407417,user_116
process_28,1499407957,user_23
process_28,1499408166,user_159
process_12,1499408633,user_162
process_41,1499408676,user_217
process_33,1499409367,user_277
process_17,1499409427,user_252
process_6,1499409629,user_130
process_11,1499409700,user_67
process_33,1499409872,user_15
process_22,1499409930,user_240
process_12,1499409982,user_164
process_5,1499410442,user_231
process_5,1499410501,user_163
process_10,1499410590,user_60
process_0,1499410653,user_98
process_22,1499410891,user_7
process_28,1499410914,user_206
process_45,1499411167,user_24
process_39,1499411566,user_188
process_17,1499411650,user_6
process_11,1499411785,user_257
process_46,1499412236,user_203
process_0,1499412342,user_88
process_49,1499412615,user_89
process_6,1499412896,user_231
process_45,1499413057,user_76
process_10,1499413096,user_95
process_1,1499413169,user_137
process_22,1499413216,user_36
process_0,1499413421,user_181
process_45,1499413574,user_108
process_28,1499413859,user_83
process_49,1499414194,user_170
process_11,1499414501,user_45
process_16,1499414683,user_196
process_33,1499414705,user_26
process_34,1499414895,user_236
process_33,1499414906,user_32
process_34,1499414985,user_156
process_40,1499415158,user_217
process_10,1499415216,user_86
process_34,1499415284,user_101
process_5,1499415520,user_102
process_1,1499415564,user_266
process_12,1499415787,user_298
process_44,1499415913,user_244
process_6,1499416462,user_201
process_1,1499416526,user_181
process_22,1499416687,user_286
process_33,1499416980,user_250
process_16,1499417559,user_138
process_44,1499417565,user_28
process_33,1499417568,user_175
process_39,1499417803,user_238
process_24,1499417819,user_270
process_17,1499417995,user_144
process_5,1499418028,user_139
process_33,1499418318,user_176
process_17,1499418436,user_140
process_39,1499418605,user_281
process_11,1499418999,user_35
process_28,1499419182,user_91
process_0,1499419453,user_213
process_4,1499419525,user_93
process_45,1499419594,user_119
process_38,1499419708,user_113
process_49,1499419983,user_260
process_10,1499420348,user_20
process_11,1499420412,user_20
process_1,1499420592,user_121
process_5,1499420870,user_243
process_33,1499420877,user_156
process_39,1499421091,user_128
process_11,1499421282,user_129
process_22,1499421330,user_0
process_39,1499421340,user_247
process_28,1499421623,user_61
process_28,1499421739,user_96
process_45,1499422095,user_187
process_6,1499422743,user_74
process_49,1499422930,user_21
process_39,1499423063,user_215
process_28,1499423244,user_229
process_32,1499423351,user_176
process_29,1499423390,user_207
process_21,1499423726,user_262
process_33,1499424081,user_63
process_0,1499424312,user_295
process_39,1499424363,user_172
process_4,1499424444,user_263
process_6,1499424450,user_259
process_0,1499424510,user_255
process_33,1499424513,user_38
process_17,1499424537,user_196
process_29,1499424539,user_23
process_4,1499424612,user_163
process_7,1499424730,user_205
process_11,1499424946,user_58
process_0,1499425106,user_266
process_0,1499425415,user_14
process_22,1499425509,user_77
process_33,1499425786,user_275
process_34,1499425964,user_248
process_11,1499426014,user_95
process_17,1499426022,user_284
process_32,1499426129,user_32
process_6,1499426206,user_209
process_11,1499426287,user_224
process_28,1499426714,user_207
process_40,1499426823,user_11
process_6,1499426983,user_64
process_0,1499427003,user_192
process_7,1499427053,user_263
process_34,1499427185,user_38
process_17,1499427271,user_177
process_4,1499427391,user_102
process_45,1499427396,user_183
process_6,1499427549,user_139
process_11,1499427926,user_60
process_22,1499427995,user_274
process_39,1499428246,user_143
process_27,1499428690,user_229
process_38,1499428703,user_16
process_49,1499428747,user_49
process_40,1499428876,user_246
process_44,1499429013,user_278
process_0,1499429390,user_37
process_5,1499429768,user_153
process_16,1499429873,user_252
process_0,1499430241,user_52
process_44,1499430380,user_193
process_39,1499430595,user_290
process_0,1499430893,user_109
process_5,1499430935,user_94
process_22,1499430990,user_33
process_49,1499431247,user_287
process_44,1499432823,user_225
process_28,1499432864,user_180
process_38,1499433056,user_281
process_40,1499433068,user_131
process_6,1499433082,user_50
process_11,1499433240,user_29
process_17,1499433309,user_271
process_17,1499433317,user_296
process_40,1499433363,user_290
process_39,1499433578,user_131
process_0,1499433853,user_68
process_11,1499434006,user_75
process_5,1499434373,user_182
process_22,1499434497,user_161
process_45,1499434536,user_100
process_44,1499434628,user_237
process_22,1499434904,user_2
process_27,1499434917,user_159
process_7,1499434940,user_167
process_17,1499435014,user_103
process_11,1499435197,user_298
process_16,1499435229,user_284
process_49,1499435338,user_256
process_5,1499435602,user_226
process_33,1499435647,user_200
process_31,1499436879,user_233
process_22,1499437938,user_270
process_6,1499437957,user_167
process_0,1499438027,user_190
process_22,1499438216,user_78
process_23,1499438865,user_240
process_27,1499439011,user_135
process_38,1499439045,user_221
process_39,1499439786,user_22
process_12,1499440209,user_75
process_38,1499440247,user_238
process_18,1499440391,user_208
process_6,1499440400,user_105
process_28,1499440550,user_253
process_6,1499440632,user_226
process_45,1499440983,user_57
process_22,1499441005,user_112
process_22,1499441511,user_262
process_17,1499441837,user_239
process_17,1499441850,user_134
process_39,1499442107,user_16
process_6,1499442200,user_146
process_11,1499442730,user_288
process_0,1499442730,user_121
process_1,1499442825,user_88
process_34,1499442873,user_15
process_16,1499442938,user_173
process_34,1499443155,user_26
process_6,1499443174,user_182
process_49,1499443178,user_242
process_17,1499443347,user_227
process_23,1499443377,user_161
process_6,1499443472,user_263
process_5,1499443511,user_74
process_11,1499443559,user_124
process_10,1499443591,user_43
process_28,1499443791,user_282
process_38,1499443813,user_66
process_33,1499443853,user_92
process_12,1499443922,user_45
process_40,1499444076,user_174
process_44,1499444219,user_57
process_39,1499444273,user_66
process_5,1499444387,user_40
process_0,1499444520,user_202
process_49,1499444883,user_269
process_11,1499444938,user_44
process_39,1499445216,user_12
process_11,1499445290,user_293
process_34,1499445534,user_30
process_6,1499445558,user_102
process_40,1499445571,user_51
process_28,1499445699,user_251
process_44,1499445762,user_108
process_47,1499445795,user_100
process_5,1499445805,user_104
process_11,1499445940,user_43
process_26,1499446089,user_84
process_28,1499446213,user_265
process_28,1499446572,user_285
process_38,1499446760,user_232
process_27,1499446810,user_265
process_39,1499446959,user_221
process_11,1499447486,user_90
process_34,1499447533,user_160
process_49,1499448198,user_19
process_17,1499448296,user_138
process_0,1499448464,user_279
process_5,1499448465,user_166
process_28,1499448814,user_141
process_17,1499448883,user_53
process_5,1499448938,user_64
process_49,1499449019,user_280
process_26,1499449174,user_18
process_11,1499449192,user_162
process_11,1499449285,user_86
process_39,1499449386,user_249
process_39,1499449430,user_107
process_39,1499449605,user_9
process_5,1499449628,user_146
process_22,1499449775,user_171
process_45,1499450147,user_79
process_34,1499450206,user_32
process_40,1499450406,user_249
process_16,1499450617,user_227
process_17,1499450967,user_204
process_11,1499451073,user_127
process_38,1499451507,user_215
process_6,1499451742,user_166
process_39,1499451758,user_87
process_39,1499451997,user_150
process_49,1499452137,user_39
process_29,1499452201,user_180
process_44,1499452211,user_203
process_45,1499452567,user_193
process_5,1499452941,user_210
process_5,1499453013,user_105
process_17,1499453111,user_258
process_45,1499453206,user_273
process_34,1499453635,user_4
process_27,1499454133,user_84
process_39,1499454336,user_276
process_33,1499455198,user_59
process_34,1499455293,user_219
process_49,1499455744,user_55
process_11,1499455808,user_56
process_1,1499455931,user_37
process_34,1499456338,user_275
process_12,1499456517,user_44
process_16,1499456780,user_208
process_0,1499456939,user_178
process_45,1499456967,user_278
process_23,1499457065,user_133
process_45,1499457110,user_272
process_29,1499457246,user_157
process_5,1499457434,user_50
process_5,1499457705,user_201
process_49,1499457982,user_212
process_22,1499458240,user_145
process_11,1499458245,user_117
process_10,1499458488,user_129
process_44,1499458749,user_79
process_6,1499458987,user_179
process_45,1499459043,user_237
process_13,1499459328,user_90
process_39,1499459651,user_217
process_28,1499459784,user_135
process_1,1499459895,user_34
process_1,1499460080,user_178
process_17,1499460131,user_184
process_27,1499460919,user_251
process_17,1499460937,user_173
process_39,1499461320,user_246
process_27,1499461558,user_70
process_34,1499461766,user_216
process_10,1499461782,user_288
process_27,1499461852,user_264
process_6,1499461915,user_243
process_32,1499461942,user_236
process_49,1499461972,user_97
process_12,1499462431,user_86
process_1,1499462437,user_5
process_12,1499462565,user_65
process_16,1499462679,user_140
process_44,1499462696,user_24
process_11,1499462971,user_211
process_27,1499463225,user_245
process_44,1499463247,user_183
process_45,1499463247,user_28
process_7,1499463554,user_209
process_44,1499463677,user_273
process_16,1499464201,user_53
process_34,1499464460,user_63
process_11,1499464500,user_48
process_45,1499464667,user_291
process_23,1499464693,user_274
process_27,1499464813,user_141
process_33,1499464982,user_219
process_32,1499464989,user_101
process_17,1499465251,user_292
process_11,1499465366,user_71
process_1,1499465427,user_122
process_12,1499465599,user_67
process_45,1499465685,user_234
process_39,1499465788,user_51
process_34,1499465830,user_151
process_39,1499465899,user_25
process_49,1499466714,user_132
process_33,1499466765,user_30
process_0,1499466782,user_115
process_22,1499466971,user_118
process_38,1499467477,user_143
process_6,1499467550,user_152
process_22,1499467582,user_198
process_39,1499467670,user_169
process_11,1499467893,user_299
process_5,1499468247,user_130
process_28,1499468529,user_126
process_22,1499468617,user_133
process_33,1499468764,user_116
process_33,1499468928,user_151
process_33,1499469390,user_236
process_28,1499469449,user_157
process_49,1499469553,user_254
process_0,1499469628,user_137
process_44,1499469637,user_100
process_1,1499469988,user_202
process_29,1499470066,user_141
process_12,1499470205,user_129
process_4,1499470403,user_226
process_18,1499470409,user_140
process_44,1499470884,user_119
process_23,1499470930,user_2
process_0,1499470967,user_122
process_22,1499471201,user_106
process_33,1499471416,user_101
process_1,1499471785,user_190
process_22,1499471839,user_267
process_17,1499471954,user_268
process_44,1499471995,user_191
process_34,1499472052,user_10
process_39,1499472078,user_115
process_24,1499472097,user_78
process_17,1499472261,user_36
process_18,1499472517,user_136
process_0,1499472621,user_52
process_11,1499472780,user_95
process_33,1499473014,user_117
process_12,1499473015,user_186
process_0,1499473207,user_223
process_45,1499473411,user_54
process_28,1499473515,user_261
process_11,1499473538,user_25
process_34,1499473744,user_88
process_22,1499473971,user_262
process_12,1499474013,user_109
process_11,1499474049,user_144
process_38,1499474119,user_235
process_29,1499474178,user_2
process_0,1499474218,user_202
process_10,1499474687,user_293
process_49,1499475056,user_48
process_45,1499475127,user_119
process_28,1499475130,user_83
process_11,1499475226,user_160
process_5,1499475252,user_50
process_14,1499475451,user_103
process_6,1499475748,user_259
process_17,1499475823,user_103
process_40,1499475864,user_217
process_39,1499476027,user_77
process_28,1499476094,user_283
process_0,1499476583,user_76
process_40,1499476618,user_193
process_28,1499476979,user_2
process_5,1499477048,user_110
process_34,1499477093,user_38
process_44,1499477667,user_79
process_39,1499477779,user_150
process_0,1499477858,user_190
process_33,1499477940,user_15
process_34,1499477942,user_213
process_23,1499479061,user_7
process_33,1499479074,user_32
process_27,1499479368,user_20
process_34,1499479393,user_34
process_32,1499479481,user_41
process_1,1499479750,user_252
process_6,1499479804,user_50
process_49,1499479834,user_298
process_18,1499479872,user_266
process_27,1499480096,user_261
process_45,1499480262,user_255
process_28,1499481205,user_164
process_11,1499481393,user_57
process_38,1499481437,user_31
process_22,1499481510,user_171
process_32,1499481570,user_92
process_17,1499481787,user_46
process_18,1499481897,user_271
process_11,1499481996,user_225
process_45,1499482748,user_203
process_33,1499482758,user_213
process_35,1499483027,user_15
process_49,1499483587,user_183
process_16,1499483589,user_258
process_44,1499483633,user_187
process_10,1499483670,user_57
process_6,1499483939,user_226
process_0,1499484268,user_252
process_28,1499484446,user_60
process_33,1499484468,user_247
process_49,1499484766,user_82
process_12,1499485287,user_56
process_23,1499485436,user_69
process_28,1499485831,user_18
process_5,1499486021,user_221
process_45,1499486136,user_79
process_34,1499486360,user_134
process_49,1499486374,user_39
process_6,1499486615,user_267
process_0,1499486704,user_292
process_22,1499486741,user_294
process_40,1499486811,user_5
process_44,1499486818,user_65
process_34,1499487057,user_61
process_29,1499487058,user_198
process_27,1499487147,user_239
process_17,1499487536,user_245
process_11,1499487741,user_138
process_12,1499488039,user_225
process_10,1499488069,user_43
process_43,1499488420,user_206
process_5,1499488645,user_267
process_24,1499488856,user_37
process_39,1499488952,user_282
process_12,1499489021,user_148
process_5,1499489398,user_205
process_23,1499489412,user_262
process_6,1499489443,user_110
process_39,1499489558,user_87
process_11,1499489578,user_51
process_13,1499489611,user_256
process_49,1499489701,user_156
process_44,1499489747,user_291
process_17,1499489778,user_130
process_49,1499489823,user_127
process_27,1499489870,user_9
process_28,1499490144,user_152
process_10,1499490473,user_144
process_12,1499490681,user_35
process_0,1499491275,user_42
process_39,1499491366,user_269
process_44,1499491458,user_272
process_34,1499491545,user_15
process_44,1499491743,user_273
process_12,1499491805,user_124
process_39,1499491906,user_118
process_16,1499492200,user_103
process_11,1499492478,user_257
process_17,1499492558,user_231
process_39,1499492827,user_53
process_7,1499492865,user_267
process_34,1499493105,user_216
process_27,1499493135,user_152
process_44,1499493246,user_154
process_11,1499493593,user_124
process_0,1499493677,user_165
process_12,1499494447,user_256
process_27,1499494613,user_164
process_11,1499494776,user_256
process_18,1499495175,user_192
process_34,1499496062,user_13
process_11,1499496127,user_242
process_11,1499496129,user_94
process_27,1499496428,user_158
process_39,1499496726,user_5
process_49,1499496878,user_132
process_28,1499496880,user_111
process_38,1499497048,user_131
process_40,1499497178,user_162
process_11,1499497179,user_71
process_49,1499497470,user_254
process_11,1499497577,user_200
process_27,1499497826,user_141
process_27,1499497951,user_251
process_1,1499498160,user_165
process_17,1499498193,user_136
process_17,1499498248,user_192
process_17,1499498352,user_199
process_39,1499498403,user_131
process_6,1499498631,user_221
process_28,1499498639,user_70
process_33,1499498689,user_61
process_11,1499498760,user_116
process_27,1499498888,user_111
process_10,1499498971,user_138
process_39,1499499111,user_166
process_27,1499499842,user_126
process_49,1499500014,user_189
process_39,1499500026,user_235
process_39,1499500457,user_295
process_5,1499500669,user_173
process_16,1499500718,user_47
process_22,1499500904,user_7
process_22,1499500950,user_113
process_49,1499501414,user_21
process_16,1499501605,user_208
process_0,1499501993,user_12
process_16,1499502060,user_36
process_12,1499502223,user_123
process_39,1499502708,user_106
process_28,1499503026,user_265
process_11,1499503634,user_224
process_17,1499504122,user_174
process_1,1499504174,user_98
process_5,1499504561,user_182
process_39,1499504679,user_135
process_49,1499504722,user_16
process_1,1499504799,user_234
process_0,1499504848,user_85
process_28,1499504935,user_285
process_0,1499505059,user_227
process_22,1499505080,user_8
process_40,1499505091,user_101
process_38,1499505299,user_27
process_45,1499505336,user_73
process_17,1499505359,user_266
process_17,1499505653,user_90
process_16,1499505842,user_279
process_49,1499505889,user_280
process_6,1499506079,user_274
process_18,1499506178,user_199
process_32,1499506716,user_134
process_33,1499506830,user_92
process_17,1499506862,user_194
process_27,1499507392,user_285
process_11,1499507597,user_148
process_1,1499507941,user_202
process_5,1499508164,user_259
process_11,1499508178,user_67
process_39,1499508262,user_31
process_11,1499508485,user_293
process_7,1499508591,user_110
process_12,1499508606,user_67
process_5,1499509034,user_274
process_17,1499509103,user_284
process_11,1499509392,user_186
process_11,1499509431,user_211
process_35,1499509484,user_61
process_22,1499509554,user_112
process_23,1499509610,user_23
process_10,1499509694,user_257
process_44,1499509860,user_119
process_33,1499510019,user_289
process_21,1499510197,user_188
process_17,1499510466,user_258
process_44,1499510591,user_255
process_5,1499510986,user_226
process_39,1499511233,user_86
process_28,1499511511,user_96
process_46,1499511857,user_119
process_23,1499511872,user_112
process_22,1499511937,user_105
process_49,1499511940,user_241
process_17,1499512513,user_215
process_49,1499512570,user_6
process_44,1499512602,user_237
process_1,1499512900,user_248
process_45,1499512953,user_24
process_28,1499513525,user_229
process_39,1499513702,user_217
process_5,1499513946,user_64
process_11,1499514229,user_29
process_44,1499514581,user_108
process_16,1499514829,user_130
process_28,1499514835,user_180
process_33,1499514872,user_13
process_33,1499514928,user_219
process_29,1499515167,user_91
process_39,1499515509,user_193
process_16,1499515599,user_270
process_16,1499515605,user_284
process_7,1499515622,user_246
process_12,1499516051,user_116
process_11,1499516221,user_26
process_40,1499516268,user_106
process_33,1499516755,user_4
process_48,1499516828,user_189
process_28,1499516897,user_20
process_11,1499516935,user_238
process_22,1499517194,user_69
process_39,1499517234,user_201
process_12,1499517248,user_268
process_5,1499517379,user_263
process_18,1499517734,user_215
process_5,1499517759,user_222
process_44,1499517781,user_73
process_33,1499517927,user_216
process_5,1499517969,user_246
process_16,1499518361,user_196
process_33,1499518487,user_30
process_45,1499518507,user_291
process_38,1499518529,user_135
process_38,1499518651,user_172
process_49,1499518657,user_55
process_17,1499519046,user_204
process_44,1499519816,user_191
process_45,1499520096,user_272
process_39,1499520802,user_175
process_33,1499520846,user_34
process_17,1499520921,user_208
process_28,1499521054,user_239
process_45,1499521402,user_191
process_39,1499521565,user_290
process_1,1499521804,user_85
process_0,1499521809,user_98
process_44,1499521968,user_54
process_10,1499521995,user_25
process_17,1499522356,user_80
process_17,1499522496,user_279
process_45,1499522530,user_154
process_38,1499522744,user_118
process_6,1499522776,user_173
process_0,1499522818,user_122
process_17,1499522823,user_125
process_39,1499522840,user_153
process_6,1499523373,user_64
process_10,1499523413,user_160
process_28,1499523652,user_126
process_6,1499523668,user_0
process_10,1499523866,user_148
process_11,1499523887,user_142
process_43,1499523997,user_119
process_23,1499524120,user_286
process_0,1499524569,user_155
process_28,1499524619,user_163
process_23,1499524749,user_171
process_44,1499524915,user_45
process_4,1499525016,user_210
process_10,1499525193,user_35
process_48,1499525428,user_280
process_28,1499525641,user_143
process_48,1499525739,user_156
process_0,1499525783,user_209
process_23,1499525877,user_105
process_17,1499526162,user_47
process_38,1499526223,user_59
process_10,1499526295,user_238
process_18,1499526548,user_90
process_11,1499526580,user_56
process_23,1499526612,user_170
process_28,1499526765,user_264
process_16,1499526862,user_199
process_28,1499526903,user_198
process_39,1499528070,user_128
process_16,1499528124,user_46
process_22,1499528670,user_66
process_28,1499528825,user_91
process_16,1499528901,user_215
process_40,1499528910,user_201
process_6,1499528978,user_19
process_6,1499529046,user_222
process_44,1499529110,user_287
process_5,1499529392,user_40
process_49,1499529506,user_11
process_34,1499529815,user_289
process_7,1499529877,user_50
process_39,1499529964,user_107
process_33,1499530236,user_297
process_6,1499530529,user_205
process_11,1499530553,user_43
process_45,1499530781,user_168
process_17,1499531104,user_62
process_27,1499531139,user_198
process_22,1499531179,user_17
process_21,1499531193,user_8
process_39,1499531320,user_101
process_49,1499531408,user_185
process_11,1499531682,user_123
process_44,1499531691,user_276
process_40,1499531905,user_282
process_44,1499532134,user_24
process_22,1499532136,user_23
process_38,1499532391,user_220
process_49,1499532409,user_28
process_16,1499532495,user_266
process_16,1499532759,user_136
process_22,1499532774,user_37
process_16,1499532831,user_204
process_33,1499532865,user_244
process_24,1499533079,user_188
process_5,1499533086,user_19
process_28,1499533656,user_230
process_5,1499533831,user_210
process_0,1499533865,user_133
process_33,1499534155,user_38
process_28,1499534559,user_141
process_39,1499534680,user_22
process_1,1499534774,user_209
process_0,1499535302,user_178
process_16,1499535480,user_192
process_11,1499535613,user_139
process_34,1499535654,user_4
process_23,1499535655,user_102
process_32,1499535890,user_10
process_45,1499536067,user_236
process_44,1499536175,user_206
process_1,1499536537,user_42
process_44,1499536588,user_203
process_40,1499536887,user_77
process_34,1499537177,user_41
process_12,1499537595,user_139
process_16,1499538151,user_80
process_49,1499538335,user_157
process_46,1499538535,user_65
process_10,1499538558,user_29
process_39,1499538799,user_220
process_5,1499538810,user_68
process_38,1499539479,user_249
process_27,1499539799,user_265
process_6,1499540244,user_246
process_34,1499540245,user_30
process_33,1499540958,user_88
process_44,1499541689,user_236
process_38,1499541903,user_166
process_28,1499542016,user_251
process_37,1499542659,user_220
process_44,1499542986,user_168
process_39,1499543063,user_243
process_27,1499543350,user_230
process_16,1499543383,user_174
process_38,1499543933,user_115
process_12,1499544635,user_224
process_45,1499544640,user_287
process_22,1499544791,user_102
process_17,1499544868,user_196
process_6,1499544931,user_210
process_33,1499545244,user_176
process_39,1499545263,user_169
process_6,1499546216,user_182
process_27,1499546917,user_159
process_6,1499546988,user_40
process_44,1499546998,user_195
process_28,1499547081,user_158
process_38,1499547253,user_128
process_0,1499547456,user_184
process_44,1499547616,user_253
process_22,1499547622,user_78
process_22,1499547870,user_99
process_11,1499547903,user_44
process_45,1499547928,user_45
process_10,1499548380,user_224
process_22,1499548477,user_188
process_14,1499548796,user_196
process_21,1499548859,user_33
process_22,1499549020,user_286
process_49,1499549047,user_212
process_28,1499549370,user_81
process_11,1499549516,user_35
process_33,1499549842,user_10
process_34,1499550046,user_117
process_34,1499550189,user_92
process_6,1499550350,user_263
process_27,1499550841,user_60
process_10,1499551004,user_49
process_38,1499551339,user_175
process_45,1499551692,user_253
process_22,1499551707,user_170
process_39,1499551725,user_162
process_21,1499551956,user_78
process_45,1499552040,user_206
process_39,1499552044,user_27
process_0,1499552053,user_121
process_49,1499552377,user_114
process_45,1499552413,user_195
process_17,1499552723,user_271
process_33,1499552890,user_277
process_11,1499552901,user_268
process_11,1499552980,user_129
process_11,1499553132,user_49
process_45,1499553270,user_276
process_1,1499553731,user_181
process_6,1499553771,user_177
process_39,1499553982,user_249
process_48,1499554034,user_254
process_0,1499554134,user_248
process_28,1499554354,user_207
process_0,1499554568,user_1
process_22,1499554685,user_58
process_0,1499554762,user_234
process_33,1499554826,user_260
process_0,1499554885,user_137
process_33,1499554986,user_134
process_33,1499555077,user_41
process_45,1499555622,user_187
process_38,1499555847,user_295
process_22,1499556664,user_33
process_40,1499556683,user_86
process_22,1499556698,user_240
process_27,1499556708,user_83
process_23,1499556758,user_66
process_28,1499556773,user_9
process_11,1499556855,user_109
process_23,1499556915,user_100
process_22,1499556979,user_149
process_32,1499557224,user_277
process_17,1499557304,user_270
process_16,1499557525,user_90
process_28,1499557786,user_84
process_28,1499558011,user_159
process_12,1499558151,user_26
process_34,1499558314,user_244
process_6,1499558773,user_8
process_5,1499558864,user_73
process_45,1499558994,user_263
process_21,1499559058,user_78
process_39,1499559181,user_232
process_23,1499559608,user_240
process_16,1499560096,user_152
process_28,1499560199,user_285
process_12,1499560365,user_43
process_39,1499560437,user_229
process_38,1499560448,user_232
process_39,1499560580,user_11
process_0,1499560972,user_101
process_17,1499561052,user_284
process_0,1499562327,user_27
process_23,1499562457,user_267
process_33,1499562542,user_163
process_0,1499562656,user_184
process_38,1499562720,user_186
process_49,1499563242,user_241
process_0,1499563381,user_106
process_5,1499563603,user_50
process_17,1499563639,user_279
process_5,1499563765,user_64
process_16,1499563930,user_103
process_0,1499564247,user_98
process_39,1499564332,user_128
process_22,1499564357,user_58
process_0,1499564780,user_110
process_38,1499564969,user_155
process_39,1499565900,user_5
process_33,1499565903,user_211
process_17,1499565912,user_80
process_39,1499566113,user_9
process_44,1499566138,user_263
process_23,1499566282,user_149
process_39,1499566371,user_172
process_22,1499566531,user_147
process_4,1499566586,user_8
process_0,1499566618,user_114
process_18,1499566656,user_103
process_22,1499566844,user_0
process_44,1499566984,user_125
process_12,1499566997,user_60
process_16,1499567300,user_270
process_39,1499567747,user_238
process_44,1499567893,user_82
process_11,1499568103,user_142
process_34,1499568259,user_117
process_0,1499568387,user_202
process_49,1499568542,user_138
process_39,1499568743,user_175
process_38,1499569043,user_86
process_44,1499569168,user_69
process_34,1499569216,user_176
process_48,1499569350,user_157
process_6,1499569473,user_173
process_49,1499569561,user_156
process_10,1499570010,user_25
process_23,1499570257,user_109
process_18,1499570386,user_199
process_38,1499570578,user_196
process_38,1499570651,user_131
process_12,1499571085,user_194
process_39,1499571208,user_145
process_28,1499571310,user_265
process_17,1499571935,user_118
process_49,1499572013,user_35
process_22,1499572308,user_240
process_39,1499572325,user_200
process_40,1499572618,user_281
process_28,1499572714,user_223
process_27,1499573086,user_23
process_0,1499573369,user_292
process_22,1499573619,user_197
process_22,1499573828,user_20
process_22,1499574060,user_33
process_28,1499574208,user_161
process_11,1499574274,user_67
process_16,1499574476,user_199
process_44,1499574933,user_239
process_27,1499574957,user_71
process_17,1499575157,user_72
process_28,1499575332,user_111
process_49,1499575385,user_95
process_49,1499575707,user_271
process_49,1499575837,user_132
process_38,1499576234,user_160
process_5,1499576404,user_231
process_38,1499576416,user_219
process_33,1499576665,user_298
process_49,1499576707,user_259
process_35,1499576994,user_244
process_28,1499577076,user_126
process_17,1499577105,user_252
process_44,1499577278,user_187
process_22,1499577539,user_136
process_45,1499577601,user_158
process_44,1499578329,user_291
process_1,1499578532,user_202
process_27,1499579125,user_126
process_23,1499579291,user_135
process_6,1499579860,user_221
process_17,1499579899,user_37
process_10,1499580834,user_130
process_16,1499580857,user_140
process_0,1499581477,user_209
process_38,1499581948,user_188
process_7,1499582092,user_231
process_39,1499582349,user_282
process_39,1499582433,user_77
process_1,1499582709,user_101
process_0,1499582759,user_213
process_10,1499582855,user_266
process_11,1499583374,user_70
process_11,1499583440,user_299
process_0,1499583615,user_273
process_45,1499583777,user_276
process_22,1499583915,user_17
process_24,1499584313,user_109
process_10,1499584369,user_21
process_22,1499584568,user_181
process_28,1499584589,user_84
process_39,1499584954,user_249
process_0,1499585176,user_12
process_34,1499585466,user_289
process_45,1499585779,user_105
process_27,1499586172,user_127
process_16,1499586286,user_34
process_10,1499586503,user_142
process_34,1499587267,user_93
process_45,1499587286,user_28
process_17,1499587893,user_34
process_32,1499587961,user_117
process_44,1499588044,user_158
process_38,1499588303,user_282
process_16,1499588443,user_118
process_43,1499588480,user_65
process_44,1499588721,user_276
process_49,1499589860,user_97
process_17,1499589892,user_230
process_34,1499589995,user_38
process_33,1499590194,user_107
process_6,1499590203,user_104
process_16,1499590424,user_47
process_16,1499590483,user_208
process_45,1499590843,user_125
process_45,1499590957,user_245
process_49,1499591148,user_278
process_33,1499591683,user_244
process_44,1499591707,user_116
process_17,1499591970,user_195
process_38,1499592009,user_229
process_22,1499592053,user_286
process_0,1499592340,user_178
process_5,1499592435,user_221
process_5,1499592556,user_177
process_22,1499592970,user_119
process_39,1499593042,user_86
process_43,1499593222,user_193
process_28,1499593402,user_71
process_28,1499593522,user_206
process_11,1499593895,user_130
process_0,1499594244,user_121
process_39,1499594465,user_188
process_48,1499594482,user_132
process_5,1499594811,user_261
process_5,1499594827,user_222
process_28,1499595005,user_49
process_23,1499595210,user_17
process_33,1499595258,user_170
process_1,1499595500,user_98
process_12,1499595596,user_212
process_39,1499595962,user_186
process_11,1499596240,user_29
process_46,1499596440,user_108
process_40,1499596768,user_115
process_40,1499596900,user_282
process_12,1499597212,user_29
process_23,1499597297,user_181
process_38,1499597480,user_246
process_10,1499597485,user_70
process_11,1499597525,user_293
process_23,1499597829,user_214
process_22,1499597915,user_39
process_21,1499597997,user_119
process_27,1499598103,user_81
process_33,1499598489,user_88
process_23,1499598515,user_136
process_33,1499598848,user_44
process_12,1499598910,user_257
process_44,1499598958,user_105
process_49,1499598976,user_260
process_49,1499598996,user_277
process_38,1499599694,user_9
process_17,1499600098,user_10
process_6,1499600336,user_179
process_11,1499600352,user_216
process_44,1499600459,user_65
process_49,1499600842,user_287
process_26,1499601060,user_71
process_10,1499601105,user_288
process_39,1499601480,user_201
process_38,1499601814,user_51
process_6,1499601834,user_144
process_6,1499602050,user_62
process_39,1499602248,user_46
process_39,1499602502,user_87
process_17,1499602982,user_199
process_21,1499603327,user_7
process_49,1499603335,user_185
process_23,1499603622,user_58
process_11,1499603730,user_194
process_5,1499604143,user_4
process_39,1499604497,user_160
process_40,1499604613,user_175
process_6,1499604614,user_296
process_44,1499604940,user_193
process_39,1499605048,user_196
process_28,1499605346,user_2
process_27,1499605622,user_161
process_32,1499606033,user_92
process_22,1499606039,user_297
process_39,1499606059,user_143
process_21,1499606069,user_17
process_38,1499606130,user_59
process_33,1499606464,user_26
process_45,1499606505,user_24
process_45,1499606609,user_235
process_21,1499606690,user_224
process_22,1499606787,user_78
process_39,1499606934,user_281
process_7,1499606941,user_75
process_38,1499607033,user_87
process_27,1499607402,user_207
process_37,1499607588,user_232
process_45,1499607630,user_69
process_5,1499607663,user_226
process_0,1499607847,user_52
process_6,1499607898,user_150
process_38,1499608029,user_201
process_49,1499608469,user_55
process_22,1499608600,user_22
process_5,1499608690,user_150
process_6,1499608767,user_234
process_39,1499608827,user_246
process_11,1499608974,user_283
process_28,1499609619,user_127
process_17,1499610451,user_270
process_34,1499610789,user_170
process_39,1499610895,user_217
process_10,1499611172,user_60
process_17,1499611807,user_258
process_0,1499611897,user_6
process_1,1499611980,user_129
process_45,1499612030,user_65
process_40,1499612057,user_219
process_11,1499612059,user_225
process_33,1499612157,user_289
process_44,1499612176,user_237
process_46,1499612233,user_65
process_0,1499612302,user_129
process_17,1499612327,user_47
process_44,1499612524,user_235
process_28,1499612755,user_96
process_22,1499612867,user_135
process_17,1499613129,user_103
process_33,1499613592,user_248
process_6,1499613652,user_64
process_0,1499613685,user_122
process_11,1499613700,user_257
process_49,1499613932,user_157
process_27,1499614211,user_49
process_39,1499614346,user_155
process_28,1499614502,user_207
process_1,1499614609,user_255
process_0,1499614853,user_174
process_1,1499614931,user_178
process_45,1499615338,user_237
process_45,1499615409,user_191
process_49,1499615431,user_228
process_22,1499615559,user_102
process_17,1499615815,user_30
process_29,1499616212,user_205
process_44,1499616232,user_28
process_6,1499616314,user_146
process_45,1499616324,user_291
process_17,1499616340,user_152
process_49,1499616551,user_233
process_11,1499617166,user_204
process_6,1499617321,user_227
process_34,1499617412,user_44
process_23,1499617415,user_197
process_38,1499617439,user_238
process_44,1499617603,user_272
process_17,1499617663,user_164
process_45,1499617866,user_19
process_0,1499617976,user_63
process_1,1499618014,user_292
process_49,1499618136,user_99
process_33,1499618275,user_176
process_17,1499618314,user_215
process_22,1499618636,user_267
process_0,1499618941,user_91
process_49,1499619281,user_183
process_21,1499619361,user_297
process_33,1499619459,user_93
process_39,1499619497,user_51
process_5,1499619740,user_75
process_33,1499620023,user_45
process_34,1499620863,user_15
process_6,1499620864,user_261
process_22,1499621264,user_7
process_27,1499621443,user_84
process_45,1499621608,user_193
process_0,1499622342,user_85
process_11,1499622391,user_43
process_5,1499622687,user_234
process_21,1499622795,user_0
process_6,1499622837,user_73
process_5,1499622951,user_173
process_1,1499623330,user_122
process_49,1499623496,user_280
process_5,1499623538,user_104
process_45,1499623546,user_57
process_35,1499623584,user_248
process_0,1499623662,user_68
process_23,1499623878,user_139
process_6,1499623893,user_167
process_18,1499624037,user_164
process_22,1499624069,user_214
process_28,1499624110,user_203
process_27,1499624425,user_61
process_6,1499625123,user_231
process_12,1499625499,user_130
process_11,1499625735,user_123
process_1,1499626030,user_68
process_44,1499626044,user_245
process_22,1499626085,user_149
process_49,1499626365,user_242
process_22,1499626631,user_139
process_28,1499627314,user_61
process_6,1499627421,user_222
process_17,1499627722,user_208
process_0,1499627801,user_255
process_49,1499627983,user_41
process_11,1499628215,user_42
process_39,1499628527,user_166
process_39,1499628659,user_53
process_22,1499628789,user_171
process_11,1499628868,user_212
process_5,1499628891,user_74
process_16,1499628892,user_164
process_33,1499629086,user_269
process_34,1499629111,user_26
process_0,1499629241,user_189
process_38,1499629362,user_77
process_0,1499629887,user_169
process_34,1499629892,user_45
process_23,1499630044,user_7
process_33,1499630046,user_15
process_27,1499630155,user_206
process_15,1499630434,user_230
process_33,1499630508,user_117
process_0,1499630563,user_190
process_23,1499630630,user_20
process_39,1499630794,user_219
process_33,1499630798,user_38
process_23,1499630909,user_147
process_39,1499631075,user_131
process_29,1499631111,user_251
process_10,1499631193,user_43
process_6,1499631335,user_4
process_28,1499631343,user_23
process_5,1499631530,user_62
process_44,1499631543,user_57
process_0,1499631567,user_198
process_6,1499631621,user_177
process_39,1499631842,user_115
process_34,1499632181,user_88
process_10,1499632692,user_212
process_5,1499632783,user_146
process_1,1499633132,user_209
process_45,1499633238,user_82
process_44,1499633292,user_180
process_0,1499633440,user_1
process_12,1499633491,user_204
process_49,1499633864,user_218
process_34,1499634137,user_92
process_11,1499634259,user_25
process_49,1499634332,user_89
process_33,1499634410,user_262
process_33,1499634778,user_92
process_38,1499634814,user_243
process_44,1499634841,user_108
process_27,1499635123,user_54
process_5,1499635478,user_144
process_33,1499635675,user_32
process_44,1499635801,user_24
process_34,1499635834,user_244
process_17,1499635971,user_140
process_39,1499636046,user_153
process_0,1499636084,user_18
process_27,1499636203,user_251
process_16,1499636346,user_10
process_39,1499636368,user_243
process_38,1499636805,user_115
process_0,1499637335,user_192
process_38,1499637370,user_247
process_29,1499637452,user_126
process_45,1499637492,user_180
process_11,1499637695,user_36
process_12,1499637700,user_299
process_44,1499637900,user_19
process_45,1499638004,user_108
process_16,1499638007,user_258
process_49,1499638021,user_256
process_7,1499638133,user_179
process_28,1499638146,user_251
process_28,1499639207,user_151
process_0,1499639230,user_14
process_0,1499639288,user_13
process_39,1499639623,user_113
process_0,1499639851,user_133
process_7,1499639944,user_144
process_39,1499640670,user_247
process_43,1499640742,user_125
process_39,1499640929,user_141
process_6,1499641057,user_75
process_45,1499641066,user_239
process_16,1499641270,user_252
process_22,1499641333,user_109
process_6,1499641679,user_50
process_16,1499642136,user_37
process_6,1499642157,user_148
process_34,1499642159,user_298
process_45,1499642352,user_116
process_11,1499642744,user_60
process_38,1499642806,user_5
process_39,1499642922,user_31
process_28,1499643062,user_264
process_49,1499643202,user_94
process_0,1499643290,user_76
process_22,1499643623,user_224
process_49,1499643781,user_275
process_28,1499644033,user_81
process_0,1499644045,user_250
process_0,1499644156,user_294
process_0,1499644396,user_295
process_28,1499644533,user_54
process_29,1499644767,user_71
process_6,1499645245,user_271
process_34,1499645377,user_88
process_28,1499645457,user_223
process_26,1499645537,user_223
process_5,1499645554,user_68
process_6,1499645690,user_64
process_11,1499645893,user_143
process_39,1499645902,user_150
process_0,1499646431,user_85
process_0,1499646434,user_213
process_5,1499646512,user_74
process_49,1499647422,user_21
process_10,1499647565,user_95
process_44,1499647633,user_167
process_33,1499647750,user_89
process_33,1499647931,user_260
process_28,1499647963,user_84
process_44,1499648040,user_81
process_34,1499648181,user_116
process_11,1499648282,user_25
process_49,1499648287,user_16
process_11,1499648367,user_256
process_45,1499648672,user_195
process_0,1499648848,user_110
process_6,1499649315,user_179
process_12,1499649403,user_28
process_27,1499650315,user_180
process_5,1499650405,user_40
process_17,1499650452,user_192
process_11,1499650876,user_34
process_28,1499650998,user_52
process_0,1499651058,user_189
process_34,1499651101,user_89
process_27,1499651394,user_183
process_11,1499651791,user_281
process_22,1499651831,user_248
process_10,1499651866,user_25
process_33,1499652088,user_293
process_45,1499652483,user_233
process_1,1499652516,user_295
process_6,1499652738,user_68
process_8,1499652746,user_205
process_18,1499652787,user_174
process_0,1499653023,user_80
process_0,1499653058,user_294
process_11,1499653292,user_127
process_27,1499653453,user_245
process_45,1499653573,user_284
process_22,1499654363,user_19
process_23,1499654585,user_286
process_28,1499654875,user_182
process_22,1499655245,user_149
process_0,1499655366,user_207
process_38,1499655471,user_128
process_16,1499655624,user_262
process_34,1499655723,user_117
process_1,1499655952,user_121
process_21,1499656449,user_149
process_43,1499656615,user_234
process_6,1499656918,user_209
process_28,1499657012,user_239
process_1,1499657445,user_122
process_34,1499657532,user_41
process_11,1499657716,user_36
process_17,1499657809,user_154
process_33,1499657853,user_274
process_5,1499657873,user_259
process_44,1499657909,user_79
process_17,1499657928,user_208
process_5,1499657989,user_4
process_44,1499657992,user_284
process_23,1499658169,user_105
process_5,1499658340,user_231
process_17,1499658526,user_198
process_28,1499658697,user_183
process_33,1499658711,user_39
process_0,1499658792,user_217
process_28,1499658932,user_287
process_11,1499659095,user_94
process_23,1499659192,user_99
process_16,1499659270,user_47
process_44,1499659271,user_69
process_27,1499659274,user_52
process_5,1499659625,user_2
process_22,1499659650,user_197
process_44,1499659779,user_193
process_12,1499659938,user_56
process_28,1499660004,user_73
process_6,1499660197,user_74
process_38,1499660357,user_229
process_49,1499660549,user_11
process_12,1499660684,user_123
process_39,1499660789,user_115
process_33,1499660805,user_219
process_10,1499661174,user_29
process_23,1499661240,user_62
process_22,1499661370,user_202
process_5,1499661513,user_96
process_11,1499661605,user_279
process_44,1499661685,user_108
process_49,1499661806,user_165
process_45,1499661812,user_81
process_39,1499661864,user_128
process_23,1499661994,user_171
process_38,1499662080,user_150
process_16,1499662529,user_109
process_12,1499662609,user_278
process_16,1499662675,user_10
process_12,1499662987,user_7
process_10,1499663051,user_53
process_28,1499663171,user_249
process_5,1499663192,user_173
process_46,1499663408,user_79
process_28,1499663464,user_261
process_16,1499663727,user_75
process_5,1499663796,user_64
process_45,1499663855,user_234
process_29,1499664128,user_265
process_17,1499664212,user_288
process_11,1499664381,user_142
process_22,1499664746,user_0
process_39,1499664753,user_59
process_39,1499664891,user_188
process_12,1499665725,user_53
process_34,1499665766,user_277
process_11,1499666174,user_35
process_11,1499666538,user_7
process_11,1499666783,user_58
process_45,1499667108,user_272
process_23,1499667305,user_290
process_5,1499667783,user_132
process_17,1499667969,user_140
process_45,1499668082,user_24
process_1,1499668160,user_65
process_10,1499668329,user_7
process_49,1499668930,user_185
process_6,1499669116,user_40
process_35,1499669274,user_5
process_44,1499669555,user_253
process_12,1499669572,user_200
process_17,1499669753,user_10
process_22,1499669810,user_161
process_6,1499669831,user_228
process_0,1499669841,user_63
process_33,1499670175,user_117
process_28,1499670269,user_86
process_11,1499670329,user_200
process_18,1499670388,user_109
process_33,1499670405,user_289
process_11,1499670530,user_26
process_11,1499670557,user_28
process_23,1499670567,user_248
process_16,1499670600,user_140
process_28,1499671073,user_245
process_16,1499671307,user_154
process_17,1499671371,user_160
process_22,1499671418,user_31
process_6,1499671503,user_4
process_39,1499671544,user_175
process_44,1499672429,user_233
process_39,1499672517,user_276
process_39,1499673081,user_282
process_29,1499673671,user_292
process_22,1499673763,user_240
process_39,1499674135,user_30
process_24,1499674272,user_161
process_16,1499674357,user_176
process_45,1499674366,user_167
process_0,1499674479,user_121
process_45,1499674802,user_124
process_6,1499674899,user_231
process_33,1499674909,user_291
process_21,1499675062,user_296
process_0,1499675405,user_227
process_22,1499675413,user_105
process_38,1499675530,user_131
process_0,1499675619,user_251
process_17,1499676025,user_75
process_23,1499676223,user_269
process_5,1499676484,user_209
process_11,1499676942,user_53
process_27,1499677027,user_18
process_45,1499677079,user_78
process_49,1499677341,user_214
process_6,1499677513,user_173
process_10,1499677917,user_257
process_17,1499678053,user_199
process_38,1499678083,user_30
process_17,1499678208,user_109
process_5,1499678221,user_130
process_5,1499678377,user_37
process_49,1499678423,user_98
process_39,1499678456,user_27
process_34,1499678611,user_101
process_28,1499679094,user_148
process_45,1499679290,user_168
process_17,1499679389,user_211
process_16,1499679727,user_192
process_49,1499679863,user_82
process_18,1499680184,user_72
process_43,1499680216,user_57
process_49,1499680682,user_15
process_32,1499680826,user_237
process_19,1499681012,user_67
process_6,1499681397,user_226
process_28,1499681755,user_49
process_39,1499682022,user_131
process_11,1499682024,user_218
process_49,1499682030,user_114
process_33,1499682040,user_5
process_45,1499682198,user_79
process_33,1499682514,user_101
process_28,1499682636,user_70
process_21,1499682726,user_248
process_22,1499682907,user_286
process_27,1499683308,user_49
process_33,1499683475,user_206
process_44,1499683702,user_235
process_5,1499683789,user_205
process_16,1499683902,user_38
process_6,1499683987,user_222
process_39,1499684017,user_147
process_28,1499684028,user_20
process_49,1499684066,user_241
process_34,1499684360,user_237
process_22,1499684510,user_270
process_6,1499684538,user_164
process_6,1499684583,user_37
process_6,1499684756,user_172
process_16,1499684972,user_258
process_11,1499685121,user_29
process_27,1499685215,user_285
process_43,1499685459,user_233
process_28,1499685803,user_18
process_22,1499686176,user_112
process_49,1499686388,user_242
process_6,1499686392,user_107
process_39,1499686504,user_229
process_0,1499686690,user_103
process_45,1499686709,user_69
process_38,1499686845,user_27
process_1,1499686861,user_189
process_27,1499687530,user_70
process_0,1499687847,user_238
process_29,1499687937,user_126
process_45,1499688240,user_54
process_5,1499688504,user_104
process_39,1499688508,user_141
process_0,1499688921,user_178
process_1,1499689522,user_90
process_11,1499689553,user_210
process_16,1499689566,user_67
process_18,1499689749,user_262
process_38,1499690107,user_175
process_23,1499690521,user_149
process_23,1499690698,user_17
process_12,1499691126,user_266
process_5,1499691336,user_107
process_22,1499691395,user_269
process_5,1499691539,user_164
process_0,1499691834,user_297
process_0,1499691941,user_90
process_32,1499692053,user_117
process_24,1499692202,user_171
process_34,1499692411,user_246
process_21,1499692603,user_17
process_33,1499693021,user_41
process_16,1499693088,user_184
process_39,1499693177,user_22
process_44,1499693281,user_124
process_7,1499693429,user_104
process_27,1499693461,user_190
process_5,1499693629,user_271
process_21,1499693752,user_155
process_0,1499693834,user_8
process_28,1499694016,user_133
process_38,1499694089,user_118
process_33,1499694101,user_246
process_17,1499694205,user_72
process_44,1499694223,user_119
process_23,1499694376,user_31
process_28,1499694393,user_44
process_44,1499694451,user_54
process_39,1499695196,user_77
process_49,1499695242,user_268
process_26,1499695393,user_84
process_39,1499695410,user_169
process_16,1499696203,user_208
process_28,1499696323,user_100
process_28,1499696345,user_265
process_44,1499696421,user_272
process_11,1499696446,user_278
process_6,1499696470,user_2
process_39,1499696672,user_177
process_6,1499696685,user_216
process_16,1499696689,user_3
process_1,1499697018,user_217
process_22,1499697036,user_145
process_12,1499697270,user_143
process_22,1499697300,user_62
process_11,1499697339,user_56
process_17,1499697467,user_252
process_49,1499697551,user_156
process_29,1499697573,user_73
process_16,1499697811,user_199
process_28,1499698020,user_157
process_5,1499698045,user_172
process_27,1499698112,user_44
process_12,1499698300,user_34
process_28,1499698325,user_12
process_49,1499698336,user_201
process_44,1499698547,user_57
process_23,1499698547,user_240
process_22,1499698602,user_137
process_44,1499698878,user_78
process_17,1499699375,user_3
process_10,1499699398,user_127
process_30,1499699586,user_223
process_22,1499699779,user_23
process_1,1499699782,user_181
process_22,1499700003,user_33
process_34,1499700017,user_274
process_27,1499700083,user_73
process_11,1499700165,user_203
process_11,1499700168,user_71
process_11,1499700236,user_158
process_49,1499700238,user_163
process_17,1499700273,user_262
process_33,1499700283,user_244
process_6,1499700356,user_96
process_0,1499700368,user_273
process_4,1499700639,user_152
process_11,1499700684,user_66
process_11,1499700959,user_257
process_28,1499701538,user_1
process_5,1499701712,user_228
process_28,1499701880,user_267
process_21,1499702010,user_171
process_18,1499702303,user_211
process_35,1499702308,user_274
process_27,1499702333,user_287
process_39,1499702379,user_186
process_12,1499702423,user_279
process_22,1499702516,user_296
process_0,1499702654,user_102
process_11,1499702662,user_93
process_46,1499702711,user_195
process_6,1499702912,user_146
process_38,1499703225,user_188
process_11,1499703228,user_32
process_0,1499703481,user_65
process_21,1499703511,user_112
process_45,1499703571,user_193
process_28,1499703714,user_126
process_12,1499703765,user_236
process_44,1499703966,user_195
process_49,1499704005,user_50
process_34,1499704040,user_291
process_49,1499704231,user_55
process_17,1499704335,user_46
process_27,1499704347,user_83
process_49,1499704378,user_220
process_27,1499704387,user_223
process_17,1499704554,user_47
process_33,1499704611,user_116
process_22,1499705053,user_136
process_12,1499705324,user_51
process_12,1499705400,user_66
process_17,1499705423,user_67
process_0,1499705732,user_181
process_27,1499705750,user_92
process_39,1499705954,user_162
process_6,1499706032,user_166
process_27,1499706189,user_111
process_45,1499706404,user_108
process_38,1499706545,user_225
process_0,1499706994,user_295
process_1,1499707044,user_102
process_27,1499707071,user_267
process_6,1499707550,user_104
process_23,1499707607,user_112
process_21,1499707881,user_105
process_12,1499708343,user_25
process_33,1499708420,user_13
process_6,1499708745,user_205
process_44,1499709087,user_24
process_28,1499709420,user_190
process_34,1499709436,user_13
process_16,1499709480,user_46
process_49,1499709551,user_48
process_22,1499709625,user_290
process_34,1499709627,user_5
process_46,1499709793,user_124
process_6,1499709796,user_132
process_12,1499709829,user_42
process_40,1499709970,user_151
process_49,1499710225,user_254
process_27,1499710400,user_126
process_32,1499710516,user_101
process_17,1499710640,user_174
process_28,1499711003,user_180
process_28,1499711075,user_111
process_11,1499711175,user_123
process_17,1499711547,user_184
process_6,1499711891,user_275
process_10,1499711927,user_236
process_27,1499712240,user_182
process_28,1499712250,user_92
process_16,1499712716,user_252
process_33,1499712744,user_237
process_17,1499713037,user_230
process_10,1499713132,user_123
process_5,1499713177,user_146
process_6,1499713241,user_130
process_29,1499713264,user_92
process_5,1499713457,user_139
process_27,1499713713,user_100
process_44,1499713762,user_234
process_7,1499714066,user_130
process_39,1499714102,user_225
process_12,1499714391,user_35
process_22,1499714754,user_17
process_49,1499714898,user_187
process_0,1499715333,user_159
process_7,1499716020,user_166
process_12,1499716153,user_95
process_21,1499716495,user_137
process_0,1499716812,user_122
process_11,1499716855,user_224
process_40,1499716949,user_77
process_11,1499716980,user_43
process_17,1499717423,user_258
process_23,1499717742,user_33
process_44,1499717751,user_168
process_16,1499718198,user_174
process_17,1499718356,user_176
process_34,1499718385,user_260
process_45,1499718659,user_57
process_33,1499718704,user_61
process_28,1499718877,user_292
process_6,1499719391,user_259
process_22,1499719440,user_99
process_6,1499719458,user_152
process_22,1499719499,user_171
process_11,1499719714,user_266
process_15,1499720187,user_230
process_22,1499720228,user_135
process_39,1499720247,user_232
process_29,1499720251,user_180
process_22,1499720333,user_155
process_5,1499720601,user_179
process_6,1499720730,user_263
process_39,1499720995,user_191
process_12,1499721616,user_26
process_11,1499721826,user_236
process_33,1499721861,user_277
process_49,1499722090,user_6
process_38,1499722896,user_115
process_5,1499723030,user_222
process_39,1499723261,user_118
process_11,1499723425,user_299
process_5,1499723563,user_275
process_37,1499724222,user_141
process_0,1499724482,user_91
process_27,1499725387,user_239
process_21,1499725503,user_31
process_39,1499725663,user_113
process_23,1499725690,user_23
process_39,1499725704,user_243
process_28,1499725773,user_9
process_12,1499726153,user_29
process_15,1499726155,user_47
process_10,1499726282,user_58
process_39,1499726440,user_221
process_1,1499726532,user_238
process_6,1499726604,user_139
process_17,1499726796,user_38
process_0,1499726797,user_14
process_12,1499726844,user_43
process_33,1499727113,user_153
process_12,1499727736,user_203
process_10,1499727864,user_266
process_40,1499728063,user_27
process_33,1499728104,user_250
process_11,1499728316,user_95
process_11,1499728325,user_42
process_49,1499728606,user_280
process_23,1499728691,user_137
process_4,1499729336,user_226
process_35,1499729383,user_260
process_5,1499729665,user_216
process_11,1499729688,user_129
process_5,1499729836,user_226
process_17,1499729893,user_215
process_34,1499730596,user_219
process_49,1499730618,user_298
process_5,1499731115,user_263
process_34,1499731648,user_293
process_38,1499731811,user_169
process_27,1499732207,user_93
process_28,1499732319,user_23
process_10,1499732322,user_295
process_49,1499732326,user_271
process_6,1499732392,user_40
process_28,1499732535,user_127
process_39,1499732547,user_131
process_12,1499732715,user_290
process_1,1499733299,user_80
process_18,1499733428,user_138
process_16,1499733471,user_253
process_7,1499733483,user_40
process_1,1499733857,user_202
process_0,1499733891,user_110
process_38,1499734321,user_272
process_16,1499734434,user_100
process_22,1499734576,user_270
process_39,1499734646,user_59
process_29,1499735332,user_38
process_28,1499735346,user_225
process_22,1499735355,user_58
process_11,1499735401,user_43
process_45,1499735574,user_65
process_45,1499735579,user_291
process_23,1499735871,user_31
process_34,1499736012,user_176
process_11,1499736161,user_143
process_17,1499736488,user_255
process_0,1499736935,user_122
process_44,1499737377,user_24
process_45,1499737419,user_78
process_45,1499737510,user_61
process_27,1499737516,user_111
process_44,1499737688,user_54
process_6,1499737701,user_263
process_11,1499738083,user_25
process_16,1499738124,user_30
process_39,1499738430,user_223
process_39,1499738432,user_224
process_12,1499738497,user_295
process_48,1499738511,user_204
process_28,1499738532,user_206
process_39,1499738712,user_217
process_0,1499738719,user_6
process_0,1499738860,user_227
process_6,1499739000,user_239
process_17,1499739001,user_199
process_22,1499739052,user_274
process_22,1499739080,user_8
process_17,1499739095,user_138
process_0,1499739171,user_162
process_40,1499739243,user_160
process_5,1499739498,user_40
process_34,1499739894,user_20
process_22,1499740073,user_97
process_33,1499740125,user_200
process_17,1499740226,user_208
process_5,1499740266,user_239
process_33,1499740815,user_265
process_22,1499741122,user_207
process_6,1499741486,user_297
process_21,1499741547,user_112
process_39,1499741581,user_22
process_0,1499741824,user_13
process_0,1499741846,user_37
process_33,1499742227,user_293
process_23,1499742240,user_33
process_6,1499742267,user_226
process_33,1499742294,user_117
process_23,1499742581,user_112
process_16,1499742815,user_268
process_23,1499743349,user_207
process_6,1499743528,user_96
process_28,1499743543,user_18
process_39,1499743727,user_262
process_38,1499743777,user_59
process_38,1499744028,user_174
process_12,1499744073,user_60
process_11,1499744215,user_42
process_39,1499744456,user_128
process_34,1499744636,user_117
process_46,1499744910,user_284
process_0,1499745000,user_80
process_11,1499745010,user_21
process_43,1499745078,user_291
process_11,1499745527,user_94
process_22,1499745565,user_170
process_34,1499747281,user_216
process_28,1499747364,user_91
process_5,1499747441,user_4
process_17,1499747465,user_253
process_45,1499747551,user_108
process_6,1499747648,user_179
process_21,1499747777,user_274
process_6,1499747797,user_19
process_12,1499747923,user_43
process_11,1499747970,user_192
process_6,1499748001,user_101
process_44,1499748033,user_195
process_33,1499748778,user_216
process_34,1499748849,user_167
process_22,1499749158,user_242
process_44,1499749209,user_108
process_23,1499749252,user_246
process_44,1499749446,user_119
process_10,1499749639,user_25
process_22,1499749670,user_246
process_16,1499750307,user_199
process_45,1499750407,user_79
process_40,1499750426,user_201
process_0,1499750460,user_146
process_17,1499750827,user_75
process_6,1499750973,user_205
process_45,1499751146,user_24
process_5,1499751228,user_264
process_22,1499751583,user_231
process_27,1499751688,user_249
process_22,1499751731,user_74
process_49,1499751840,user_214
process_18,1499752056,user_199
process_38,1499752138,user_128
process_24,1499752141,user_126
process_6,1499752157,user_104
process_27,1499752162,user_18
process_33,1499752732,user_220
process_28,1499752752,user_38
process_5,1499752838,user_222
process_5,1499753590,user_261
process_6,1499753631,user_251
process_10,1499753672,user_71
process_22,1499753927,user_294
process_11,1499753948,user_60
process_39,1499754129,user_160
process_18,1499754384,user_292
process_49,1499754467,user_32
process_11,1499754594,user_287
process_22,1499754695,user_5
process_11,1499755737,user_299
process_39,1499755776,user_282
process_22,1499756010,user_212
process_6,1499756250,user_210
process_15,1499756725,user_120
process_28,1499757195,user_111
process_34,1499757523,user_133
process_11,1499757587,user_295
process_33,1499757611,user_176
process_29,1499757651,user_180
process_45,1499757738,user_237
process_0,1499757925,user_36
process_46,1499758083,user_237
process_34,1499758272,user_163
process_38,1499758280,user_217
process_0,1499758293,user_209
process_5,1499758308,user_259
process_17,1499758484,user_121
process_27,1499758552,user_180
process_11,1499758713,user_51
process_17,1499759004,user_140
process_39,1499759060,user_118
process_29,1499759458,user_171
process_23,1499759783,user_102
process_16,1499760070,user_208
process_22,1499760992,user_296
process_39,1499761263,user_77
process_39,1499761290,user_175
process_34,1499761333,user_220
process_11,1499761404,user_152
process_44,1499761804,user_69
process_23,1499762262,user_126
process_49,1499762316,user_165
process_34,1499762351,user_156
process_27,1499762379,user_247
process_49,1499762619,user_254
process_34,1499762774,user_88
process_21,1499762905,user_66
process_23,1499763159,user_0
process_10,1499763214,user_42
process_27,1499763542,user_159
process_38,1499763552,user_131
process_6,1499763664,user_259
process_6,1499763804,user_41
process_6,1499763840,user_261
process_40,1499764162,user_285
process_17,1499764306,user_72
process_0,1499764688,user_63
process_16,1499764896,user_292
process_16,1499765453,user_3
process_1,1499765499,user_13
process_17,1499765560,user_268
process_17,1499765711,user_120
process_0,1499765763,user_98
process_33,1499765767,user_88
process_49,1499766251,user_185
process_49,1499766416,user_145
process_23,1499766923,user_58
process_49,1499767793,user_204
process_18,1499767991,user_120
process_7,1499768007,user_226
process_16,1499768017,user_138
process_39,1499768260,user_172
process_44,1499768426,user_235
process_45,1499768556,user_45
process_43,1499768584,user_116
process_5,1499769396,user_263
process_33,1499769903,user_15
process_12,1499769904,user_92
process_23,1499769904,user_8
process_34,1499769977,user_219
process_49,1499770065,user_183
process_5,1499770193,user_68
process_33,1499770550,user_189
process_39,1499770629,user_201
process_28,1499770814,user_180
process_33,1499770965,user_181
process_49,1499771029,user_123
process_44,1499771433,user_291
process_12,1499771526,user_35
process_22,1499771652,user_134
process_11,1499771697,user_221
process_22,1499771709,user_33
process_39,1499771856,user_153
process_7,1499772112,user_267
process_29,1499772238,user_249
process_6,1499772349,user_234
process_11,1499772453,user_35
process_39,1499772487,user_238
process_0,1499772555,user_109
process_28,1499772598,user_171
process_28,1499772776,user_243
process_2,1499773051,user_228
process_28,1499773099,user_9
process_5,1499773241,user_101
process_32,1499773624,user_181
process_17,1499774009,user_292
process_5,1499774145,user_19
process_33,1499774201,user_12
process_39,1499774582,user_39
process_6,1499774624,user_4
process_29,1499774643,user_206
process_12,1499774691,user_94
process_23,1499774887,user_270
process_38,1499774911,user_285
process_43,1499775350,user_61
process_49,1499775353,user_55
process_28,1499775400,user_84
process_17,1499775800,user_196
process_28,1499776010,user_1
process_49,1499776260,user_114
process_39,1499776324,user_135
process_0,1499776432,user_202
process_38,1499776468,user_150
process_44,1499776489,user_193
process_39,1499776888,user_197
process_16,1499776975,user_72
process_49,1499777298,user_99
process_33,1499777435,user_236
process_22,1499777515,user_188
process_38,1499777645,user_160
process_16,1499777789,user_124
process_5,1499777923,user_139
process_17,1499778013,user_10
process_23,1499778060,user_170
process_21,1499778309,user_58
process_12,1499778340,user_194
process_0,1499778481,user_278
process_28,1499778635,user_247
process_11,1499778719,user_281
process_34,1499778853,user_62
process_10,1499778977,user_194
process_5,1499779010,user_2
process_23,1499779414,user_66
process_45,1499779735,user_233
process_45,1499779806,user_81
process_0,1499780352,user_34
process_23,1499780445,user_74
process_23,1499780497,user_136
process_44,1499780748,user_284
process_12,1499780866,user_42
process_40,1499780966,user_49
process_27,1499781121,user_230
process_17,1499781178,user_258
process_22,1499781734,user_155
process_22,1499781798,user_66
process_0,1499781911,user_76
process_49,1499782019,user_56
process_6,1499782098,user_222
process_49,1499782196,user_178
process_5,1499782427,user_104
process_39,1499782680,user_169
process_34,1499782704,user_189
process_23,1499782839,user_244
process_11,1499782994,user_194
process_33,1499783011,user_289
process_33,1499783062,user_277
process_11,1499783988,user_218
process_39,1499784133,user_285
process_10,1499784256,user_266
process_44,1499784782,user_203
process_44,1499784860,user_57
process_5,1499784886,user_129
process_44,1499785409,user_45
process_5,1499785461,user_107
process_0,1499785694,user_213
process_12,1499786257,user_218
process_0,1499786411,user_14
process_32,1499786698,user_133
process_5,1499787085,user_251
process_38,1499787228,user_197
process_22,1499787230,user_149
process_22,1499787890,user_229
process_44,1499788147,user_65
process_22,1499788445,user_0
process_22,1499788969,user_132
process_40,1499789103,user_169
process_0,1499789264,user_184
process_0,1499789524,user_27
process_44,1499789589,user_116
process_24,1499789715,user_66
process_6,1499789744,user_129
process_5,1499790281,user_297
process_6,1499790286,user_267
process_38,1499790299,user_22
process_23,1499790319,user_231
process_49,1499790525,user_11
process_22,1499790736,user_126
process_22,1499790747,user_112
process_18,1499790765,user_10
process_12,1499791006,user_44
process_34,1499791221,user_265
process_45,1499791467,user_116
process_34,1499791480,user_89
process_40,1499791607,user_39
process_44,1499791757,user_81
process_27,1499791861,user_91
process_40,1499792047,user_224
process_44,1499792159,user_78
process_28,1499792467,user_283
process_11,1499792773,user_252
process_10,1499793063,user_35
process_34,1499793500,user_236
process_17,1499793709,user_100
process_40,1499794024,user_191
process_34,1499794110,user_248
process_27,1499794143,user_148
process_10,1499794197,user_29
process_22,1499794370,user_113
process_39,1499794400,user_49
process_40,1499794498,user_150
process_6,1499794565,user_264
process_5,1499794828,user_210
process_44,1499795141,user_233
process_11,1499795228,user_211
process_10,1499795493,user_94
process_33,1499795601,user_273
process_6,1499795753,user_177
process_22,1499795762,user_137
process_11,1499795939,user_186
process_12,1499796411,user_221
process_45,1499796445,user_125
process_38,1499796554,user_224
process_22,1499796668,user_286
process_45,1499796688,user_28
process_22,1499797928,user_136
process_5,1499797931,user_179
process_49,1499798236,user_82
process_27,1499798388,user_243
process_23,1499798551,user_274
process_17,1499798926,user_124
process_39,1499798975,user_141
process_28,1499799376,user_148
process_34,1499799441,user_181
process_39,1499800194,user_191
process_16,1499800244,user_255
process_5,1499800266,user_205
process_13,1499800310,user_71
process_10,1499800387,user_43
process_23,1499800732,user_294
process_12,1499800769,user_152
process_33,1499801526,user_156
process_33,1499801953,user_20
process_10,1499802293,user_299
process_17,1499802318,user_3
process_33,1499802370,user_89
process_49,1499802648,user_257
process_16,1499802929,user_121
process_44,1499803077,user_245
process_28,1499803083,user_93
process_0,1499803088,user_228
process_22,1499803247,user_102
process_5,1499803334,user_234
process_43,1499803523,user_54
process_28,1499803535,user_230
process_24,1499803821,user_231
process_23,1499803899,user_149
process_39,1499803986,user_87
process_39,1499804070,user_86
process_11,1499804094,user_67
process_40,1499804303,user_87
process_38,1499804525,user_87
process_17,1499804602,user_173
process_16,1499804663,user_258
process_16,1499804779,user_103
process_11,1499805363,user_95
process_17,1499805416,user_288
process_6,1499805438,user_50
process_49,1499805696,user_241
process_33,1499805838,user_219
process_49,1499806174,user_166
process_21,1499806354,user_155
process_44,1499806389,user_28
process_11,1499806961,user_46
process_33,1499807026,user_163
process_12,1499807072,user_7
process_49,1499807418,user_256
process_45,1499807482,user_193
process_17,1499807734,user_30
process_49,1499807816,user_151
process_6,1499808045,user_85
process_15,1499808129,user_130
process_44,1499808418,user_237
process_40,1499808438,user_86
process_22,1499808573,user_198
process_5,1499808963,user_50
process_49,1499809042,user_280
process_39,1499809308,user_106
process_27,1499809474,user_127
process_11,1499809714,user_92
process_34,1499809851,user_273
process_4,1499809884,user_261
process_49,1499809908,user_275
process_11,1499810543,user_290
process_28,1499810632,user_83
process_11,1499810659,user_71
process_5,1499810739,user_85
process_33,1499810863,user_133
process_1,1499810917,user_279
process_44,1499810990,user_276
process_45,1499811075,user_235
process_45,1499811218,user_203
process_44,1499811637,user_158
process_44,1499811783,user_125
process_39,1499811899,user_272
process_49,1499812003,user_142
process_16,1499812676,user_130
process_11,1499812684,user_29
process_39,1499812883,user_232
process_29,1499812916,user_91
process_21,1499812954,user_149
process_6,1499813095,user_2
process_6,1499813095,user_107
process_10,1499813317,user_290
process_29,1499813534,user_230
process_6,1499813713,user_139
process_22,1499813723,user_17
process_28,1499814162,user_249
process_11,1499814252,user_266
process_23,1499814253,user_113
process_6,1499814440,user_53
process_11,1499814970,user_90
process_6,1499815098,user_68
process_32,1499815295,user_117
process_39,1499815481,user_150
process_45,1499815690,user_195
process_5,1499815752,user_96
process_18,1499815866,user_100
process_44,1499816242,user_61
process_5,1499816524,user_267
process_33,1499816615,user_62
process_17,1499816658,user_103
process_33,1499817126,user_167
process_23,1499817154,user_286
process_11,1499817251,user_44
process_12,1499817383,user_51
process_17,1499817466,user_130
process_29,1499817520,user_225
process_33,1499817542,user_248
process_34,1499817774,user_219
process_22,1499817774,user_9
process_28,1499818656,user_115
process_28,1499818697,user_111
process_43,1499818766,user_34
process_38,1499819092,user_197
process_38,1499819176,user_221
process_5,1499819321,user_128
process_22,1499819395,user_192
process_26,1499819563,user_287
process_33,1499819891,user_32
process_6,1499819945,user_139
process_0,1499819998,user_255
process_49,1499820089,user_187
process_18,1499820252,user_194
process_6,1499820424,user_50
process_49,1499820446,user_214
process_45,1499820662,user_19
process_23,1499820941,user_118
process_24,1499821140,user_168
process_16,1499821191,user_30
process_12,1499821283,user_129
process_22,1499821326,user_7
process_17,1499821540,user_204
process_22,1499821813,user_137
process_5,1499821893,user_222
process_27,1499822050,user_267
process_17,1499822192,user_196
process_28,1499822204,user_264
process_27,1499822318,user_144
process_11,1499822782,user_281
process_11,1499822827,user_269
process_16,1499822872,user_134
process_22,1499822979,user_62
process_28,1499823000,user_159
process_39,1499823146,user_252
process_22,1499823283,user_270
process_5,1499823358,user_177
process_11,1499823386,user_65
process_28,1499823657,user_205
process_44,1499824013,user_84
process_0,1499824017,user_85
process_49,1499824171,user_185
process_28,1499824198,user_144
process_22,1499824245,user_8
process_12,1499824320,user_266
process_17,1499824368,user_47
process_45,1499824520,user_245
process_33,1499824607,user_199
process_6,1499824783,user_2
process_44,1499824861,user_208
process_3,1499824907,user_222
process_43,1499825214,user_191
process_11,1499825221,user_43
process_6,1499825230,user_99
process_5,1499825282,user_139
process_27,1499825682,user_83
process_17,1499825931,user_72
process_21,1499826556,user_58
process_49,1499826620,user_55
process_17,1499826750,user_164
process_5,1499826752,user_99
process_33,1499826822,user_277
process_49,1499827109,user_228
process_39,1499827265,user_57
process_0,1499827446,user_294
process_49,1499827457,user_16
process_0,1499827562,user_122
process_45,1499827686,user_28
process_11,1499827688,user_67
process_22,1499827958,user_105
process_5,1499828587,user_10
process_39,1499828620,user_256
process_6,1499828734,user_203
process_16,1499828792,user_230
process_27,1499828825,user_159
process_27,1499829151,user_91
process_44,1499829187,user_24
process_5,1499829592,user_4
process_5,1499829823,user_93
process_44,1499829834,user_245
process_17,1499829930,user_201
process_12,1499829945,user_211
process_10,1499829977,user_71
process_5,1499829985,user_96
process_26,1499830002,user_49
process_6,1499830145,user_222
process_44,1499830737,user_124
process_17,1499831478,user_253
process_7,1499831699,user_93
process_6,1499832269,user_226
process_38,1499832368,user_104
process_12,1499832492,user_218
process_23,1499832723,user_8
process_7,1499832837,user_2
process_38,1499832882,user_106
process_44,1499832956,user_82
process_38,1499832959,user_246
process_6,1499833106,user_296
process_22,1499833240,user_112
process_5,1499833398,user_59
process_18,1499833517,user_3
process_12,1499833709,user_121
process_29,1499833718,user_127
process_45,1499834048,user_78
process_0,1499834164,user_209
process_49,1499834362,user_293
process_39,1499834625,user_27
process_11,1499834729,user_123
process_6,1499834737,user_0
process_27,1499834903,user_126
process_10,1499835512,user_121
process_23,1499835801,user_136
process_6,1499835859,user_184
process_27,1499835863,user_163
process_44,1499835976,user_191
process_39,1499836050,user_106
process_17,1499836285,user_45
process_40,1499836498,user_125
process_16,1499836571,user_196
process_12,1499836761,user_48
process_5,1499837033,user_0
process_29,1499837387,user_44
process_5,1499837718,user_110
process_0,1499837960,user_63
process_40,1499838326,user_243
process_28,1499838523,user_127
process_22,1499838600,user_188
process_39,1499838985,user_238
process_22,1499839354,user_171
process_38,1499839656,user_285
process_0,1499839882,user_80
process_18,1499839976,user_134
process_44,1499840215,user_195
process_49,1499840300,user_165
process_5,1499840336,user_94
process_49,1499840575,user_233
process_16,1499840708,user_26
process_33,1499840733,user_278
process_28,1499841075,user_224
process_45,1499841107,user_208
process_38,1499841158,user_22
process_49,1499841178,user_17
process_39,1499841405,user_229
process_38,1499841785,user_125
process_0,1499842277,user_260
process_38,1499842294,user_11
process_38,1499842306,user_256
process_28,1499842364,user_158
process_44,1499842417,user_119
process_44,1499842601,user_108
process_12,1499842710,user_262
process_22,1499842923,user_58
process_39,1499843053,user_153
process_0,1499843090,user_215
process_23,1499843148,user_274
process_23,1499843218,user_112
process_10,1499843379,user_286
process_12,1499843590,user_283
process_39,1499843692,user_66
process_7,1499843703,user_0
process_6,1499843938,user_4
process_16,1499844036,user_279
process_34,1499844218,user_15
process_22,1499844710,user_109
process_6,1499845162,user_182
process_0,1499845245,user_146
process_12,1499845388,user_86
process_49,1499845406,user_116
process_44,1499845502,user_34
process_44,1499845526,user_263
process_45,1499845646,user_113
process_23,1499846047,user_188
process_6,1499846053,user_59
process_33,1499846154,user_289
process_0,1499846228,user_227
process_49,1499846315,user_35
process_16,1499846731,user_120
process_17,1499846761,user_30
process_40,1499846972,user_256
process_39,1499846985,user_145
process_28,1499847070,user_267
process_28,1499847087,user_138
process_6,1499847219,user_10
process_23,1499847285,user_62
process_28,1499847520,user_92
process_33,1499847611,user_117
process_40,1499847703,user_238
process_22,1499847871,user_31
process_33,1499847942,user_244
process_32,1499847946,user_61
process_5,1499848200,user_226
process_39,1499848804,user_193
process_27,1499848957,user_138
process_16,1499849244,user_198
process_28,1499849405,user_287
process_5,1499849918,user_161
process_45,1499850199,user_54
process_27,1499850500,user_44
process_49,1499850591,user_280
process_0,1499850802,user_98
process_11,1499851090,user_46
process_44,1499851343,user_181
process_5,1499851429,user_166
process_11,1499851612,user_186
process_11,1499851731,user_48
process_0,1499851987,user_271
process_11,1499852041,user_266
process_0,1499852047,user_1
process_16,1499852057,user_204
process_44,1499852217,user_239
process_44,1499852232,user_28
process_11,1499852664,user_288
process_12,1499852746,user_299
process_39,1499853483,user_5
process_16,1499854103,user_284
process_48,1499854270,user_39
process_17,1499854666,user_152
process_17,1499854677,user_134
process_0,1499855114,user_76
process_0,1499855172,user_202
process_0,1499855231,user_169
process_11,1499855325,user_175
process_39,1499855470,user_232
process_33,1499855526,user_15
process_21,1499855637,user_62
process_17,1499855722,user_3
process_21,1499856253,user_112
process_4,1499856814,user_93
process_43,1499857086,user_108
process_5,1499857148,user_184
process_46,1499857151,user_268
process_11,1499857424,user_71
process_11,1499857425,user_100
process_28,1499857708,user_83
process_0,1499857958,user_103
process_39,1499858108,user_221
process_12,1499858446,user_148
process_27,1499858477,user_224
process_32,1499858657,user_15
process_17,1499858846,user_26
process_39,1499858987,user_197
process_33,1499859294,user_61
process_49,1499859338,user_183
process_15,1499859370,user_160
process_28,1499859395,user_20
process_49,1499859870,user_131
process_11,1499859905,user_262
process_34,1499860019,user_244
process_39,1499860195,user_135
process_0,1499860223,user_101
process_22,1499860423,user_274
process_40,1499860584,user_221
process_5,1499860784,user_2
process_45,1499861170,user_237
process_10,1499861252,user_178
process_22,1499861267,user_275
process_33,1499861430,user_176
process_49,1499862060,user_241
process_16,1499862556,user_3
process_16,1499862619,user_75
process_0,1499862646,user_213
process_27,1499863053,user_64
process_44,1499863275,user_78
process_44,1499863481,user_54
process_17,1499863534,user_75
process_33,1499863671,user_236
process_0,1499863780,user_297
process_11,1499863845,user_143
process_5,1499864081,user_203
process_17,1499864087,user_198
process_38,1499864212,user_57
process_5,1499864338,user_74
process_17,1499864384,user_258
process_49,1499864436,user_242
process_10,1499864482,user_114
process_49,1499864662,user_39
process_6,1499864872,user_40
process_39,1499864997,user_243
process_11,1499865098,user_283
process_12,1499865116,user_273
process_1,1499865209,user_101
process_17,1499865339,user_298
process_33,1499865690,user_200
process_46,1499865754,user_113
process_45,1499866002,user_87
process_43,1499866067,user_78
process_23,1499866141,user_192
process_44,1499866293,user_19
process_39,1499866325,user_174
process_39,1499866754,user_22
process_11,1499866785,user_121
process_16,1499866995,user_90
process_28,1499867054,user_73
process_12,1499867155,user_286
process_45,1499867203,user_108
process_27,1499867442,user_264
process_39,1499867588,user_285
process_39,1499867625,user_290
process_6,1499867802,user_173
process_22,1499867827,user_136
process_44,1499868358,user_141
process_49,1499868476,user_89
process_11,1499868758,user_86
process_18,1499868852,user_26
process_17,1499868870,user_230
process_11,1499868923,user_178
process_6,1499869172,user_94
process_32,1499869479,user_88
process_39,1499869854,user_151
process_6,1499870004,user_170
process_5,1499870027,user_173
process_38,1499870042,user_247
process_18,1499870048,user_279
process_17,1499870150,user_102
process_45,1499870189,user_235
process_17,1499870195,user_284
process_39,1499870502,user_104
process_21,1499870511,user_136
process_2,1499870512,user_297
process_49,1499870577,user_130
process_27,1499870882,user_251
process_34,1499871057,user_88
process_17,1499871057,user_90
process_11,1499871594,user_218
process_34,1499871624,user_199
process_43,1499872393,user_82
process_28,1499872653,user_91
process_23,1499872835,user_105
process_6,1499873183,user_110
process_23,1499873356,user_25
process_39,1499873402,user_247
process_45,1499873681,user_263
process_11,1499873806,user_95
process_39,1499873947,user_53
process_11,1499874100,user_210
process_34,1499874199,user_176
process_38,1499874311,user_135
process_49,1499874514,user_257
process_16,1499874955,user_201
process_44,1499875131,user_235
process_17,1499875368,user_29
process_44,1499875432,user_87
process_29,1499875602,user_91
process_6,1499875716,user_93
process_44,1499876234,user_212
process_28,1499876271,user_81
process_24,1499876299,user_112
process_39,1499876555,user_77
process_11,1499876615,user_114
process_45,1499876827,user_212
process_33,1499876845,user_219
process_11,1499878187,user_299
process_44,1499878268,user_268
process_33,1499878532,user_216
process_5,1499878594,user_170
process_0,1499878762,user_248
process_6,1499879335,user_74
process_49,1499879384,user_254
process_49,1499879411,user_132
process_12,1499879466,user_281
process_17,1499879660,user_160
process_11,1499879795,user_179
process_17,1499879814,user_279
process_33,1499880071,user_156
process_17,1499880972,user_295
process_6,1499881106,user_68
process_44,1499881158,user_237
process_6,1499881172,user_161
process_38,1499881484,user_153
process_28,1499881601,user_162
process_33,1499882104,user_189
process_11,1499882203,user_42
process_39,1499882354,user_246
process_45,1499882454,user_239
process_11,1499882557,user_211
process_0,1499882791,user_292
process_27,1499882903,user_92
process_28,1499883017,user_64
process_44,1499883083,user_113
process_27,1499883127,user_158
process_6,1499883134,user_177
process_34,1499883473,user_200
process_34,1499883504,user_278
process_44,1499884028,user_69
process_23,1499884139,user_207
process_39,1499884357,user_249
process_29,1499884368,user_126
process_45,1499884373,user_69
process_13,1499884587,user_218
process_1,1499885146,user_248
process_27,1499885961,user_20
process_39,1499885975,user_217
process_45,1499886405,user_191
process_27,1499886454,user_287
process_6,1499886463,user_128
process_39,1499886689,user_125
process_1,1499886734,user_169
process_24,1499887036,user_105
process_44,1499887091,user_167
process_11,1499887214,user_148
process_22,1499887391,user_25
process_28,1499887398,user_251
process_44,1499887498,user_206
process_5,1499887644,user_40
process_0,1499887773,user_133
process_11,1499888082,user_286
process_28,1499888105,user_157
process_17,1499888566,user_120
process_28,1499888600,user_180
process_10,1499888700,user_48
process_40,1499889004,user_232
process_38,1499889349,user_193
process_22,1499889518,user_168
process_28,1499889591,user_49
process_45,1499889600,user_195
process_28,1499889660,user_44
process_12,1499890214,user_46
process_33,1499890347,user_149
process_0,1499890365,user_14
process_28,1499890865,user_38
process_39,1499890910,user_276
process_0,1499890983,user_265
process_45,1499891329,user_167
process_11,1499891352,user_36
process_38,1499891751,user_5
process_16,1499892418,user_258
process_28,1499892551,user_126
process_1,1499892851,user_209
process_34,1499892936,user_236
process_16,1499893214,user_72
process_22,1499893219,user_207
process_16,1499894264,user_253
process_0,1499894474,user_13
process_27,1499895069,user_111
process_6,1499895090,user_166
process_40,1499895101,user_285
process_40,1499895363,user_246
process_39,1499895502,user_172
process_11,1499895580,user_150
process_29,1499895656,user_92
process_39,1499895931,user_225
process_45,1499896017,user_24
process_16,1499896112,user_164
process_13,1499896541,user_178
process_6,1499897356,user_96
process_22,1499897600,user_240
process_21,1499897621,user_275
process_27,1499897685,user_127
process_11,1499897917,user_129
process_17,1499897930,user_194
process_39,1499898343,user_11
process_4,1499898415,user_184
process_33,1499898569,user_88
process_33,1499898641,user_250
process_28,1499898802,user_18
process_33,1499899049,user_41
process_1,1499899164,user_215
process_45,1499899653,user_141
process_12,1499900280,user_42
process_34,1499900338,user_250
process_12,1499900393,user_37
process_34,1499900622,user_189
process_39,1499900625,user_70
process_16,1499900962,user_152
process_45,1499901107,user_206
process_39,1499901402,user_223
process_39,1499901648,user_282
process_28,1499901725,user_163
process_10,1499901957,user_262
process_11,1499902628,user_142
process_12,1499903071,user_142
process_34,1499903119,user_117
process_10,1499903407,user_129
process_29,1499903452,user_18
process_12,1499903471,user_65
process_33,1499903959,user_259
process_34,1499904018,user_15
process_11,1499904068,user_117
process_41,1499904289,user_193
process_45,1499904318,user_276
process_0,1499904333,user_202
process_49,1499904522,user_82
process_23,1499904593,user_296
process_1,1499905329,user_197
process_44,1499905497,user_158
process_5,1499905681,user_281
process_39,1499905750,user_175
process_39,1499905965,user_193
process_33,1499906296,user_220
process_29,1499906305,user_283
process_27,1499906470,user_135
process_6,1499906683,user_109
process_40,1499906698,user_193
process_17,1499907420,user_100
process_6,1499907460,user_22
process_5,1499907548,user_173
process_38,1499908118,user_27
process_0,1499908446,user_159
process_12,1499908532,user_260
process_0,1499908644,user_14
process_12,1499908859,user_257
process_39,1499909088,user_225
process_43,1499909516,user_8
process_27,1499909784,user_61
process_45,1499909791,user_256
process_44,1499910223,user_24
process_17,1499910524,user_201
process_33,1499910564,user_26
process_23,1499910676,user_36
process_0,1499911066,user_197
process_6,1499911094,user_96
process_0,1499911178,user_137
process_11,1499911608,user_242
process_11,1499911850,user_63
process_23,1499911872,user_168
process_0,1499912031,user_110
process_23,1499912223,user_188
process_11,1499912394,user_43
process_44,1499912474,user_272
process_10,1499912740,user_194
process_10,1499912890,user_35
process_33,1499913147,user_250
process_5,1499913215,user_109
process_34,1499913221,user_248
process_39,1499913302,user_249
process_39,1499913349,user_59
process_38,1499913478,user_290
process_18,1499913599,user_239
process_34,1499913904,user_10
process_0,1499914042,user_255
process_23,1499914160,user_224
process_12,1499914677,user_29
process_34,1499914687,user_163
process_3,1499914690,user_159
process_6,1499914872,user_173
process_17,1499915117,user_252
process_49,1499915138,user_55
process_0,1499915255,user_21
process_34,1499915379,user_220
process_28,1499915586,user_180
process_33,1499915705,user_75
process_33,1499915758,user_293
process_12,1499915880,user_171
process_12,1499916195,user_7
process_39,1499916430,user_27
process_0,1499916624,user_189
process_44,1499916645,user_116
process_21,1499916726,user_215
process_10,1499916822,user_211
process_38,1499916899,user_258
process_39,1499916949,user_87
process_1,1499916955,user_202
process_16,1499917331,user_140
process_38,1499917433,user_249
process_44,1499917639,user_108
process_22,1499917799,user_188
process_6,1499917847,user_179
process_2,1499917867,user_122
process_22,1499918351,user_170
process_17,1499918354,user_239
process_1,1499918384,user_209
process_39,1499919024,user_141
process_49,1499919208,user_241
process_7,1499919553,user_281
process_22,1499919591,user_113
process_45,1499919719,user_284
process_18,1499919798,user_53
process_16,1499919885,user_80
process_0,1499920112,user_209
process_34,1499920380,user_152
process_49,1499920468,user_16
process_40,1499920588,user_144
process_39,1499921320,user_246
process_38,1499921417,user_9
process_39,1499921550,user_169
process_45,1499921564,user_108
process_17,1499921600,user_230
process_40,1499921614,user_141
process_11,1499921915,user_279
process_33,1499921947,user_88
process_28,1499922042,user_151
process_44,1499922093,user_273
process_16,1499922189,user_120
process_11,1499922532,user_7
process_10,1499922983,user_117
process_38,1499923385,user_175
process_6,1499923661,user_205
process_40,1499923718,user_249
process_21,1499923765,user_78
process_15,1499923775,user_244
process_22,1499923776,user_131
process_0,1499924060,user_106
process_11,1499924181,user_146
process_17,1499924232,user_30
process_34,1499924337,user_293
process_16,1499924378,user_30
process_27,1499924452,user_186
process_10,1499924931,user_3
process_6,1499925011,user_228
process_49,1499925141,user_157
process_0,1499925371,user_85
process_44,1499925404,user_69
process_17,1499925957,user_80
process_11,1499926134,user_35
process_11,1499926346,user_67
process_17,1499926383,user_154
process_23,1499926391,user_215
process_18,1499926405,user_297
process_33,1499926430,user_294
process_44,1499926609,user_65
process_17,1499926709,user_138
process_45,1499927181,user_69
process_21,1499927239,user_113
process_39,1499927270,user_295
process_5,1499927666,user_222
process_38,1499927961,user_91
process_12,1499928045,user_48
process_33,1499928136,user_270
process_49,1499928767,user_165
process_5,1499928859,user_68
process_22,1499928876,user_60
process_16,1499928993,user_100
process_16,1499929179,user_103
process_11,1499929619,user_129
process_34,1499929738,user_259
process_11,1499929941,user_71
process_44,1499929995,user_198
process_27,1499930507,user_73
process_28,1499930569,user_172
process_13,1499930794,user_2
process_6,1499930886,user_261
process_17,1499930926,user_47
process_34,1499931041,user_13
process_11,1499931133,user_51
process_5,1499931154,user_96
process_21,1499931171,user_58
process_49,1499931429,user_212
process_12,1499931461,user_194
process_44,1499931824,user_118
process_22,1499931946,user_240
process_33,1499932029,user_163
process_34,1499932138,user_200
process_44,1499932241,user_195
process_11,1499932436,user_20
process_5,1499932558,user_205
process_33,1499932642,user_275
process_28,1499932695,user_81
process_16,1499932711,user_47
process_12,1499932766,user_218
process_10,1499933341,user_162
process_0,1499933373,user_101
process_44,1499933468,user_278
process_39,1499933507,user_9
process_40,1499933849,user_243
process_38,1499933955,user_176
process_33,1499935196,user_289
process_38,1499935219,user_169
process_33,1499935310,user_28
process_39,1499935367,user_207
process_22,1499935486,user_66
process_11,1499935569,user_29
process_22,1499935683,user_17
process_45,1499935779,user_273
process_33,1499935781,user_45
process_5,1499935907,user_182
process_39,1499936003,user_77
process_49,1499936113,user_196
process_0,1499936236,user_44
process_16,1499936344,user_154
process_49,1499936704,user_142
process_11,1499936881,user_288
process_43,1499936952,user_198
process_6,1499937080,user_214
process_45,1499937141,user_253
process_45,1499937220,user_116
process_49,1499937499,user_271
process_33,1499937575,user_39
process_10,1499937599,user_20
process_43,1499937905,user_79
process_28,1499937975,user_61
process_39,1499937980,user_46
process_39,1499937990,user_25
process_33,1499938079,user_204
process_1,1499938111,user_98
process_48,1499938163,user_157
process_11,1499938219,user_70
process_33,1499938268,user_32
process_45,1499938300,user_187
process_44,1499938327,user_119
process_34,1499938361,user_45
process_26,1499938617,user_81
process_12,1499938825,user_123
process_17,1499939106,user_140
process_22,1499939125,user_33
process_21,1499939181,user_112
process_39,1499939209,user_223
process_22,1499939535,user_112
process_11,1499940198,user_124
process_44,1499940277,user_234
process_4,1499940507,user_281
process_33,1499940805,user_89
process_45,1499940855,user_65
process_45,1499941231,user_198
process_49,1499941615,user_236
process_39,1499941843,user_247
process_33,1499942057,user_248
process_28,1499942114,user_18
process_46,1499942148,user_8
process_28,1499942289,user_115
process_22,1499942348,user_5
process_12,1499942370,user_51
process_33,1499942376,user_152
process_39,1499942521,user_243
process_23,1499942935,user_161
process_44,1499943033,user_208
process_44,1499943036,user_256
process_1,1499943065,user_64
process_43,1499943135,user_116
process_45,1499943340,user_278
process_22,1499943369,user_134
process_34,1499943416,user_28
process_5,1499943583,user_179
process_17,1499943671,user_53
process_11,1499943747,user_269
process_10,1499944062,user_129
process_22,1499944319,user_58
process_5,1499944354,user_226
process_11,1499944509,user_218
process_16,1499944512,user_184
process_17,1499944550,user_184
process_39,1499944582,user_258
process_40,1499944768,user_59
process_11,1499944830,user_127
process_34,1499945287,user_39
process_0,1499945598,user_277
process_16,1499945631,user_264
process_38,1499945666,user_166
process_40,1499945829,user_176
process_17,1499946074,user_231
process_38,1499946424,user_207
process_12,1499946625,user_117
process_37,1499946661,user_221
process_1,1499946664,user_251
process_45,1499946668,user_272
process_23,1499946818,user_60
process_45,1499947056,user_213
process_45,1499947176,user_245
process_27,1499947199,user_18
process_0,1499947212,user_133
process_49,1499947456,user_56
process_49,1499948018,user_199
process_28,1499948038,user_164
process_6,1499948510,user_0
process_1,1499948563,user_114
process_0,1499948904,user_104
process_49,1499948918,user_219
process_49,1499949152,user_185
process_12,1499949375,user_43
process_40,1499949833,user_87
process_22,1499949898,user_132
process_17,1499950224,user_192
process_38,1499950294,user_246
process_34,1499950415,user_75
process_40,1499950465,user_191
process_33,1499950515,user_147
process_16,1499950554,user_231
process_34,1499950711,user_89
process_27,1499950908,user_180
process_49,1499951119,user_94
process_45,1499951190,user_54
process_34,1499951231,user_148
process_49,1499951416,user_183
process_28,1499951463,user_23
process_38,1499951727,user_232
process_17,1499951786,user_297
process_0,1499951854,user_190
process_12,1499951866,user_162
process_33,1499951887,user_10
process_34,1499952217,user_275
process_6,1499952563,user_182
process_0,1499952753,user_122
process_44,1499952855,user_57
process_16,1499952980,user_128
process_11,1499953309,user_260
process_22,1499953326,user_36
process_1,1499953496,user_101
process_39,1499953729,user_166
process_11,1499953737,user_38
process_27,1499953813,user_126
process_44,1499953955,user_291
process_42,1499954100,user_108
process_39,1499954420,user_150
process_9,1499954896,user_51
process_0,1499954930,user_64
process_11,1499954957,user_266
process_0,1499954973,user_174
process_11,1499955134,user_257
process_22,1499956092,user_296
process_0,1499956299,user_114
process_11,1499956308,user_121
process_33,1499956373,user_13
process_38,1499956412,user_286
process_33,1499956692,user_72
process_22,1499956829,user_215
process_27,1499957217,user_81
process_39,1499957375,user_290
process_22,1499957461,user_78
process_28,1499958331,user_283
process_34,1499958532,user_204
process_33,1499958566,user_148
process_34,1499959068,user_72
process_28,1499959304,user_135
process_6,1499959814,user_177
process_43,1499959863,user_245
process_5,1499959873,user_214
process_27,1499960507,user_83
process_23,1499961744,user_131
process_16,1499961758,user_252
process_32,1499962324,user_26
process_38,1499962386,user_221
process_18,1499962406,user_264
process_33,1499962646,user_259
process_0,1499962737,user_98
process_22,1499962824,user_50
process_0,1499962932,user_292
process_39,1499963557,user_235
process_23,1499963866,user_113
process_34,1499965029,user_289
process_11,1499965158,user_123
process_33,1499965296,user_15
process_1,1499965476,user_190
process_44,1499965639,user_287
process_5,1499966035,user_177
process_6,1499966065,user_102
process_43,1499966271,user_54
process_45,1499966403,user_158
process_28,1499966430,user_186
process_34,1499966651,user_26
process_5,1499966738,user_139
process_40,1499967301,user_25
process_16,1499967347,user_201
process_18,1499967737,user_244
process_6,1499968082,user_222
process_45,1499968287,user_287
process_17,1499968899,user_128
process_0,1499969101,user_52
process_39,1499969206,user_144
process_34,1499969346,user_34
process_17,1499969501,user_285
process_11,1499969507,user_42
process_11,1499969742,user_194
process_12,1499970115,user_146
process_5,1499970192,user_102
process_45,1499970624,user_203
process_6,1499970735,user_40
process_44,1499970749,user_276
process_44,1499970784,user_284
process_34,1499970914,user_32
process_39,1499971171,user_286
process_45,1499971205,user_195
process_17,1499971207,user_120
process_32,1499971275,user_270
process_22,1499971355,user_168
process_6,1499971500,user_74
process_28,1499971805,user_126
process_49,1499971823,user_76
process_22,1499971909,user_267
process_6,1499972215,user_93
process_18,1499972232,user_100
process_33,1499972412,user_34
process_44,1499972546,user_245
process_28,1499972579,user_73
process_11,1499972599,user_211
process_34,1499972756,user_92
process_33,1499973194,user_237
process_22,1499973248,user_105
process_1,1499973575,user_1
process_39,1499973840,user_107
process_46,1499973964,user_198
process_40,1499974024,user_217
process_6,1499974343,user_226
process_34,1499974944,user_270
process_0,1499975515,user_37
process_39,1499975527,user_91
process_11,1499976351,user_162
process_29,1499976639,user_135
process_28,1499976792,user_83
process_44,1499977254,user_233
process_23,1499977344,user_112
process_44,1499977447,user_187
process_23,1499977523,user_58
process_32,1499977567,user_147
process_44,1499977594,user_79
process_44,1499977881,user_8
process_5,1499977972,user_261
process_49,1499977979,user_136
process_44,1499978061,user_213
process_43,1499978287,user_208
process_38,1499978359,user_247
process_28,1499978501,user_111
process_11,1499978949,user_171
process_45,1499979237,user_208
process_17,1499979499,user_227
process_38,1499979840,user_84
process_33,1499979896,user_160
process_6,1499979953,user_167
process_5,1499980022,user_228
process_17,1499980180,user_264
process_0,1499980527,user_1
process_45,1499980560,user_8
process_39,1499980978,user_11
process_43,1499981108,user_256
process_38,1499981516,user_107
process_39,1499981703,user_191
process_32,1499981822,user_163
process_33,1499982184,user_92
process_0,1499982347,user_145
process_22,1499982419,user_224
process_38,1499982423,user_141
process_27,1499982473,user_283
process_49,1499982666,user_298
process_33,1499982699,user_200
process_10,1499982982,user_63
process_11,1499983205,user_143
process_11,1499983249,user_2
process_10,1499983379,user_279
process_23,1499983401,user_170
process_34,1499983449,user_88
process_29,1499983511,user_115
process_39,1499983946,user_232
process_0,1499983951,user_181
process_6,1499984035,user_139
process_5,1499984399,user_167
process_11,1499984846,user_3
process_11,1499984920,user_48
process_5,1499985452,user_74
process_45,1499985659,user_118
process_38,1499985839,user_46
process_45,1499986047,user_79
process_0,1499986102,user_251
process_1,1499986700,user_14
process_44,1499987127,user_203
process_16,1499987359,user_268
process_39,1499987452,user_221
process_6,1499987578,user_210
process_12,1499987664,user_242
process_39,1499987695,user_84
process_5,1499988291,user_22
process_45,1499988985,user_234
process_23,1499989023,user_17
process_49,1499989028,user_229
process_17,1499989096,user_244
process_23,1499989208,user_66
process_39,1499989449,user_176
process_23,1499989651,user_240
process_35,1499989868,user_148
process_11,1499989942,user_95
process_49,1499990162,user_254
process_39,1499990490,user_282
process_28,1499990643,user_1
process_1,1499990734,user_110
process_21,1499990771,user_265
process_22,1499990779,user_7
process_27,1499990814,user_111
process_22,1499991014,user_240
process_6,1499991239,user_231
process_34,1499991325,user_165
process_6,1499991355,user_164
process_39,1499991418,user_197
process_33,1499991506,user_117
process_28,1499991724,user_111
process_5,1499991754,user_164
process_34,1499992112,user_289
process_33,1499992193,user_181
process_34,1499992902,user_219
process_0,1499993110,user_122
process_34,1499993205,user_179
process_49,1499993523,user_151
process_6,1499993555,user_68
process_45,1499993572,user_195
process_38,1499993581,user_229
process_40,1499994410,user_78
process_22,1499994485,user_33
process_22,1499994590,user_267
process_17,1499994819,user_47
process_1,1499994909,user_3
process_33,1499995233,user_45
process_45,1499995729,user_273
process_39,1499995753,user_16
process_44,1499995864,user_287
process_28,1499995960,user_23
process_16,1499996208,user_138
process_49,1499996241,user_233
process_44,1499996419,user_195
process_0,1499996441,user_63
process_1,1499996579,user_22
process_40,1499996985,user_39
process_22,1499997209,user_262
process_27,1499997475,user_159
process_4,1499997498,user_99
process_5,1499997517,user_210
process_23,1499997697,user_17
process_28,1499998036,user_207
process_44,1499998041,user_191
process_44,1499998115,user_212
process_17,1499998248,user_177
process_22,1499998280,user_196
process_28,1499998390,user_190
process_22,1499998550,user_155
process_49,1499998779,user_298
process_49,1499999172,user_114
process_33,1499999346,user_26
process_0,1499999377,user_255
process_0,1499999669,user_133
process_39,1499999901,user_153
process_10,1499999935,user_91
process_12,1500000631,user_173
process_6,1500000827,user_19
process_6,1500001007,user_107
process_0,1500001146,user_88
process_27,1500001193,user_49
process_23,1500001299,user_145
process_28,1500001573,user_264
process_17,1500001818,user_140
process_27,1500002035,user_206
process_11,1500002437,user_143
process_5,1500002552,user_271
process_0,1500003759,user_67
process_22,1500003759,user_145
process_24,1500003832,user_215
process_17,1500004370,user_258
process_0,1500004938,user_234
process_40,1500005176,user_238
process_11,1500005844,user_77
process_35,1500005961,user_89
process_16,1500006064,user_222
process_44,1500006084,user_276
process_0,1500006321,user_80
process_49,1500006452,user_241
process_0,1500006610,user_228
process_16,1500007069,user_128
process_6,1500007076,user_74
process_16,1500007077,user_177
process_33,1500007155,user_38
process_1,1500007578,user_294
process_39,1500007957,user_217
process_0,1500007964,user_22
process_12,1500008036,user_28
process_49,1500008278,user_166
process_33,1500008515,user_289
process_26,1500008541,user_207
process_22,1500008710,user_90
process_28,1500008941,user_169
process_28,1500009316,user_158
process_40,1500009330,user_197
process_22,1500009418,user_286
process_49,1500009508,user_257
process_49,1500009520,user_242
process_16,1500009528,user_72
process_45,1500009585,user_253
process_11,1500009791,user_48
process_21,1500010130,user_109
process_39,1500010680,user_188
process_0,1500010743,user_13
process_17,1500010992,user_60
process_11,1500011178,user_28
process_11,1500011241,user_43
process_1,1500011431,user_88
process_17,1500011675,user_10
process_28,1500011713,user_49
process_39,1500011864,user_172
process_45,1500011867,user_276
process_17,1500011881,user_208
process_5,1500012340,user_261
process_29,1500012492,user_264
process_0,1500012798,user_227
process_11,1500013020,user_25
process_5,1500013107,user_201
process_12,1500013109,user_200
process_45,1500013176,user_198
process_45,1500013401,user_291
process_33,1500013616,user_176
process_6,1500013841,user_263
process_6,1500013857,user_210
process_29,1500013898,user_73
process_27,1500013909,user_92
process_23,1500014391,user_20
process_49,1500015083,user_94
process_0,1500015160,user_137
process_0,1500015202,user_42
process_16,1500015388,user_10
process_41,1500015512,user_282
process_16,1500015777,user_29
process_28,1500015820,user_73
process_21,1500015909,user_105
process_22,1500016339,user_187
process_10,1500016415,user_295
process_5,1500016482,user_259
process_18,1500016811,user_10
process_29,1500017265,user_93
process_22,1500017315,user_12
process_17,1500017636,user_184
process_22,1500017659,user_50
process_45,1500017822,user_237
process_22,1500017846,user_62
process_10,1500017847,user_25
process_44,1500018079,user_253
process_17,1500018165,user_125
process_11,1500018176,user_36
process_27,1500018746,user_251
process_12,1500018763,user_51
process_17,1500018802,user_152
process_44,1500018943,user_79
process_49,1500019059,user_214
process_21,1500019059,user_286
process_44,1500019272,user_147
process_19,1500019275,user_208
process_33,1500019864,user_277
process_29,1500020032,user_158
process_0,1500020311,user_85
process_27,1500020323,user_180
process_39,1500020555,user_115
process_26,1500020659,user_84
process_12,1500020706,user_126
process_0,1500020781,user_52
process_28,1500020834,user_180
process_45,1500021373,user_65
process_29,1500021424,user_190
process_0,1500021457,user_292
process_21,1500021641,user_62
process_12,1500022386,user_91
process_28,1500022484,user_206
process_40,1500022884,user_172
process_6,1500023409,user_201
process_6,1500023512,user_259
process_12,1500023884,user_127
process_21,1500024171,user_50
process_6,1500024409,user_261
process_43,1500024433,user_287
process_22,1500024497,user_265
process_35,1500024739,user_219
process_22,1500024782,user_215
process_23,1500024792,user_240
process_32,1500025073,user_102
process_28,1500025091,user_24
process_34,1500025120,user_38
process_0,1500025314,user_131
process_1,1500025428,user_40
process_33,1500025617,user_219
process_45,1500025805,user_154
process_33,1500025859,user_165
process_0,1500025902,user_129
process_40,1500026080,user_217
process_49,1500026121,user_6
process_43,1500026261,user_54
process_5,1500026555,user_132
process_23,1500026625,user_62
process_17,1500026792,user_279
process_17,1500026870,user_37
process_38,1500027031,user_172
process_45,1500027251,user_191
process_45,1500027623,user_108
process_5,1500028149,user_221
process_34,1500028187,user_250
process_0,1500028199,user_202
process_11,1500028364,user_297
process_46,1500028575,user_54
process_12,1500028822,user_36
process_11,1500028917,user_254
process_1,1500029091,user_133
process_34,1500029514,user_277
process_1,1500029789,user_137
process_11,1500030374,user_51
process_39,1500030447,user_59
process_32,1500030599,user_165
process_29,1500030643,user_69
process_6,1500030649,user_132
process_17,1500031331,user_268
process_38,1500031804,user_174
process_1,1500031907,user_63
process_40,1500032075,user_290
process_7,1500032368,user_204
process_17,1500032396,user_75
process_34,1500032625,user_45
process_22,1500032826,user_149
process_11,1500032901,user_91
process_44,1500033520,user_54
process_10,1500033572,user_123
process_49,1500033595,user_189
process_22,1500033705,user_161
process_49,1500033837,user_11
process_21,1500033931,user_17
process_29,1500034134,user_159
process_33,1500034311,user_250
process_16,1500034561,user_125
process_44,1500034585,user_291
process_0,1500034830,user_209
process_28,1500034862,user_92
process_5,1500034903,user_19
process_11,1500035024,user_44
process_16,1500035025,user_299
process_49,1500035313,user_280
process_22,1500035443,user_113
process_49,1500035735,user_142
process_28,1500035837,user_266
process_44,1500035860,user_82
process_5,1500036074,user_139
process_11,1500036307,user_35
process_49,1500036348,user_218
process_11,1500036381,user_272
process_44,1500036520,user_237
process_1,1500036646,user_13
process_33,1500036896,user_118
process_17,1500037148,user_134
process_23,1500037164,user_100
process_0,1500037303,user_110
process_49,1500038007,user_55
process_7,1500038359,user_99
process_32,1500038421,user_38
process_16,1500038739,user_284
process_21,1500038759,user_267
process_49,1500038900,user_239
process_12,1500039183,user_297
process_38,1500039369,user_106
process_16,1500039521,user_37
process_39,1500039697,user_174
process_37,1500039720,user_31
process_38,1500039723,user_78
process_45,1500039865,user_287
process_27,1500039938,user_264
process_11,1500040579,user_124
process_39,1500040698,user_243
process_6,1500040855,user_167
process_1,1500041092,user_260
process_5,1500041246,user_130
process_6,1500041391,user_99
process_22,1500041440,user_0
process_34,1500041634,user_293
process_34,1500041802,user_32
process_11,1500042045,user_288
process_32,1500042175,user_293
process_27,1500042225,user_81
process_18,1500042243,user_29
process_28,1500042292,user_283
process_16,1500042367,user_134
process_28,1500042477,user_83
process_5,1500042574,user_226
process_0,1500042857,user_260
process_39,1500043022,user_193
process_39,1500043138,user_87
process_45,1500043147,user_147
process_44,1500043220,user_198
process_28,1500043364,user_220
process_2,1500043429,user_13
process_22,1500043625,user_100
process_22,1500043650,user_168
process_39,1500043746,user_232
process_33,1500043836,user_179
process_45,1500043844,user_285
process_45,1500043859,user_82
process_39,1500043892,user_225
process_34,1500043931,user_181
process_44,1500044112,user_285
process_32,1500044402,user_117
process_10,1500044565,user_124
process_40,1500044740,user_16
process_6,1500044855,user_226
process_34,1500046020,user_89
process_12,1500046083,user_254
process_34,1500046208,user_275
process_39,1500046254,user_175
process_6,1500046542,user_221
process_5,1500046566,user_107
process_28,1500046765,user_69
process_5,1500046878,user_204
process_23,1500047038,user_12
process_11,1500047067,user_211
process_39,1500047856,user_31
process_23,1500047885,user_149
process_6,1500048062,user_170
process_1,1500048267,user_80
process_34,1500048484,user_26
process_23,1500048576,user_215
process_6,1500048589,user_271
process_22,1500048956,user_274
process_45,1500049313,user_54
process_6,1500049382,user_130
process_34,1500049615,user_101
process_12,1500049866,user_25
process_11,1500049966,user_236
process_6,1500050193,user_146
process_27,1500050259,user_73
process_27,1500050360,user_148
process_44,1500050402,user_278
process_40,1500050771,user_243
process_27,1500051061,user_183
process_45,1500051352,user_245
process_5,1500051486,user_4
process_28,1500051641,user_203
process_23,1500051660,user_105
process_23,1500051786,user_66
process_39,1500051865,user_39
process_16,1500051883,user_60
process_6,1500052164,user_4
process_12,1500052236,user_116
process_28,1500052311,user_159
process_0,1500052799,user_98
process_38,1500052826,user_238
process_34,1500052977,user_102
process_16,1500053121,user_75
process_39,1500053182,user_144
process_0,1500053276,user_40
process_49,1500053370,user_14
process_40,1500053736,user_225
process_38,1500054136,user_188
process_0,1500054272,user_3
process_23,1500054295,user_187
process_28,1500054378,user_251
process_6,1500054391,user_139
process_34,1500054861,user_15
process_11,1500054977,user_200
process_17,1500055154,user_72
process_38,1500055373,user_223
process_33,1500055429,user_293
process_22,1500056050,user_105
process_46,1500056058,user_141
process_32,1500056102,user_250
process_0,1500056425,user_247
process_44,1500056457,user_57
process_26,1500056585,user_264
process_49,1500056841,user_95
process_11,1500057005,user_121
process_1,1500057544,user_252
process_39,1500057615,user_135
process_44,1500057655,user_141
process_32,1500057674,user_181
process_39,1500057724,user_290
process_33,1500057933,user_15
process_40,1500058205,user_115
process_0,1500058216,user_294
process_0,1500058359,user_213
process_39,1500058389,user_238
process_22,1500058403,user_20
process_39,1500058673,user_223
process_12,1500058872,user_194
process_11,1500059067,user_123
process_27,1500059102,user_266
process_17,1500059111,user_30
process_16,1500059255,user_199
process_22,1500059269,user_109
process_33,1500059402,user_102
process_45,1500059485,user_61
process_38,1500059663,user_232
process_34,1500059792,user_244
process_1,1500059841,user_227
process_6,1500059945,user_162
process_22,1500060419,user_17
process_11,1500060422,user_256
process_49,1500060636,user_56
process_39,1500060854,user_9
process_49,1500060863,user_41
process_33,1500060873,user_101
process_38,1500060914,user_5
process_5,1500061476,user_182
process_27,1500061625,user_220
process_10,1500061640,user_173
process_15,1500061845,user_47
process_16,1500062026,user_71
process_39,1500062448,user_78
process_22,1500063218,user_136
process_44,1500063290,user_156
process_27,1500064006,user_69
process_17,1500064253,user_199
process_27,1500064594,user_169
process_45,1500064814,user_156
process_39,1500064934,user_5
process_28,1500065013,user_93
process_26,1500065259,user_251
process_43,1500065347,user_278
process_11,1500065739,user_70
process_22,1500066098,user_66
process_12,1500066100,user_44
process_43,1500066168,user_191
process_17,1500066270,user_299
process_34,1500066929,user_118
process_10,1500066945,user_35
process_39,1500067064,user_46
process_28,1500067201,user_81
process_45,1500067553,user_141
process_44,1500067570,user_119
process_45,1500067590,user_79
process_35,1500067681,user_289
process_21,1500067760,user_149
process_21,1500067903,user_7
process_49,1500067906,user_163
process_21,1500068043,user_33
process_11,1500068124,user_216
process_33,1500068310,user_89
process_12,1500068348,user_295
process_12,1500068486,user_77
process_27,1500068502,user_23
process_6,1500068946,user_150
process_45,1500069016,user_119
process_49,1500069139,user_76
process_39,1500069176,user_106
process_44,1500069248,user_61
process_17,1500069371,user_138
process_11,1500069950,user_127
process_5,1500069984,user_68
process_17,1500070133,user_128
process_38,1500070164,user_175
process_5,1500070197,user_99
process_28,1500070774,user_148
process_38,1500071010,user_282
process_43,1500071055,user_245
process_17,1500071174,user_71
process_11,1500071175,user_173
process_4,1500071399,user_263
process_46,1500071573,user_57
process_28,1500071996,user_157
process_6,1500072357,user_182
process_33,1500072984,user_244
process_23,1500073159,user_109
process_28,1500073161,user_84
process_44,1500073172,user_273
process_17,1500073348,user_222
process_5,1500073401,user_170
process_11,1500073660,user_126
process_17,1500073668,user_284
process_23,1500074089,user_286
process_18,1500074251,user_138
process_6,1500074305,user_204
process_6,1500074310,user_248
process_5,1500074406,user_263
process_33,1500074490,user_275
process_23,1500074592,user_267
process_33,1500074715,user_32
process_48,1500074985,user_76
process_12,1500075041,user_143
process_49,1500075199,user_97
process_44,1500075211,user_154
process_17,1500075374,user_29
process_28,1500075648,user_183
process_38,1500075653,user_31
process_12,1500075847,user_123
process_28,1500075939,user_96
process_44,1500076030,user_65
process_11,1500076795,user_281
process_22,1500076847,user_64
process_44,1500076848,user_154
process_34,1500077155,user_89
process_32,1500077231,user_293
process_33,1500077272,user_15
process_21,1500077556,user_109
process_27,1500077737,user_249
process_28,1500077778,user_126
process_5,1500078161,user_74
process_35,1500078249,user_13
process_27,1500078783,user_9
process_16,1500078921,user_47
process_23,1500078991,user_184
process_49,1500079025,user_49
process_44,1500079365,user_100
process_38,1500079427,user_252
process_34,1500079495,user_209
process_0,1500079496,user_152
process_45,1500079515,user_237
process_34,1500079567,user_275
process_1,1500079592,user_52
process_45,1500079706,user_53
process_23,1500079860,user_112
process_12,1500079903,user_257
process_29,1500080095,user_158
process_44,1500080135,user_144
process_34,1500080372,user_4
process_17,1500080385,user_196
process_11,1500080446,user_70
process_34,1500080684,user_59
process_38,1500080742,user_188
process_45,1500081193,user_100
process_40,1500081352,user_238
process_28,1500081524,user_91
process_44,1500081549,user_78
process_16,1500081570,user_255
process_45,1500081598,user_272
process_49,1500081702,user_241
process_6,1500081791,user_182
process_23,1500081857,user_262
process_49,1500082720,user_39
process_29,1500083335,user_282
process_44,1500084038,user_291
process_4,1500084511,user_26
process_33,1500085079,user_59
process_26,1500085215,user_61
process_33,1500085449,user_185
process_28,1500085668,user_37
process_28,1500085689,user_45
process_11,1500086050,user_121
process_28,1500086243,user_9
process_28,1500086323,user_227
process_1,1500086373,user_159
process_23,1500086464,user_64
process_40,1500086507,user_243
process_39,1500086747,user_221
process_27,1500086972,user_265
process_39,1500087190,user_186
process_11,1500087341,user_123
process_40,1500087503,user_146
process_11,1500087550,user_44
process_39,1500087912,user_188
process_28,1500087981,user_223
process_34,1500088109,user_163
process_45,1500088426,user_198
process_0,1500088515,user_294
process_33,1500088619,user_13
process_49,1500088742,user_21
process_28,1500088994,user_101
process_45,1500089177,user_291
process_28,1500089263,user_24
process_45,1500089425,user_105
process_38,1500089562,user_66
process_39,1500089602,user_276
process_40,1500089762,user_120
process_44,1500089986,user_81
process_17,1500090136,user_47
process_11,1500090150,user_295
process_44,1500090256,user_53
process_1,1500090690,user_169
process_45,1500090761,user_108
process_49,1500090953,user_219
process_33,1500091280,user_171
process_9,1500091339,user_266
process_12,1500091559,user_266
process_0,1500091567,user_102
process_11,1500091981,user_79
process_43,1500092059,user_144
process_44,1500092090,user_57
process_33,1500092348,user_4
process_27,1500092643,user_180
process_44,1500092667,user_167
process_16,1500093155,user_174
process_5,1500093239,user_110
process_39,1500093429,user_146
process_5,1500093459,user_96
process_44,1500093906,user_225
process_27,1500094110,user_91
process_12,1500094243,user_288
process_40,1500094322,user_276
process_6,1500095013,user_176
process_49,1500095226,user_166
process_34,1500095425,user_250
process_37,1500095525,user_188
process_22,1500095795,user_240
process_7,1500096016,user_251
process_23,1500096090,user_297
process_46,1500096520,user_128
process_27,1500096922,user_92
process_29,1500097278,user_24
process_12,1500097311,user_67
process_28,1500097555,user_264
process_44,1500097698,user_272
process_27,1500097734,user_61
process_27,1500097753,user_205
process_39,1500097837,user_172
process_44,1500098172,user_30
process_5,1500098370,user_153
process_4,1500098507,user_173
process_22,1500098869,user_235
process_6,1500098875,user_226
process_17,1500098895,user_10
process_49,1500099168,user_280
process_0,1500099272,user_260
process_22,1500099284,user_58
process_49,1500099473,user_254
process_21,1500099501,user_170
process_45,1500099713,user_77
process_22,1500099813,user_136
process_17,1500099951,user_125
process_32,1500099976,user_32
process_17,1500100009,user_6
process_46,1500100013,user_84
process_49,1500100199,user_242
process_10,1500100285,user_298
process_45,1500100420,user_28
process_29,1500100517,user_18
process_0,1500100703,user_34
process_6,1500100728,user_68
process_43,1500100868,user_225
process_45,1500100974,user_7
process_5,1500101209,user_40
process_27,1500101278,user_246
process_27,1500101373,user_157
process_38,1500101422,user_186
process_5,1500101544,user_55
process_34,1500101585,user_32
process_39,1500101765,user_168
process_39,1500101784,user_27
process_39,1500101792,user_175
process_0,1500102011,user_52
process_33,1500102091,user_32
process_28,1500102185,user_158
process_11,1500102268,user_290
process_16,1500102392,user_103
process_33,1500102659,user_213
process_18,1500102841,user_6
process_39,1500103161,user_135
process_0,1500103231,user_159
process_46,1500103422,user_291
process_10,1500103615,user_266
process_33,1500103680,user_163
process_28,1500104191,user_180
process_33,1500104412,user_259
process_7,1500104413,user_139
process_39,1500104421,user_22
process_27,1500104519,user_38
process_6,1500104934,user_55
process_49,1500105079,user_287
process_11,1500105489,user_143
process_49,1500105535,user_3
process_11,1500106141,user_35
process_17,1500106199,user_134
process_39,1500106793,user_243
process_0,1500107010,user_76
process_16,1500107199,user_194
process_21,1500107250,user_240
process_32,1500107353,user_185
process_11,1500107513,user_211
process_11,1500107542,user_95
process_23,1500107648,user_296
process_27,1500107790,user_264
process_22,1500107925,user_179
process_45,1500107972,user_154
process_28,1500108096,user_249
process_5,1500108143,user_251
process_22,1500108168,user_33
process_27,1500108275,user_20
process_38,1500108598,user_16
process_5,1500108603,user_139
process_6,1500109026,user_281
process_45,1500109096,user_69
process_6,1500109187,user_133
process_17,1500109331,user_75
process_33,1500109708,user_80
process_28,1500109815,user_23
process_27,1500110132,user_164
process_28,1500110246,user_161
process_22,1500110678,user_0
process_23,1500110704,user_270
process_49,1500110816,user_130
process_28,1500110817,user_157
process_23,1500110851,user_170
process_49,1500110990,user_177
process_28,1500111488,user_38
process_6,1500111512,user_153
process_38,1500111716,user_46
process_16,1500111805,user_156
process_28,1500111847,user_141
process_1,1500112099,user_202
process_49,1500112155,user_114
process_27,1500112164,user_73
process_17,1500112351,user_194
process_10,1500112727,user_211
process_27,1500112767,user_141
process_5,1500113075,user_116
process_33,1500113527,user_250
process_45,1500113528,user_84
process_5,1500113622,user_263
process_38,1500113702,user_106
process_39,1500113919,user_120
process_5,1500114088,user_176
process_16,1500114510,user_196
process_44,1500114636,user_191
process_10,1500114673,user_44
process_17,1500114724,user_268
process_27,1500114920,user_126
process_17,1500115028,user_85
process_28,1500115033,user_148
process_6,1500115173,user_263
process_16,1500115234,user_29
process_11,1500115255,user_216
process_11,1500115411,user_43
process_1,1500115416,user_1
process_10,1500115618,user_43
process_5,1500115641,user_281
process_28,1500115743,user_73
process_34,1500115768,user_293
process_34,1500115842,user_41
process_28,1500115898,user_261
process_1,1500116067,user_271
process_6,1500116082,user_251
process_12,1500116129,user_95
process_0,1500116344,user_277
process_17,1500116422,user_29
process_0,1500116830,user_178
process_45,1500116989,user_81
process_39,1500117542,user_217
process_17,1500117544,user_160
process_28,1500117581,user_18
process_34,1500117947,user_80
process_5,1500118138,user_228
process_3,1500118147,user_133
process_22,1500118692,user_296
process_44,1500118772,user_84
process_33,1500118918,user_289
process_44,1500119181,user_206
process_0,1500119387,user_5
process_44,1500119406,user_198
process_22,1500119440,user_215
process_38,1500119752,user_201
process_45,1500119798,user_212
process_45,1500120263,user_195
process_11,1500120295,user_266
process_34,1500120300,user_15
process_39,1500120395,user_106
process_45,1500120483,user_167
process_34,1500120563,user_289
process_18,1500120582,user_160
process_32,1500120602,user_250
process_44,1500120667,user_212
process_46,1500120674,user_119
process_27,1500120782,user_261
process_6,1500120863,user_96
process_0,1500121884,user_189
process_39,1500122082,user_201
process_45,1500122426,user_203
process_27,1500122649,user_282
process_45,1500122739,user_239
process_1,1500123025,user_190
process_17,1500123184,user_156
process_11,1500123470,user_67
process_17,1500123563,user_208
process_49,1500124117,user_248
process_27,1500124460,user_45
process_0,1500124490,user_1
process_48,1500124745,user_187
process_49,1500124781,user_165
process_28,1500125308,user_282
process_17,1500125374,user_151
process_37,1500125828,user_106
process_11,1500126042,user_256
process_28,1500126108,user_20
process_33,1500126677,user_273
process_39,1500126780,user_46
process_15,1500126923,user_156
process_44,1500126951,user_36
process_16,1500127118,user_25
process_21,1500127457,user_274
process_44,1500127559,user_54
process_0,1500127687,user_190
process_39,1500127690,user_113
process_17,1500127752,user_103
process_6,1500127909,user_40
process_22,1500128019,user_286
process_22,1500129500,user_31
process_38,1500129519,user_113
process_33,1500129539,user_88
process_44,1500129559,user_108
process_45,1500130135,user_57
process_0,1500130636,user_169
process_22,1500130663,user_60
process_49,1500130809,user_138
process_23,1500131408,user_109
process_5,1500131677,user_231
process_6,1500132349,user_74
process_33,1500132580,user_209
process_5,1500132593,user_99
process_11,1500132638,user_257
process_32,1500132928,user_4
process_6,1500133266,user_110
process_44,1500133628,user_284
process_11,1500134620,user_65
process_39,1500134875,user_115
process_15,1500135249,user_196
process_33,1500135254,user_89
process_11,1500135609,user_56
process_28,1500135859,user_253
process_40,1500136177,user_113
process_22,1500136205,user_17
process_11,1500136337,user_269
process_16,1500136339,user_10
process_22,1500136729,user_184
process_17,1500136760,user_25
process_11,1500136799,user_50
process_1,1500136868,user_76
process_6,1500137023,user_150
process_40,1500137964,user_27
process_1,1500138164,user_98
process_0,1500138620,user_62
process_5,1500138633,user_226
process_39,1500139342,user_232
process_44,1500139344,user_195
process_33,1500139705,user_275
process_12,1500139707,user_218
process_6,1500140062,user_231
process_40,1500140208,user_46
process_22,1500140489,user_147
process_28,1500140601,user_245
process_45,1500141521,user_191
process_0,1500141639,user_122
process_17,1500141788,user_174
process_5,1500142161,user_236
process_12,1500142303,user_299
process_28,1500142356,user_2
process_0,1500142422,user_181
process_28,1500142775,user_61
process_44,1500142844,user_105
process_22,1500142900,user_262
process_0,1500142908,user_98
process_17,1500142925,user_258
process_39,1500143130,user_193
process_0,1500143166,user_207
process_23,1500143705,user_33
process_27,1500143762,user_101
process_27,1500144001,user_111
process_5,1500144005,user_150
process_12,1500144182,user_44
process_27,1500144339,user_18
process_1,1500144661,user_122
process_11,1500144853,user_299
process_49,1500144908,user_214
process_44,1500144928,user_7
process_16,1500144948,user_160
process_23,1500144961,user_274
process_11,1500145035,user_288
process_33,1500145370,user_155
process_44,1500145402,user_119
process_34,1500145511,user_13
process_45,1500145561,user_128
process_0,1500145642,user_63
process_23,1500146090,user_147
process_33,1500146125,user_117
process_38,1500146306,user_221
process_44,1500146392,user_8
process_22,1500146574,user_109
process_34,1500146639,user_129
process_45,1500146779,user_284
process_28,1500146818,user_229
process_46,1500147122,user_100
process_5,1500147386,user_68
process_28,1500147663,user_93
process_44,1500147897,user_128
process_39,1500147923,user_16
process_34,1500147923,user_200
process_16,1500148054,user_85
process_44,1500148409,user_69
process_11,1500148489,user_298
process_43,1500148505,user_119
process_28,1500148614,user_265
process_1,1500148933,user_207
process_16,1500149605,user_134
process_49,1500149651,user_82
process_33,1500149767,user_41
process_6,1500149854,user_99
process_6,1500150038,user_116
process_39,1500150795,user_285
process_0,1500151010,user_137
process_33,1500151329,user_118
process_22,1500151339,user_170
process_39,1500151342,user_252
process_10,1500151370,user_143
process_45,1500151414,user_8
process_0,1500151430,user_199
process_12,1500151936,user_56
process_34,1500152004,user_117
process_40,1500152014,user_87
process_12,1500152176,user_90
process_49,1500152328,user_19
process_39,1500152374,user_197
process_5,1500152502,user_173
process_1,1500152957,user_102
process_28,1500152994,user_92
process_22,1500153244,user_267
process_44,1500153408,user_28
process_44,1500153431,user_203
process_49,1500153463,user_233
process_39,1500153500,user_238
process_6,1500153507,user_26
process_29,1500153964,user_37
process_1,1500154046,user_199
process_0,1500154192,user_127
process_38,1500154487,user_168
process_11,1500154670,user_90
process_18,1500154839,user_25
process_49,1500154910,user_97
process_18,1500155282,user_103
process_27,1500155322,user_93
process_33,1500155906,user_293
process_0,1500156029,user_271
process_5,1500156190,user_182
process_6,1500156415,user_228
process_23,1500156702,user_279
process_44,1500156790,user_77
process_44,1500156839,user_278
process_33,1500157075,user_129
process_17,1500157088,user_72
process_32,1500157192,user_88
process_49,1500157429,user_142
process_6,1500158112,user_139
process_22,1500158138,user_297
process_38,1500158148,user_193
process_0,1500158253,user_234
process_28,1500158336,user_205
process_22,1500158499,user_222
process_10,1500158884,user_290
process_44,1500159005,user_237
process_27,1500159080,user_161
process_22,1500159157,user_224
process_40,1500159605,user_106
process_17,1500159751,user_255
process_28,1500160013,user_246
process_38,1500160102,user_172
process_6,1500161023,user_236
process_45,1500161224,user_119
process_1,1500161429,user_86
process_0,1500161477,user_162
process_0,1500161533,user_292
process_28,1500161544,user_164
process_49,1500161746,user_94
process_22,1500161851,user_274
process_28,1500161958,user_111
process_45,1500162002,user_206
process_16,1500162471,user_75
process_28,1500162488,user_83
process_29,1500162540,user_93
process_11,1500163035,user_283
process_33,1500163164,user_200
process_34,1500163357,user_236
process_27,1500163464,user_143
process_45,1500163497,user_252
process_28,1500163968,user_73
process_39,1500164014,user_290
process_13,1500164094,user_152
process_17,1500164218,user_10
process_1,1500164907,user_67
process_11,1500165235,user_51
process_1,1500165329,user_52
process_10,1500165363,user_42
process_12,1500165476,user_56
process_49,1500165539,user_204
process_0,1500165685,user_14
process_23,1500165704,user_168
process_16,1500165928,user_66
process_39,1500166194,user_8
process_32,1500166290,user_200
process_1,1500166442,user_106
process_6,1500166626,user_227
process_28,1500166628,user_83
process_28,1500166663,user_180
process_6,1500166806,user_0
process_49,1500166851,user_156
process_12,1500166896,user_152
process_23,1500166956,user_262
process_28,1500167206,user_205
process_38,1500167223,user_175
process_6,1500168111,user_207
process_17,1500168117,user_138
process_0,1500168471,user_1
process_0,1500168471,user_52
process_38,1500168647,user_210
process_38,1500168717,user_80
process_10,1500169005,user_20
process_23,1500169302,user_136
process_16,1500169376,user_47
process_11,1500169396,user_272
process_24,1500169405,user_126
process_40,1500169416,user_247
process_39,1500169704,user_282
process_21,1500169709,user_136
process_23,1500169875,user_112
process_46,1500170539,user_191
process_22,1500170630,user_37
process_22,1500170651,user_126
process_28,1500171112,user_197
process_45,1500171725,user_191
process_38,1500171803,user_16
process_28,1500172149,user_111
process_49,1500172282,user_55
process_45,1500172295,user_78
process_21,1500172352,user_286
process_17,1500172436,user_270
process_44,1500172457,user_253
process_5,1500172766,user_110
process_34,1500172793,user_118
process_5,1500173008,user_9
process_44,1500173045,user_273
process_39,1500173078,user_210
process_6,1500173213,user_150
process_45,1500173332,user_245
process_38,1500173342,user_269
process_39,1500174091,user_238
process_5,1500174297,user_74
process_22,1500174585,user_246
process_34,1500174717,user_5
process_11,1500174933,user_211
process_22,1500175007,user_23
process_16,1500175688,user_140
process_39,1500175880,user_229
process_1,1500176234,user_234
process_22,1500176688,user_171
process_0,1500176701,user_153
process_44,1500176746,user_252
process_28,1500176853,user_49
process_39,1500177064,user_175
process_0,1500177769,user_213
process_40,1500177881,user_172
process_44,1500177969,user_65
process_0,1500178447,user_44
process_17,1500178729,user_144
process_43,1500179027,user_81
process_27,1500179033,user_18
process_5,1500179051,user_27
process_39,1500179235,user_188
process_12,1500179258,user_148
process_45,1500179663,user_263
process_33,1500179743,user_277
process_6,1500179751,user_64
process_0,1500179946,user_271
process_45,1500180009,user_45
process_44,1500180010,user_24
process_40,1500180103,user_77
process_16,1500180154,user_135
process_22,1500180169,user_146
process_49,1500180316,user_142
process_17,1500180427,user_3
process_22,1500180439,user_240
process_39,1500180506,user_247
process_45,1500180629,user_203
process_5,1500180682,user_167
process_5,1500180736,user_227
process_6,1500180771,user_4
process_49,1500180869,user_40
process_22,1500180891,user_294
process_5,1500180924,user_163
process_1,1500181248,user_213
process_33,1500181284,user_107
process_18,1500181464,user_121
process_39,1500182348,user_221
process_18,1500182409,user_244
process_49,1500182486,user_165
process_44,1500182757,user_28
process_43,1500182795,user_191
process_27,1500182861,user_251
process_6,1500182884,user_239
process_44,1500182989,user_276
process_11,1500183134,user_129
process_45,1500183424,user_141
process_22,1500183973,user_262
process_0,1500184070,user_85
process_22,1500184594,user_168
process_38,1500184705,user_25
process_10,1500184943,user_225
process_39,1500184967,user_223
process_45,1500185556,user_28
process_18,1500185665,user_47
process_33,1500185740,user_219
process_23,1500186006,user_2
process_38,1500186086,user_22
process_17,1500186409,user_298
process_6,1500186776,user_179
process_6,1500186792,user_167
process_45,1500186884,user_81
process_0,1500187039,user_117
process_12,1500187065,user_75
process_22,1500187215,user_31
process_16,1500187404,user_48
process_45,1500187695,user_237
process_33,1500187922,user_289
process_11,1500188592,user_256
process_39,1500189255,user_283
process_10,1500189277,user_194
process_45,1500189418,user_233
process_17,1500189462,user_258
process_9,1500189559,user_248
process_5,1500189929,user_259
process_46,1500190108,user_198
process_44,1500190245,user_195
process_23,1500190794,user_145
process_27,1500190914,user_230
process_23,1500190984,user_17
process_6,1500191464,user_27
process_40,1500191534,user_125
process_34,1500191643,user_289
process_33,1500191725,user_265
process_28,1500191798,user_18
process_22,1500191975,user_170
process_11,1500192017,user_152
process_16,1500192122,user_228
process_17,1500192287,user_284
process_49,1500192535,user_21
process_22,1500192587,user_136
process_16,1500192728,user_6
process_1,1500192773,user_209
process_23,1500192899,user_294
process_5,1500192957,user_104
process_0,1500193139,user_63
process_39,1500193205,user_269
process_43,1500193274,user_212
process_11,1500193355,user_148
process_18,1500193946,user_48
process_16,1500194505,user_71
process_11,1500194733,user_248
process_45,1500194767,user_100
process_5,1500194777,user_207
process_17,1500194810,user_135
process_44,1500194890,user_245
process_33,1500195740,user_89
process_22,1500195785,user_58
process_12,1500195956,user_218
process_11,1500196575,user_127
process_6,1500196672,user_164
process_22,1500196689,user_17
process_11,1500196750,user_42
process_17,1500196856,user_279
process_17,1500196950,user_140
process_11,1500197084,user_20
process_16,1500197352,user_109
process_6,1500197641,user_96
process_6,1500197744,user_139
process_17,1500197947,user_66
process_39,1500198350,user_87
process_45,1500198468,user_276
process_44,1500199534,user_84
process_45,1500199685,user_24
process_16,1500200019,user_298
process_45,1500200112,user_154
process_12,1500200247,user_225
process_5,1500200383,user_0
process_16,1500200408,user_10
process_5,1500200501,user_19
process_18,1500201365,user_144
process_22,1500201848,user_147
process_6,1500202181,user_74
process_17,1500202403,user_121
process_11,1500202489,user_218
process_0,1500202657,user_67
process_16,1500202991,user_199
process_28,1500203009,user_226
process_17,1500203190,user_109
process_33,1500203610,user_15
process_45,1500203855,user_193
process_17,1500203941,user_71
process_7,1500204582,user_201
process_23,1500205070,user_134
process_26,1500205286,user_215
process_11,1500205333,user_260
process_33,1500205359,user_176
process_10,1500205509,user_260
process_15,1500205721,user_109
process_40,1500205827,user_8
process_44,1500206063,user_203
process_49,1500206391,user_35
process_45,1500206430,user_195
process_5,1500207019,user_164
process_17,1500207075,user_48
process_33,1500207087,user_275
process_38,1500207110,user_162
process_34,1500207452,user_89
process_45,1500207488,user_235
process_17,1500207576,user_130
process_44,1500207902,user_235
process_11,1500207909,user_29
process_39,1500208430,user_22
process_0,1500208580,user_187
process_39,1500208608,user_30
process_44,1500208878,user_113
process_49,1500208888,user_114
process_6,1500208983,user_110
process_49,1500209275,user_166
process_1,1500209382,user_271
process_11,1500209475,user_296
process_17,1500209492,user_292
process_27,1500209564,user_73
process_33,1500210173,user_39
process_28,1500210213,user_261
process_11,1500210224,user_192
process_16,1500210515,user_284
process_22,1500210585,user_128
process_6,1500211095,user_131
process_16,1500211311,user_174
process_4,1500211312,user_227
process_28,1500211316,user_70
process_21,1500211810,user_147
process_39,1500212113,user_232
process_5,1500212169,user_179
process_22,1500212354,user_155
process_34,1500212441,user_176
process_5,1500212547,user_131
process_10,1500212769,user_123
process_44,1500212961,user_291
process_33,1500212976,user_5
process_38,1500213477,user_238
process_6,1500213716,user_104
process_23,1500214148,user_170
process_38,1500214573,user_229
process_11,1500214712,user_76
process_33,1500214763,user_250
process_45,1500214765,user_291
process_16,1500214818,user_43
process_21,1500214881,user_134
process_23,1500215096,user_297
process_49,1500215400,user_116
process_44,1500215542,user_108
process_34,1500215546,user_93
process_21,1500216321,user_112
process_39,1500216798,user_249
process_21,1500216829,user_171
process_22,1500217704,user_254
process_11,1500217710,user_281
process_4,1500218187,user_131
process_4,1500218425,user_139
process_5,1500218456,user_64
process_39,1500218466,user_125
process_6,1500218627,user_201
process_5,1500218702,user_4
process_17,1500218861,user_6
process_46,1500218926,user_154
process_11,1500218939,user_75
process_44,1500219090,user_208
process_22,1500219291,user_33
process_49,1500219328,user_115
process_44,1500219345,user_191
process_45,1500219563,user_79
process_16,1500219609,user_124
process_44,1500219827,user_233
process_40,1500219923,user_80
process_39,1500219957,user_77
process_44,1500220309,user_193
process_22,1500220340,user_266
process_44,1500220413,user_45
process_33,1500220794,user_236
process_6,1500221110,user_231
process_21,1500221354,user_23
process_21,1500221488,user_128
process_5,1500221505,user_242
process_18,1500221589,user_135
process_5,1500221595,user_139
process_0,1500221602,user_255
process_18,1500221875,user_124
process_23,1500221902,user_171
process_27,1500221956,user_111
process_16,1500222114,user_292
process_12,1500222123,user_299
process_0,1500222183,user_178
process_6,1500222351,user_173
process_1,1500222454,user_14
process_49,1500223102,user_82
process_39,1500223232,user_160
process_40,1500223262,user_232
process_22,1500223343,user_60
process_38,1500223456,user_249
process_40,1500223573,user_229
process_44,1500223880,user_237
process_39,1500223990,user_224
process_22,1500224010,user_297
process_22,1500224514,user_286
process_43,1500224536,user_276
process_49,1500224687,user_94
process_6,1500224746,user_19
process_0,1500224902,user_133
process_44,1500225019,user_198
process_34,1500225225,user_101
process_22,1500225510,user_112
process_23,1500225536,user_243
process_12,1500225636,user_194
process_44,1500225663,user_154
process_32,1500225734,user_89
process_39,1500226016,user_11
process_17,1500226069,user_295
process_40,1500226122,user_221
process_17,1500226210,user_174
process_11,1500226288,user_299
process_22,1500226341,user_243
process_34,1500226528,user_275
process_22,1500226840,user_149
process_33,1500226849,user_196
process_27,1500226857,user_197
process_34,1500226965,user_181
process_10,1500227471,user_148
process_49,1500227513,user_157
process_17,1500227618,user_214
process_0,1500228359,user_105
process_28,1500228438,user_206
process_17,1500229000,user_199
process_44,1500229031,user_34
process_37,1500229419,user_151
process_0,1500229622,user_137
process_45,1500229865,user_84
process_0,1500229973,user_209
process_34,1500230055,user_15
process_27,1500230130,user_206
process_5,1500230973,user_239
process_39,1500231514,user_59
process_27,1500231663,user_120
process_34,1500231766,user_32
process_6,1500231769,user_50
process_39,1500231770,user_25
process_33,1500231920,user_200
process_6,1500232092,user_9
process_17,1500232095,user_228
process_12,1500232219,user_90
process_49,1500232438,user_97
process_12,1500232515,user_256
process_12,1500232698,user_20
process_0,1500233102,user_88
process_45,1500233137,user_61
process_17,1500233465,user_268
process_38,1500233499,user_8
process_45,1500233618,user_158
process_45,1500233689,user_273
process_10,1500233699,user_281
process_22,1500233784,user_134
process_12,1500233947,user_123
process_28,1500234095,user_120
process_17,1500234184,user_124
process_44,1500234268,user_79
process_1,1500234500,user_178
process_40,1500234514,user_25
process_44,1500234661,user_141
process_5,1500234859,user_96
process_49,1500234995,user_183
process_28,1500235023,user_143
process_29,1500235444,user_143
process_11,1500236125,user_225
process_1,1500236373,user_153
process_10,1500236553,user_56
process_38,1500236707,user_151
process_39,1500236806,user_162
process_16,1500236929,user_244
process_0,1500237082,user_161
process_33,1500237290,user_118
process_44,1500237436,user_212
process_49,1500237443,user_185
process_5,1500237460,user_216
process_49,1500237538,user_95
process_39,1500237610,user_172
process_45,1500237722,user_113
process_1,1500237752,user_117
process_15,1500237766,user_10
process_49,1500237848,user_241
process_49,1500238271,user_98
process_28,1500238504,user_215
process_38,1500238539,user_41
process_44,1500238572,user_81
process_17,1500238937,user_43
process_33,1500239136,user_26
process_0,1500239214,user_234
process_38,1500239297,user_77
process_23,1500239609,user_33
process_49,1500239645,user_202
process_43,1500239821,user_100
process_18,1500240116,user_174
process_44,1500240480,user_61
process_11,1500240658,user_86
process_43,1500240708,user_84
process_17,1500240854,user_47
process_28,1500240893,user_12
process_39,1500241040,user_151
process_23,1500241723,user_53
process_5,1500241898,user_231
process_28,1500242175,user_91
process_22,1500242296,user_274
process_33,1500242715,user_32
process_0,1500242737,user_106
process_33,1500242990,user_38
process_39,1500243080,user_46
process_22,1500243201,user_132
process_5,1500243360,user_201
process_39,1500243417,user_80
process_33,1500243518,user_181
process_11,1500243692,user_90
process_28,1500243974,user_251
process_11,1500244474,user_194
process_7,1500244484,user_242
process_34,1500244522,user_250
process_11,1500244570,user_56
process_27,1500244832,user_261
process_28,1500245012,user_220
process_44,1500245034,user_263
process_44,1500245166,user_158
process_33,1500245189,user_13
process_11,1500245260,user_257
process_32,1500245804,user_275
process_44,1500245964,user_119
process_6,1500246121,user_216
process_2,1500246483,user_178
process_22,1500246545,user_53
process_33,1500246610,user_189
process_39,1500246906,user_16
process_5,1500246916,user_150
process_22,1500247088,user_2
process_49,1500247093,user_169
process_7,1500247253,user_216
process_45,1500247412,user_119
process_6,1500247742,user_259
process_45,1500247751,user_34
process_12,1500247752,user_272
process_16,1500248058,user_268
process_29,1500248363,user_120
process_49,1500248782,user_280
process_45,1500248792,user_65
process_10,1500248818,user_75
process_44,1500249278,user_100
process_17,1500249548,user_222
process_38,1500249714,user_11
process_44,1500249794,user_276
process_39,1500250149,user_53
process_39,1500250224,user_77
process_39,1500250379,user_243
process_33,1500250578,user_244
process_17,1500250595,user_194
process_11,1500250751,user_67
process_49,1500250762,user_185
process_7,1500250857,user_222
process_15,1500250965,user_261
process_0,1500251078,user_213
process_6,1500251322,user_50
process_39,1500251387,user_115
process_16,1500251390,user_268
process_45,1500251582,user_225
process_28,1500251633,user_2
process_12,1500251717,user_238
process_49,1500251725,user_55
process_6,1500251784,user_23
process_45,1500251840,user_57
process_23,1500251918,user_171
process_16,1500251954,user_208
process_38,1500252093,user_290
process_38,1500252201,user_249
process_34,1500252271,user_176
process_5,1500252592,user_153
process_22,1500252779,user_66
process_16,1500252800,user_194
process_44,1500252832,user_65
process_45,1500252995,user_235
process_39,1500253008,user_95
process_45,1500253045,user_272
process_11,1500253142,user_42
process_22,1500253185,user_155
process_39,1500253342,user_39
process_39,1500253653,user_172
process_17,1500253682,user_297
process_1,1500253978,user_63
process_6,1500254001,user_167
process_34,1500254050,user_15
process_44,1500254262,user_195
process_27,1500254611,user_84
process_39,1500255019,user_145
process_39,1500255077,user_197
process_6,1500255621,user_78
process_21,1500255820,user_203
process_34,1500256261,user_275
process_40,1500256511,user_197
process_11,1500256648,user_257
process_40,1500256886,user_201
process_49,1500257147,user_242
process_49,1500257234,user_216
process_16,1500257355,user_152
process_27,1500257397,user_111
process_0,1500257879,user_114
process_6,1500258111,user_102
process_16,1500258453,user_198
process_28,1500258566,user_61
process_49,1500258580,user_94
process_18,1500258641,user_214
process_40,1500258827,user_188
process_33,1500258904,user_75
process_34,1500259191,user_129
process_28,1500259300,user_215
process_33,1500259634,user_26
process_39,1500259908,user_290
process_5,1500259916,user_50
process_40,1500260349,user_209
process_4,1500260619,user_179
process_34,1500260800,user_219
process_49,1500260972,user_131
process_39,1500260979,user_295
process_18,1500261076,user_189
process_44,1500261604,user_278
process_33,1500261750,user_219
process_0,1500262051,user_149
process_5,1500262258,user_234
process_26,1500262344,user_70
process_0,1500262459,user_90
process_33,1500262736,user_156
process_16,1500262837,user_3
process_6,1500262909,user_144
process_10,1500263145,user_123
process_11,1500263193,user_48
process_17,1500263228,user_152
process_6,1500263568,user_265
process_1,1500263627,user_88
process_0,1500264152,user_44
process_49,1500264540,user_16
process_11,1500265242,user_126
process_33,1500265798,user_275
process_17,1500265807,user_211
process_5,1500266007,user_40
process_6,1500266710,user_158
process_17,1500266750,user_214
process_23,1500266891,user_97
process_5,1500266918,user_101
process_38,1500267021,user_175
process_49,1500267290,user_14
process_0,1500267552,user_12
process_29,1500267723,user_291
process_44,1500268025,user_273
process_23,1500268046,user_266
process_28,1500268100,user_251
process_34,1500268285,user_75
process_5,1500269063,user_179
process_23,1500269308,user_33
process_33,1500269464,user_103
process_11,1500269592,user_121
process_16,1500269867,user_211
process_6,1500270459,user_234
process_0,1500270480,user_159
process_27,1500270616,user_190
process_45,1500270851,user_237
process_5,1500271063,user_222
process_5,1500271479,user_158
process_37,1500271530,user_145
process_46,1500271533,user_108
process_21,1500271615,user_100
process_29,1500271797,user_2
process_22,1500272229,user_54
process_10,1500272501,user_51
process_28,1500272941,user_71
process_34,1500273192,user_277
process_0,1500273658,user_119
process_28,1500274030,user_111
process_6,1500274044,user_104
process_11,1500274064,user_143
process_0,1500274257,user_260
process_0,1500274703,user_279
process_4,1500274745,user_226
process_28,1500274886,user_84
process_0,1500275149,user_110
process_44,1500275499,user_258
process_49,1500275877,user_177
process_34,1500275986,user_80
process_49,1500276028,user_82
process_49,1500276044,user_17
process_45,1500276244,user_273
process_39,1500276338,user_232
process_0,1500276826,user_137
process_6,1500277036,user_93
process_27,1500277559,user_61
process_39,1500277629,user_11
process_34,1500277645,user_81
process_39,1500277834,user_128
process_39,1500277979,user_212
process_1,1500277981,user_6
process_0,1500278350,user_22
process_23,1500278815,user_262
process_5,1500278919,user_23
process_43,1500279179,user_258
process_28,1500279725,user_291
process_32,1500279744,user_80
process_22,1500279792,user_262
process_16,1500279795,user_189
process_1,1500280063,user_250
process_23,1500280080,user_196
process_17,1500280540,user_134
process_45,1500281232,user_38
process_1,1500281373,user_149
process_33,1500281430,user_80
process_5,1500281431,user_104
process_17,1500281533,user_140
process_39,1500281548,user_107
process_27,1500281938,user_215
process_45,1500282102,user_45
process_1,1500282200,user_12
process_16,1500282430,user_165
process_16,1500282430,user_151
process_32,1500282441,user_28
process_38,1500282821,user_106
process_45,1500282866,user_69
process_39,1500282982,user_201
process_11,1500283141,user_135
process_13,1500283173,user_116
process_33,1500283719,user_277
process_22,1500283840,user_9
process_18,1500283994,user_261
process_5,1500284009,user_167
process_11,1500284028,user_116
process_44,1500284090,user_8
process_49,1500284101,user_21
process_0,1500284263,user_52
process_45,1500284452,user_87
process_10,1500284478,user_288
process_0,1500284495,user_122
process_44,1500284510,user_141
process_39,1500284541,user_59
process_39,1500284618,user_175
process_17,1500284895,user_151
process_11,1500285337,user_283
process_46,1500285394,user_235
process_34,1500285431,user_199
process_44,1500285536,user_87
process_45,1500285547,user_65
process_34,1500285569,user_293
process_44,1500285581,user_191
process_38,1500285643,user_202
process_16,1500285989,user_117
process_11,1500286366,user_148
process_10,1500286453,user_42
process_44,1500286471,user_69
process_28,1500286768,user_264
process_22,1500286785,user_136
process_33,1500286828,user_81
process_49,1500287399,user_254
process_34,1500287795,user_26
process_33,1500287920,user_293
process_43,1500287966,user_57
process_29,1500288167,user_251
process_4,1500288548,user_221
process_23,1500288682,user_286
process_38,1500288730,user_53
process_23,1500288973,user_100
process_16,1500289039,user_214
process_39,1500289115,user_249
process_17,1500289270,user_165
process_0,1500289481,user_292
process_22,1500289537,user_266
process_17,1500290132,user_30
process_6,1500290291,user_101
process_5,1500290416,user_154
process_23,1500290528,user_229
process_29,1500290683,user_264
process_39,1500290730,user_202
process_17,1500291019,user_43
process_44,1500291283,user_118
process_45,1500291771,user_24
process_22,1500291841,user_161
process_1,1500291937,user_122
process_34,1500291971,user_32
process_49,1500292108,user_271
process_11,1500292135,user_269
process_38,1500292218,user_243
process_33,1500292260,user_32
process_0,1500292444,user_105
process_38,1500292710,user_150
process_1,1500292782,user_279
process_6,1500292862,user_222
process_11,1500292883,user_238
process_17,1500293114,user_29
process_16,1500293335,user_261
process_28,1500293673,user_182
process_23,1500293769,user_112
process_16,1500293913,user_140
process_5,1500294222,user_102
process_40,1500294260,user_39
process_23,1500294395,user_155
process_6,1500294581,user_226
process_49,1500295038,user_147
process_44,1500295038,user_120
process_0,1500295287,user_72
process_34,1500295911,user_103
process_44,1500296704,user_272
process_28,1500296837,user_166
process_0,1500297053,user_98
process_0,1500297080,user_207
process_39,1500298330,user_174
process_17,1500298493,user_138
process_22,1500298715,user_296
process_10,1500299061,user_299
process_6,1500299121,user_40
process_4,1500299264,user_154
process_22,1500299315,user_97
process_6,1500299330,user_41
process_5,1500299444,user_41
process_23,1500299596,user_296
process_45,1500299908,user_276
process_44,1500300020,user_91
process_44,1500300192,user_45
process_0,1500300607,user_169
process_29,1500300843,user_285
process_5,1500301351,user_231
process_15,1500301512,user_208
process_21,1500301714,user_220
process_11,1500301796,user_299
process_0,1500301799,user_85
process_5,1500301891,user_267
process_22,1500302033,user_196
process_44,1500302292,user_79
process_28,1500302506,user_70
process_44,1500302565,user_235
process_34,1500302928,user_28
process_48,1500303416,user_16
process_34,1500304101,user_10
process_28,1500304272,user_224
process_5,1500304427,user_144
process_23,1500304968,user_130
process_34,1500305042,user_146
process_33,1500305167,user_15
process_6,1500305182,user_153
process_10,1500305389,user_238
process_17,1500305543,user_47
process_39,1500305718,user_27
process_6,1500305786,user_170
process_10,1500305799,user_186
process_12,1500305815,user_257
process_24,1500305826,user_286
process_39,1500305837,user_25
process_33,1500305842,user_28
process_38,1500305978,user_125
process_6,1500306052,user_231
process_10,1500306141,user_116
process_5,1500306432,user_205
process_7,1500306517,user_74
process_17,1500306588,user_62
process_39,1500306617,user_125
process_49,1500306942,user_223
process_12,1500306945,user_135
process_0,1500307006,user_178
process_45,1500307200,user_278
process_11,1500307333,user_259
process_0,1500307337,user_88
process_22,1500307781,user_5
process_10,1500308648,user_148
process_22,1500308827,user_7
process_32,1500308882,user_199
process_49,1500309088,user_233
process_10,1500309328,user_127
process_39,1500309475,user_209
process_33,1500309702,user_13
process_44,1500309729,user_237
process_28,1500309938,user_239
process_49,1500310528,user_142
process_45,1500310540,user_8
process_6,1500311210,user_179
process_6,1500311220,user_205
process_33,1500311228,user_129
process_6,1500311356,user_0
process_28,1500311559,user_190
process_22,1500311899,user_203
process_17,1500312245,user_49
process_23,1500312453,user_139
process_5,1500312595,user_226
process_28,1500312647,user_157
process_38,1500313150,user_25
process_17,1500313565,user_3
process_28,1500313881,user_206
process_22,1500314015,user_220
process_27,1500314298,user_251
process_11,1500314638,user_287
process_5,1500314905,user_221
process_11,1500315030,user_51
process_0,1500315462,user_192
process_11,1500315545,user_200
process_44,1500315624,user_57
process_39,1500316064,user_160
process_45,1500316168,user_108
process_0,1500316219,user_89
process_11,1500316237,user_123
process_45,1500316272,user_36
process_27,1500316276,user_245
process_44,1500316278,user_108
process_0,1500316374,user_173
process_38,1500316889,user_209
process_6,1500316972,user_64
process_17,1500316980,user_124
process_0,1500317346,user_250
process_22,1500317515,user_130
process_45,1500317557,user_118
process_5,1500317697,user_0
process_38,1500318039,user_295
process_5,1500318165,user_64
process_44,1500318275,user_19
process_45,1500318315,user_120
process_1,1500318342,user_133
process_12,1500318498,user_35
process_12,1500318677,user_218
process_28,1500319054,user_245
process_12,1500319158,user_186
process_44,1500319161,user_24
process_39,1500319227,user_217
process_39,1500319342,user_106
process_12,1500319365,user_269
process_15,1500319568,user_297
process_16,1500320133,user_230
process_17,1500320280,user_230
process_11,1500320301,user_35
process_7,1500320979,user_231
process_0,1500321099,user_63
process_27,1500321765,user_2
process_23,1500321969,user_7
process_45,1500322430,user_91
process_49,1500322496,user_204
process_9,1500322998,user_287
process_5,1500323200,user_78
process_6,1500323324,user_154
process_27,1500323438,user_92
process_28,1500323822,user_92
process_28,1500324490,user_163
process_28,1500324612,user_18
process_17,1500324673,user_1
process_27,1500324692,user_264
process_0,1500324856,user_133
process_49,1500325089,user_132
process_17,1500325262,user_261
process_17,1500325277,user_117
process_12,1500325330,user_283
process_16,1500325395,user_134
process_22,1500325493,user_171
process_29,1500325654,user_239
process_23,1500325793,user_5
process_22,1500325801,user_100
process_28,1500325892,user_20
process_12,1500325901,user_148
process_33,1500326057,user_4
process_44,1500326117,user_256
process_49,1500326128,user_280
process_44,1500326375,user_225
process_33,1500326942,user_289
process_0,1500327253,user_187
process_22,1500327283,user_109
process_38,1500327375,user_160
process_27,1500327591,user_73
process_1,1500327761,user_52
process_22,1500327837,user_33
process_16,1500328104,user_43
process_16,1500328459,user_252
process_22,1500328839,user_139
process_40,1500328942,user_115
process_22,1500329021,user_286
process_44,1500329241,user_36
process_34,1500329319,user_244
process_38,1500329579,user_107
process_39,1500329885,user_188
process_21,1500330251,user_130
process_39,1500330374,user_282
process_1,1500330442,user_187
process_7,1500330562,user_104
process_49,1500330682,user_236
process_44,1500331088,user_38
process_38,1500331224,user_115
process_10,1500331529,user_67
process_49,1500331633,user_248
process_12,1500331708,user_121
process_49,1500331765,user_58
process_33,1500331860,user_176
process_5,1500331883,user_74
process_35,1500332068,user_219
process_17,1500332069,user_198
process_44,1500332245,user_180
process_5,1500332270,user_170
process_28,1500332306,user_60
process_6,1500332508,user_267
process_17,1500332687,user_252
process_33,1500333067,user_10
process_22,1500333286,user_112
process_6,1500333514,user_74
process_43,1500333801,user_118
process_33,1500334174,user_199
process_0,1500334326,user_6
process_7,1500334364,user_167
process_38,1500334380,user_183
process_23,1500334488,user_220
process_1,1500335091,user_164
process_17,1500335204,user_189
process_0,1500335221,user_227
process_17,1500335430,user_268
process_12,1500335455,user_116
process_28,1500335475,user_86
process_44,1500335586,user_181
process_49,1500335590,user_56
process_11,1500335663,user_218
process_11,1500335908,user_186
process_11,1500335917,user_162
process_15,1500336926,user_227
process_10,1500337323,user_55
process_17,1500337420,user_214
process_28,1500337517,user_37
process_0,1500337617,user_52
process_11,1500337729,user_279
process_23,1500337888,user_8
process_5,1500338221,user_154
process_0,1500338330,user_255
process_11,1500338504,user_32
process_16,1500338636,user_100
process_49,1500338718,user_241
process_43,1500338808,user_108
process_44,1500338839,user_173
process_22,1500338965,user_267
process_11,1500339040,user_295
process_1,1500339052,user_133
process_44,1500339055,user_193
process_33,1500339093,user_293
process_34,1500339425,user_293
process_39,1500339528,user_53
process_22,1500339652,user_74
process_0,1500339959,user_44
process_44,1500340045,user_278
process_49,1500340107,user_280
process_39,1500340157,user_87
process_1,1500340354,user_255
process_44,1500340384,user_42
process_39,1500340631,user_232
process_17,1500340693,user_47
process_17,1500340946,user_6
process_6,1500340955,user_39
process_17,1500341069,user_60
process_18,1500341125,user_117
process_44,1500341391,user_125
process_5,1500341486,user_237
process_32,1500341814,user_219
process_44,1500341993,user_105
process_5,1500342124,user_236
process_11,1500342296,user_116
process_46,1500342501,user_119
process_22,1500342739,user_248
process_28,1500343216,user_83
process_45,1500343704,user_272
process_44,1500343776,user_256
process_17,1500343953,user_174
process_11,1500343971,user_143
process_44,1500344270,user_119
process_28,1500344312,user_245
process_10,1500344424,user_290
process_28,1500344533,user_111
process_49,1500344610,user_212
process_22,1500345033,user_17
process_6,1500345155,user_201
process_33,1500345159,user_101
process_11,1500345200,user_166
process_22,1500345245,user_240
process_5,1500345272,user_234
process_49,1500345416,user_254
process_5,1500345447,user_152
process_1,1500345455,user_62
process_17,1500345593,user_100
process_28,1500345774,user_73
process_39,1500346167,user_16
process_16,1500346632,user_292
process_33,1500346878,user_159
process_11,1500346918,user_250
process_23,1500347047,user_198
process_49,1500347137,user_98
process_23,1500347180,user_107
process_22,1500347238,user_7
process_11,1500347406,user_95
process_11,1500347483,user_290
process_23,1500347758,user_23
process_22,1500348064,user_171
process_5,1500348375,user_139
process_23,1500348525,user_262
process_33,1500348733,user_219
process_23,1500348808,user_66
process_34,1500348965,user_41
process_11,1500349121,user_25
process_0,1500349178,user_137
process_34,1500349418,user_176
process_5,1500349434,user_102
process_29,1500349461,user_251
process_38,1500349665,user_145
process_0,1500349681,user_1
process_16,1500350028,user_6
process_28,1500350123,user_18
process_39,1500350289,user_30
process_11,1500350525,user_21
process_28,1500350602,user_261
process_17,1500350734,user_208
process_0,1500350750,user_169
process_17,1500351146,user_56
process_44,1500351202,user_81
process_44,1500351342,user_78
process_49,1500351744,user_141
process_34,1500351804,user_181
process_0,1500351812,user_72
process_43,1500351848,user_193
process_27,1500352038,user_37
process_44,1500352226,user_113
process_22,1500352350,user_198
process_33,1500352511,user_15
process_7,1500352612,user_69
process_33,1500352793,user_41
process_6,1500352809,user_297
process_28,1500352838,user_138
process_49,1500352878,user_89
process_39,1500353021,user_131
process_12,1500353061,user_250
process_11,1500353092,user_40
process_6,1500353245,user_102
process_45,1500353392,user_284
process_17,1500353592,user_67
process_27,1500353841,user_265
process_6,1500353881,user_170
process_6,1500353893,user_154
process_5,1500353943,user_205
process_0,1500354144,user_142
process_17,1500354161,user_252
process_5,1500354191,user_110
process_0,1500354603,user_5
process_34,1500354815,user_134
process_0,1500354856,user_146
process_45,1500354888,user_42
process_6,1500354954,user_158
process_16,1500355093,user_214
process_22,1500355370,user_12
process_33,1500355721,user_26
process_33,1500355844,user_156
process_6,1500355848,user_226
process_44,1500357007,user_167
process_28,1500357092,user_182
process_39,1500357237,user_217
process_45,1500357442,user_285
process_44,1500357858,user_76
process_6,1500358027,user_68
process_0,1500358134,user_178
process_17,1500358319,user_117
process_29,1500358329,user_157
process_11,1500358509,user_49
process_44,1500358681,user_65
process_12,1500358688,user_296
process_24,1500358784,user_106
process_22,1500358977,user_270
process_17,1500359031,user_192
process_28,1500359259,user_157
process_34,1500359591,user_13
process_27,1500359654,user_245
process_33,1500359796,user_283
process_28,1500359837,user_61
process_44,1500360107,user_203
process_49,1500360117,user_97
process_18,1500360275,user_140
process_40,1500360444,user_131
process_11,1500360649,user_51
process_22,1500361101,user_224
process_22,1500361356,user_58
process_34,1500361366,user_101
process_33,1500361628,user_298
process_0,1500361785,user_294
process_5,1500362049,user_179
process_49,1500362165,user_195
process_22,1500362213,user_229
process_49,1500362216,user_147
process_6,1500362426,user_172
process_39,1500362458,user_223
process_28,1500362546,user_28
process_1,1500362906,user_294
process_44,1500362921,user_258
process_12,1500363010,user_129
process_21,1500363178,user_149
process_6,1500363396,user_237
process_10,1500363427,user_218
process_11,1500363676,user_129
process_11,1500363677,user_35
process_12,1500363956,user_25
process_11,1500364560,user_148
process_33,1500364667,user_216
process_44,1500365022,user_235
process_0,1500365217,user_3
process_11,1500365394,user_269
process_1,1500365523,user_85
process_32,1500365657,user_189
process_17,1500365877,user_140
process_17,1500365905,user_227
process_23,1500365944,user_155
process_11,1500366020,user_38
process_5,1500366328,user_201
process_21,1500366751,user_171
process_34,1500366864,user_291
process_46,1500366906,user_76
process_5,1500366968,user_222
process_22,1500366974,user_66
process_45,1500367028,user_65
process_38,1500368071,user_11
process_5,1500368276,user_68
process_39,1500368948,user_59
process_17,1500369039,user_10
process_5,1500369117,user_158
process_44,1500369265,user_108
process_48,1500369423,user_228
process_22,1500369671,user_149
process_17,1500369961,user_71
process_17,1500370108,user_264
process_22,1500370109,user_23
process_23,1500370422,user_240
process_28,1500370644,user_2
process_6,1500370930,user_207
process_11,1500370962,user_109
process_34,1500371126,user_213
process_32,1500372037,user_244
process_0,1500372279,user_103
process_48,1500372414,user_271
process_11,1500372873,user_204
process_39,1500373484,user_215
process_16,1500373702,user_264
process_33,1500373718,user_244
process_44,1500373814,user_24
process_6,1500374309,user_9
process_34,1500374553,user_4
process_22,1500374607,user_20
process_27,1500374764,user_182
process_23,1500374778,user_7
process_28,1500375043,user_266
process_6,1500375129,user_110
process_28,1500375195,user_180
process_33,1500375370,user_4
process_49,1500375762,user_14
process_0,1500375944,user_184
process_45,1500376045,user_186
process_49,1500376133,user_54
process_1,1500376284,user_184
process_32,1500376298,user_291
process_39,1500376613,user_150
process_10,1500376743,user_51
process_1,1500377179,user_146
process_22,1500377327,user_106
process_39,1500377692,user_11
process_12,1500377704,user_204
process_33,1500378165,user_75
process_44,1500378190,user_120
process_16,1500378259,user_174
process_23,1500378338,user_171
process_16,1500378433,user_10
process_44,1500378575,user_284
process_49,1500378993,user_132
process_28,1500379210,user_251
process_49,1500379285,user_228
process_22,1500379306,user_168
process_39,1500380060,user_249
process_23,1500380093,user_74
process_40,1500380105,user_30
process_40,1500380636,user_246
process_45,1500380714,user_203
process_45,1500380824,user_24
process_39,1500381018,user_225
process_45,1500381176,user_81
process_38,1500381189,user_87
process_33,1500381305,user_247
process_11,1500381501,user_211
process_28,1500381623,user_45
process_38,1500381885,user_232
process_12,1500381965,user_281
process_34,1500381987,user_216
process_44,1500382071,user_285
process_45,1500382103,user_105
process_16,1500382704,user_60
process_44,1500382888,user_273
process_28,1500382916,user_64
process_34,1500383011,user_26
process_17,1500383109,user_292
process_15,1500383491,user_140
process_6,1500383507,user_205
process_23,1500383678,user_112
process_33,1500383719,user_233
process_22,1500383748,user_112
process_22,1500384130,user_274
process_45,1500384145,user_84
process_6,1500384186,user_50
process_33,1500384271,user_181
process_11,1500384497,user_127
process_6,1500384588,user_177
process_11,1500385057,user_29
process_6,1500385085,user_234
process_38,1500385390,user_197
process_10,1500385625,user_279
process_5,1500385939,user_275
process_10,1500386007,user_63
process_0,1500386041,user_133
process_45,1500386142,user_76
process_29,1500386211,user_28
process_18,1500386221,user_36
process_11,1500386273,user_281
process_45,1500386763,user_113
process_45,1500386835,user_173
process_12,1500386898,user_116
process_49,1500386967,user_183
process_27,1500387000,user_83
process_28,1500387040,user_151
process_40,1500387053,user_16
process_5,1500387151,user_144
process_17,1500387248,user_231
process_39,1500387470,user_135
process_12,1500388036,user_194
process_23,1500388085,user_229
process_49,1500388585,user_163
process_28,1500388640,user_96
process_44,1500388910,user_263
process_28,1500389087,user_265
process_12,1500389198,user_290
process_27,1500389277,user_96
process_33,1500389556,user_189
process_5,1500389874,user_69
process_5,1500389954,user_207
process_39,1500390335,user_115
process_12,1500390359,user_218
process_5,1500390418,user_253
process_27,1500390586,user_73
process_40,1500390742,user_223
process_33,1500391047,user_34
process_49,1500391403,user_114
process_45,1500391552,user_263
process_11,1500391760,user_299
process_34,1500392040,user_219
process_34,1500392121,user_156
process_45,1500392135,user_57
process_6,1500392324,user_69
process_39,1500392385,user_282
process_11,1500392485,user_257
process_33,1500392493,user_213
process_38,1500392632,user_225
process_17,1500392896,user_36
process_45,1500393005,user_108
process_28,1500393149,user_70
process_23,1500393386,user_267
process_39,1500393526,user_145
process_16,1500393565,user_252
process_0,1500394454,user_80
process_4,1500394575,user_207
process_17,1500395037,user_196
process_12,1500395039,user_95
process_0,1500395139,user_209
process_11,1500395253,user_218
process_6,1500395530,user_93
process_6,1500395657,user_222
process_0,1500396044,user_121
process_28,1500396199,user_239
process_34,1500396519,user_233
process_1,1500396591,user_122
process_29,1500396680,user_83
process_0,1500396941,user_277
process_22,1500397033,user_262
process_0,1500397113,user_85
process_32,1500397150,user_134
process_16,1500397336,user_208
process_39,1500397351,user_191
process_38,1500397614,user_243
process_5,1500398119,user_177
process_16,1500398703,user_67
process_49,1500398735,user_271
process_32,1500398753,user_26
process_13,1500398807,user_21
process_27,1500398916,user_261
process_43,1500399089,user_57
process_16,1500399150,user_118
process_1,1500399426,user_72
process_11,1500399495,user_194
process_45,1500399659,user_193
process_22,1500399697,user_0
process_5,1500400084,user_172
process_11,1500400201,user_296
process_33,1500400219,user_291
process_39,1500400258,user_246
process_6,1500400391,user_104
process_34,1500400446,user_298
process_38,1500401000,user_217
process_11,1500401273,user_79
process_1,1500401415,user_178
process_38,1500401529,user_188
process_0,1500401660,user_62
process_22,1500401675,user_136
process_49,1500401952,user_185
process_0,1500402162,user_122
process_49,1500402870,user_287
process_34,1500403736,user_283
process_39,1500403920,user_210
process_5,1500403987,user_153
process_17,1500404150,user_118
process_44,1500404695,user_57
process_39,1500404949,user_46
process_27,1500404952,user_64
process_17,1500405030,user_43
process_45,1500405741,user_167
process_17,1500405746,user_92
process_6,1500405943,user_253
process_1,1500406189,user_103
process_22,1500406267,user_155
process_39,1500406492,user_276
process_49,1500406705,user_242
process_11,1500406766,user_91
process_49,1500407814,user_82
process_49,1500407862,user_99
process_39,1500407864,user_197
process_29,1500407988,user_138
process_44,1500408243,user_272
process_5,1500408507,user_170
process_45,1500409093,user_202
process_12,1500409178,user_38
process_1,1500409315,user_277
process_16,1500409890,user_227
process_40,1500410339,user_282
process_0,1500410483,user_260
process_7,1500410978,user_68
process_6,1500411053,user_236
process_27,1500411133,user_138
process_5,1500411588,user_50
process_44,1500411595,user_84
process_39,1500411773,user_243
process_16,1500411962,user_231
process_10,1500412085,user_129
process_45,1500412319,user_235
process_49,1500412677,user_130
process_16,1500413187,user_47
process_44,1500413451,user_259
process_11,1500413574,user_200
process_39,1500414223,user_286
process_39,1500414399,user_221
process_6,1500414522,user_179
process_1,1500414553,user_142
process_32,1500414649,user_75
process_6,1500414849,user_153
process_16,1500414958,user_92
process_22,1500414978,user_8
process_45,1500414987,user_259
process_4,1500415089,user_154
process_5,1500415115,user_226
process_49,1500415227,user_187
process_0,1500415319,user_90
process_11,1500415476,user_288
process_33,1500415574,user_13
process_32,1500415895,user_13
process_6,1500416024,user_152
process_46,1500416075,user_285
process_0,1500417048,user_27
process_10,1500417240,user_148
process_49,1500417398,user_165
process_33,1500417891,user_134
process_6,1500417973,user_128
process_11,1500418031,user_162
process_33,1500418058,user_176
process_33,1500418107,user_86
process_45,1500418682,user_78
process_7,1500418882,user_172
process_18,1500419038,user_47
process_11,1500419149,user_63
process_44,1500419249,user_202
process_7,1500419273,user_144
process_44,1500420831,user_186
process_45,1500421456,user_258
process_29,1500421533,user_18
process_45,1500421836,user_273
process_23,1500422021,user_17
process_11,1500422480,user_250
process_0,1500422875,user_80
process_10,1500422972,user_65
process_5,1500423326,user_297
process_22,1500423371,user_20
process_10,1500423379,user_53
process_28,1500423555,user_158
process_44,1500423800,user_57
process_49,1500423874,user_21
process_16,1500424476,user_208
process_16,1500424697,user_109
process_44,1500424914,user_203
process_39,1500425362,user_202
process_12,1500425665,user_143
process_6,1500425752,user_264
process_17,1500425843,user_266
process_10,1500426022,user_225
process_10,1500426059,user_129
process_39,1500426491,user_54
process_0,1500426599,user_235
process_29,1500426601,user_84
process_28,1500426818,user_243
process_44,1500426847,user_259
process_40,1500426924,user_107
process_21,1500427940,user_161
process_39,1500427978,user_31
process_16,1500428048,user_298
process_28,1500428073,user_207
process_39,1500428112,user_153
process_12,1500428529,user_113
process_12,1500428711,user_53
process_44,1500429048,user_294
process_17,1500429270,user_67
process_17,1500429391,user_29
process_44,1500429427,user_116
process_29,1500429676,user_164
process_11,1500429692,user_218
process_38,1500429711,user_141
process_34,1500429925,user_293
process_34,1500429981,user_62
process_28,1500430091,user_111
process_49,1500430597,user_114
process_39,1500430712,user_87
process_40,1500431137,user_221
process_34,1500431200,user_260
process_27,1500431218,user_283
process_0,1500431321,user_152
process_28,1500432010,user_125
process_4,1500432023,user_82
process_22,1500432074,user_99
process_34,1500432166,user_26
process_22,1500432176,user_112
process_0,1500432285,user_189
process_23,1500432400,user_161
process_43,1500432730,user_203
process_26,1500432799,user_97
process_45,1500433120,user_119
process_12,1500433139,user_299
process_49,1500433238,user_287
process_17,1500433262,user_253
process_0,1500433282,user_3
process_34,1500433328,user_244
process_34,1500433335,user_75
process_22,1500433748,user_17
process_17,1500433846,user_201
process_6,1500433863,user_210
process_12,1500434170,user_123
process_17,1500434197,user_43
process_40,1500434285,user_191
process_33,1500434675,user_15
process_24,1500434685,user_122
process_5,1500434708,user_19
process_17,1500434881,user_151
process_11,1500435232,user_148
process_16,1500435374,user_196
process_27,1500435420,user_226
process_45,1500435427,user_69
process_28,1500435717,user_283
process_45,1500435917,user_273
process_27,1500436490,user_285
process_11,1500436547,user_223
process_49,1500436568,user_168
process_27,1500436675,user_111
process_32,1500436778,user_289
process_11,1500437010,user_127
process_1,1500437017,user_137
process_27,1500437265,user_207
process_26,1500437989,user_84
process_27,1500438060,user_70
process_22,1500438086,user_77
process_39,1500438258,user_229
process_45,1500438448,user_245
process_5,1500438490,user_68
process_22,1500438536,user_78
process_0,1500438827,user_192
process_11,1500439499,user_66
process_33,1500439561,user_293
process_23,1500439646,user_267
process_44,1500439714,user_272
process_38,1500440368,user_247
process_39,1500440656,user_59
process_49,1500441117,user_187
process_6,1500441222,user_263
process_44,1500442057,user_206
process_33,1500442086,user_4
process_49,1500442112,user_35
process_23,1500442301,user_33
process_23,1500442518,user_7
process_0,1500442530,user_117
process_16,1500442913,user_195
process_1,1500443068,user_292
process_45,1500443158,user_278
process_0,1500443192,user_255
process_0,1500443276,user_86
process_49,1500443435,user_239
process_27,1500443501,user_125
process_28,1500443602,user_226
process_22,1500443856,user_254
process_10,1500443980,user_216
process_1,1500444020,user_213
process_28,1500444021,user_83
process_28,1500444194,user_23
process_33,1500444203,user_32
process_15,1500444382,user_140
process_44,1500444469,user_242
process_49,1500444554,user_280
process_12,1500444676,user_250
process_0,1500445026,user_184
process_0,1500445341,user_181
process_5,1500445511,user_170
process_39,1500445527,user_25
process_16,1500445529,user_253
process_1,1500445561,user_152
process_11,1500445569,user_269
process_33,1500445646,user_149
process_29,1500446389,user_70
process_49,1500446518,user_156
process_33,1500446912,user_289
process_23,1500447150,user_112
process_39,1500447647,user_217
process_28,1500447750,user_81
process_12,1500447904,user_93
process_23,1500447984,user_77
process_28,1500448076,user_182
process_39,1500448161,user_232
process_39,1500448596,user_191
process_12,1500448667,user_225
process_39,1500448816,user_290
process_44,1500449636,user_284
process_39,1500449786,user_14
process_34,1500449883,user_219
process_45,1500450034,user_57
process_23,1500450059,user_99
process_11,1500450455,user_60
process_27,1500450506,user_190
process_6,1500450686,user_169
process_11,1500450704,user_34
process_22,1500450725,user_73
process_38,1500450737,user_246
process_46,1500450871,user_272
process_39,1500451442,user_107
process_23,1500451674,user_73
process_40,1500451690,user_87
process_18,1500451878,user_49
process_6,1500452011,user_205
process_17,1500452082,user_204
process_6,1500452383,user_82
process_39,1500452506,user_5
process_7,1500452911,user_37
process_0,1500452947,user_137
process_39,1500453096,user_247
process_44,1500453226,user_245
process_34,1500453290,user_149
process_29,1500453519,user_243
process_6,1500454123,user_19
process_17,1500454144,user_48
process_0,1500454176,user_52
process_16,1500454226,user_268
process_32,1500454374,user_28
process_40,1500454399,user_236
process_17,1500454440,user_195
process_45,1500454763,user_206
process_12,1500454844,user_38
process_0,1500455017,user_42
process_22,1500455057,user_240
process_16,1500455138,user_10
process_45,1500455447,user_124
process_5,1500455533,user_205
process_22,1500455584,user_132
process_40,1500455826,user_128
process_21,1500456170,user_240
process_1,1500456244,user_36
process_0,1500456355,user_133
process_12,1500456451,user_71
process_33,1500456711,user_248
process_1,1500456865,user_102
process_44,1500457279,user_45
process_49,1500457285,user_228
process_34,1500457456,user_4
process_17,1500457629,user_140
process_7,1500457868,user_179
process_33,1500457940,user_155
process_40,1500457986,user_59
process_6,1500457999,user_104
process_27,1500458209,user_79
process_49,1500458409,user_39
process_38,1500458578,user_236
process_12,1500458929,user_295
process_11,1500459011,user_200
process_28,1500459046,user_144
process_49,1500459105,user_147
process_10,1500459455,user_288
process_44,1500459680,user_193
process_11,1500459910,user_93
process_28,1500460263,user_164
process_49,1500461027,user_94
process_49,1500461187,user_41
process_44,1500461193,user_273
process_22,1500461440,user_7
process_37,1500461497,user_286
process_17,1500461705,user_252
process_38,1500461765,user_202
process_6,1500461939,user_0
process_27,1500462004,user_163
process_44,1500462169,user_237
process_17,1500462211,user_222
process_39,1500462650,user_172
process_46,1500462752,user_193
process_17,1500463121,user_47
process_49,1500463320,user_167
process_49,1500463532,user_275
process_5,1500463600,user_37
process_46,1500463738,user_278
process_11,1500463866,user_113
process_49,1500464025,user_11
process_12,1500464316,user_218
process_45,1500464487,user_284
process_18,1500464571,user_195
process_17,1500465238,user_10
process_39,1500465371,user_108
process_39,1500465685,user_246
process_17,1500465774,user_208
process_44,1500465839,user_276
process_49,1500465867,user_214
process_6,1500466076,user_170
process_0,1500466236,user_63
process_45,1500466438,user_116
process_38,1500466486,user_221
process_39,1500466995,user_91
process_34,1500467074,user_28
process_32,1500467281,user_88
process_28,1500467547,user_97
process_32,1500467651,user_62
process_17,1500467812,user_8
process_49,1500467818,user_6
process_33,1500467829,user_75
process_28,1500468036,user_285
process_38,1500468234,user_191
process_17,1500468259,user_268
process_22,1500468386,user_267
process_27,1500468406,user_83
process_11,1500469409,user_123
process_4,1500469620,user_131
process_49,1500470099,user_55
process_7,1500470194,user_110
process_17,1500470515,user_196
process_0,1500470596,user_199
process_33,1500470671,user_28
process_1,1500471279,user_133
process_44,1500471403,user_258
process_33,1500471524,user_162
process_6,1500471576,user_173
process_40,1500471683,user_141
process_38,1500471794,user_108
process_6,1500471898,user_131
process_49,1500471952,user_241
process_6,1500472312,user_175
process_1,1500472588,user_189
process_39,1500472802,user_236
process_5,1500473041,user_50
process_15,1500473110,user_208
process_16,1500473192,user_140
process_12,1500474047,user_148
process_39,1500474049,user_118
process_11,1500474374,user_257
process_28,1500474496,user_1
process_5,1500474541,user_264
process_6,1500474682,user_179
process_41,1500474724,user_197
process_0,1500475112,user_105
process_49,1500475125,user_56
process_5,1500475201,user_210
process_0,1500475268,user_213
process_5,1500475456,user_139
process_17,1500475515,user_298
process_11,1500475533,user_90
process_12,1500475633,user_200
process_33,1500475788,user_244
process_23,1500475876,user_132
process_39,1500476293,user_141
process_39,1500476455,user_106
process_21,1500476525,user_73
process_1,1500476532,user_181
process_0,1500476710,user_36
process_49,1500476926,user_142
process_11,1500476999,user_225
process_28,1500477031,user_146
process_28,1500477182,user_265
process_23,1500477188,user_274
process_11,1500477391,user_126
process_39,1500477617,user_16
process_0,1500477718,user_72
process_49,1500477757,user_212
process_38,1500477784,user_59
process_6,1500478066,user_227
process_6,1500478308,user_68
process_33,1500478552,user_26
process_17,1500478552,user_198
process_28,1500478816,user_2
process_28,1500479004,user_79
process_22,1500479547,user_122
process_49,1500480196,user_46
process_10,1500480214,user_130
process_5,1500480472,user_0
process_16,1500480684,user_138
process_5,1500480846,user_263
process_0,1500480896,user_44
process_23,1500481061,user_270
process_24,1500481142,user_99
process_16,1500481167,user_8
process_16,1500481187,user_47
process_0,1500481334,user_234
process_5,1500481385,user_227
process_12,1500481445,user_130
process_45,1500481479,user_258
process_40,1500481774,user_290
process_16,1500481806,user_224
process_38,1500481896,user_31
process_11,1500482442,user_288
process_18,1500482527,user_196
process_39,1500482536,user_150
process_11,1500482841,user_299
process_16,1500482873,user_222
process_17,1500483116,user_256
process_33,1500483188,user_260
process_39,1500484007,user_30
process_22,1500484190,user_274
process_29,1500484336,user_23
process_27,1500484810,user_97
process_23,1500484935,user_122
process_17,1500485226,user_230
process_0,1500485342,user_176
process_27,1500485535,user_158
process_17,1500485552,user_49
process_22,1500485578,user_262
process_28,1500485631,user_190
process_49,1500486044,user_233
process_16,1500486164,user_252
process_40,1500486279,user_108
process_17,1500486331,user_224
process_28,1500486683,user_159
process_49,1500486907,user_157
process_39,1500487200,user_183
process_39,1500487302,user_22
process_40,1500487327,user_217
process_17,1500487624,user_271
process_1,1500487870,user_117
process_22,1500488105,user_161
process_39,1500488194,user_174
process_34,1500488200,user_32
process_38,1500488823,user_290
process_43,1500489173,user_276
process_39,1500489855,user_135
process_16,1500489958,user_67
process_38,1500490185,user_229
process_11,1500490350,user_216
process_10,1500490598,user_38
process_38,1500490711,user_153
process_40,1500490828,user_246
process_27,1500491018,user_2
process_45,1500491087,user_24
process_39,1500491262,user_197
process_38,1500491315,user_215
process_16,1500491705,user_201
process_43,1500491743,user_272
process_18,1500492483,user_256
process_44,1500492508,user_69
process_5,1500493006,user_179
process_6,1500493110,user_177
process_39,1500493207,user_128
process_49,1500493307,user_165
process_22,1500493366,user_270
process_33,1500493385,user_88
process_28,1500493472,user_18
process_17,1500493733,user_134
process_11,1500493935,user_53
process_6,1500494015,user_50
process_11,1500494242,user_160
process_5,1500494282,user_173
process_0,1500494304,user_292
process_6,1500494406,user_64
process_23,1500495135,user_17
process_11,1500495367,user_38
process_49,1500495457,user_185
process_6,1500495481,user_37
process_27,1500496250,user_243
process_11,1500496390,user_295
process_22,1500496560,user_100
process_16,1500496780,user_29
process_28,1500496940,user_70
process_11,1500496973,user_65
process_17,1500497324,user_109
process_0,1500497817,user_12
process_27,1500497997,user_1
process_22,1500498083,user_58
process_12,1500498207,user_257
process_0,1500498224,user_291
process_39,1500498758,user_115
process_19,1500498825,user_298
process_11,1500498977,user_71
process_6,1500499405,user_139
process_23,1500499899,user_254
process_39,1500500358,user_221
process_18,1500501471,user_109
process_39,1500501647,user_154
process_0,1500501673,user_102
process_16,1500502081,user_151
process_49,1500502158,user_89
process_16,1500502334,user_256
process_38,1500502363,user_174
process_27,1500502861,user_146
process_38,1500502915,user_281
process_23,1500502978,user_262
process_0,1500502982,user_209
process_5,1500503157,user_82
process_10,1500503311,user_113
process_45,1500503579,user_242
process_45,1500503665,user_203
process_5,1500503747,user_64
process_5,1500503862,user_110
process_21,1500504000,user_267
process_40,1500504162,user_91
process_7,1500504673,user_169
process_21,1500504760,user_274
process_38,1500504812,user_197
process_17,1500505346,user_103
process_22,1500505360,user_136
process_40,1500505403,user_115
process_44,1500505531,user_124
process_33,1500505812,user_219
process_29,1500505871,user_190
process_17,1500505884,user_138
process_28,1500506093,user_163
process_16,1500506252,user_230
process_45,1500506255,user_294
process_45,1500506541,user_193
process_11,1500506604,user_143
process_34,1500506757,user_289
process_11,1500506795,user_130
process_27,1500506841,user_18
process_49,1500506862,user_231
process_22,1500507006,user_171
process_43,1500507027,user_206
process_17,1500507044,user_121
process_5,1500507290,user_175
process_28,1500507363,user_101
process_44,1500507706,user_24
process_23,1500507942,user_78
process_44,1500508076,user_119
process_44,1500508217,user_278
process_40,1500508322,user_135
process_16,1500508363,user_43
process_34,1500508627,user_88
process_28,1500509008,user_45
process_17,1500509029,user_215
process_5,1500509231,user_0
process_21,1500509360,user_112
process_16,1500509479,user_194
process_34,1500509490,user_4
process_6,1500509836,user_163
process_11,1500509858,user_288
process_44,1500509949,user_275
process_49,1500509975,user_271
process_45,1500510040,user_94
process_11,1500510170,user_92
process_39,1500510213,user_223
process_16,1500510243,user_258
process_6,1500510264,user_40
process_0,1500510470,user_85
process_22,1500510743,user_149
process_17,1500511126,user_140
process_45,1500511257,user_227
process_39,1500511347,user_191
process_4,1500511648,user_216
process_38,1500511673,user_120
process_21,1500511711,user_171
process_27,1500511822,user_84
process_45,1500511950,user_275
process_5,1500511966,user_104
process_12,1500511979,user_288
process_27,1500512192,user_91
process_49,1500512327,user_214
process_5,1500512802,user_179
process_11,1500513103,user_35
process_39,1500513256,user_12
process_22,1500513452,user_193
process_6,1500514140,user_238
process_39,1500514200,user_113
process_0,1500514366,user_37
process_5,1500514722,user_73
process_28,1500515221,user_49
process_17,1500515544,user_138
process_38,1500515568,user_77
process_45,1500515573,user_65
process_0,1500515620,user_21
process_1,1500515722,user_159
process_49,1500516313,user_136
process_33,1500516506,user_101
process_17,1500516664,user_284
process_49,1500516831,user_280
process_4,1500516952,user_102
process_34,1500517261,user_176
process_0,1500517541,user_197
process_45,1500517622,user_78
process_29,1500517660,user_111
process_28,1500518029,user_235
process_39,1500518269,user_290
process_16,1500518541,user_239
process_39,1500518601,user_247
process_45,1500519751,user_42
process_0,1500519854,user_68
process_32,1500519990,user_101
process_28,1500520000,user_88
process_22,1500520107,user_74
process_40,1500520146,user_31
process_0,1500520176,user_213
process_11,1500520865,user_279
process_0,1500520939,user_86
process_43,1500520987,user_180
process_38,1500521150,user_217
process_0,1500521186,user_202
process_17,1500521360,user_194
process_22,1500521428,user_58
process_12,1500521429,user_299
process_7,1500521626,user_23
process_17,1500521643,user_144
process_18,1500521840,user_144
process_11,1500521952,user_218
process_11,1500522486,user_139
process_1,1500523029,user_137
process_44,1500523269,user_203
process_37,1500523284,user_22
process_29,1500523318,user_235
process_5,1500523444,user_50
process_45,1500523763,user_57
process_49,1500524187,user_189
process_39,1500524224,user_59
process_12,1500524246,user_283
process_44,1500524280,user_237
process_39,1500524311,user_22
process_39,1500524356,user_31
process_23,1500524544,user_270
process_1,1500524679,user_190
process_44,1500525002,user_8
process_17,1500525289,user_6
process_22,1500525449,user_56
process_10,1500525679,user_186
process_28,1500525771,user_265
process_49,1500525776,user_204
process_49,1500525892,user_97
process_16,1500525999,user_103
process_17,1500526045,user_268
process_12,1500526098,user_225
process_49,1500526670,user_39
process_15,1500526756,user_194
process_40,1500526793,user_59
process_28,1500527060,user_251
process_33,1500527126,user_289
process_1,1500527516,user_86
process_6,1500527615,user_167
process_37,1500527627,user_221
process_28,1500527668,user_20
process_17,1500527736,user_67
process_23,1500527756,user_74
process_5,1500527821,user_110
process_38,1500527897,user_31
process_38,1500528224,user_128
process_21,1500528229,user_149
process_5,1500528358,user_96
process_38,1500528392,user_87
process_5,1500528567,user_297
process_32,1500528703,user_10
process_16,1500529162,user_261
process_49,1500529205,user_228
process_17,1500529345,user_258
process_11,1500529638,user_295
process_16,1500529838,user_67
process_0,1500530019,user_80
process_28,1500530165,user_152
process_28,1500530174,user_93
process_6,1500530187,user_297
process_27,1500530290,user_93
process_49,1500530659,user_233
process_44,1500530720,user_296
process_6,1500530806,user_82
process_5,1500531045,user_267
process_6,1500531092,user_246
process_15,1500531155,user_258
process_11,1500531200,user_281
process_39,1500531375,user_51
process_40,1500531413,user_175
process_33,1500531625,user_205
process_49,1500532191,user_185
process_5,1500532277,user_161
process_40,1500532637,user_120
process_33,1500532882,user_156
process_10,1500533252,user_71
process_28,1500533323,user_126
process_18,1500533499,user_158
process_1,1500533755,user_278
process_38,1500533905,user_131
process_5,1500534117,user_173
process_11,1500534312,user_162
process_39,1500534327,user_175
process_39,1500534983,user_118
process_0,1500535211,user_159
process_44,1500535320,user_42
process_0,1500535326,user_198
process_28,1500535392,user_84
process_44,1500535942,user_79
process_23,1500536093,user_266
process_22,1500536204,user_240
process_16,1500536209,user_47
process_44,1500536379,user_78
process_39,1500536524,user_124
process_33,1500536528,user_89
process_6,1500536811,user_164
process_45,1500537606,user_273
process_17,1500538295,user_134
process_6,1500538412,user_150
process_22,1500538474,user_270
process_40,1500539077,user_151
process_27,1500539108,user_81
process_10,1500539272,user_127
process_45,1500539347,user_119
process_0,1500539378,user_137
process_11,1500539416,user_186
process_0,1500539919,user_294
process_44,1500540095,user_122
process_0,1500540171,user_26
process_6,1500540528,user_23
process_49,1500540596,user_99
process_16,1500540647,user_174
process_33,1500540839,user_232
process_11,1500541274,user_299
process_34,1500541289,user_209
process_49,1500541389,user_142
process_6,1500541833,user_19
process_6,1500541970,user_9
process_6,1500542029,user_1
process_0,1500542089,user_190
process_11,1500542208,user_114
process_27,1500542343,user_49
process_39,1500542531,user_217
process_32,1500542767,user_170
process_11,1500542825,user_46
process_11,1500542836,user_143
process_39,1500542886,user_25
process_43,1500543371,user_119
process_22,1500543375,user_105
process_17,1500543384,user_231
process_49,1500543442,user_147
process_33,1500543710,user_236
process_39,1500543824,user_128
process_40,1500544330,user_256
process_28,1500544477,user_148
process_5,1500544551,user_246
process_6,1500544622,user_64
process_33,1500544658,user_196
process_39,1500544855,user_181
process_44,1500545002,user_57
process_33,1500545522,user_176
process_49,1500545563,user_241
process_6,1500545642,user_0
process_44,1500545745,user_282
process_17,1500545807,user_208
process_27,1500545949,user_148
process_45,1500546306,user_282
process_43,1500546324,user_42
process_29,1500546325,user_106
process_1,1500546776,user_68
process_19,1500546925,user_103
process_7,1500547116,user_75
process_38,1500547217,user_224
process_49,1500547253,user_54
process_43,1500547343,user_227
process_0,1500547544,user_98
process_5,1500547590,user_259
process_49,1500547618,user_195
process_6,1500547650,user_267
process_33,1500547662,user_244
process_16,1500547685,user_215
process_1,1500547876,user_63
process_27,1500547933,user_83
process_13,1500547936,user_218
process_39,1500548089,user_224
process_0,1500548109,user_260
process_40,1500548174,user_217
process_11,1500548201,user_121
process_34,1500548655,user_183
process_43,1500548732,user_108
process_44,1500548741,user_65
process_11,1500548748,user_160
process_6,1500548885,user_161
process_6,1500548966,user_96
process_23,1500548979,user_262
process_16,1500549286,user_144
process_32,1500549366,user_30
process_28,1500549403,user_91
process_28,1500549648,user_154
process_32,1500549791,user_13
process_13,1500550197,user_225
process_12,1500550198,user_252
process_0,1500550324,user_63
process_37,1500550458,user_124
process_7,1500550803,user_73
process_6,1500551197,user_264
process_23,1500551859,user_56
process_12,1500552719,user_121
process_33,1500552744,user_209
process_5,1500552885,user_226
process_15,1500553055,user_138
process_12,1500553179,user_186
process_17,1500553250,user_158
process_34,1500553494,user_10
process_6,1500553625,user_226
process_11,1500553793,user_29
process_23,1500554249,user_155
process_11,1500555124,user_127
process_49,1500555321,user_298
process_6,1500555743,user_263
process_33,1500555947,user_129
process_22,1500556308,user_178
process_21,1500556340,user_56
process_5,1500556642,user_150
process_49,1500556731,user_55
process_7,1500557271,user_173
process_11,1500557284,user_283
process_49,1500557334,user_48
process_28,1500557498,user_249
process_11,1500557668,user_60
process_1,1500557713,user_21
process_17,1500557802,user_174
process_22,1500557882,user_171
process_45,1500558242,user_76
process_29,1500558338,user_251
process_23,1500558449,user_58
process_0,1500558533,user_62
process_5,1500558643,user_238
process_44,1500558867,user_273
process_6,1500558914,user_201
process_17,1500559152,user_109
process_34,1500559210,user_244
process_22,1500559211,user_17
process_38,1500559354,user_59
process_12,1500559433,user_53
process_12,1500559482,user_29
process_23,1500560052,user_248
process_0,1500560190,user_44
process_6,1500560343,user_274
process_5,1500560475,user_82
process_40,1500560711,user_77
process_38,1500560800,user_12
process_45,1500561093,user_34
process_26,1500561100,user_20
process_49,1500561164,user_287
process_33,1500561317,user_13
process_5,1500561540,user_216
process_34,1500561675,user_101
process_28,1500561804,user_206
process_49,1500561919,user_14
process_32,1500562215,user_293
process_45,1500562477,user_276
process_11,1500562522,user_53
process_45,1500562661,user_203
process_6,1500562933,user_173
process_5,1500563037,user_9
process_33,1500563069,user_200
process_5,1500563325,user_1
process_0,1500563540,user_3
process_38,1500563897,user_243
process_34,1500563971,user_220
process_34,1500564280,user_13
process_23,1500564687,user_33
process_44,1500564711,user_108
process_45,1500564794,user_24
process_6,1500564989,user_75
process_17,1500565559,user_47
process_22,1500565682,user_168
process_16,1500565717,user_268
process_5,1500565806,user_102
process_6,1500565885,user_110
process_11,1500566287,user_43
process_1,1500566626,user_80
process_5,1500566690,user_277
process_11,1500566758,user_257
process_44,1500567080,user_180
process_16,1500567105,user_184
process_22,1500567312,user_33
process_17,1500567342,user_261
process_28,1500567477,user_83
process_16,1500567550,user_284
process_11,1500567629,user_27
process_49,1500567790,user_269
process_0,1500568265,user_292
process_45,1500568549,user_180
process_32,1500568761,user_200
process_1,1500569157,user_5
process_44,1500569168,user_24
process_49,1500569283,user_187
process_44,1500569738,user_119
process_27,1500569791,user_182
process_22,1500570036,user_245
process_39,1500570068,user_151
process_46,1500570171,user_8
process_6,1500570417,user_277
process_29,1500570450,user_182
process_22,1500570462,user_262
process_39,1500570583,user_172
process_28,1500570891,user_166
process_0,1500570949,user_278
process_7,1500571163,user_226
process_33,1500571396,user_170
process_49,1500571400,user_16
process_33,1500571531,user_117
process_6,1500571598,user_73
process_17,1500571645,user_211
process_10,1500571691,user_53
process_0,1500572024,user_255
process_29,1500572215,user_148
process_27,1500572372,user_126
process_11,1500572563,user_252
process_12,1500572615,user_35
process_49,1500572673,user_132
process_33,1500572797,user_30
process_12,1500573153,user_28
process_28,1500574002,user_18
process_5,1500574016,user_234
process_6,1500574037,user_135
process_16,1500574219,user_6
process_33,1500574250,user_10
process_38,1500574350,user_51
process_17,1500574375,user_184
process_5,1500574484,user_40
process_33,1500574687,user_250
process_29,1500575240,user_265
process_45,1500575518,user_8
process_44,1500575751,user_69
process_39,1500576123,user_77
process_49,1500576141,user_169
process_34,1500576349,user_61
process_17,1500577191,user_103
process_33,1500577308,user_70
process_23,1500577674,user_171
process_12,1500577812,user_143
process_28,1500578189,user_111
process_34,1500578288,user_117
process_38,1500578302,user_247
process_34,1500578534,user_289
process_45,1500578578,user_69
process_33,1500578670,user_15
process_44,1500578965,user_76
process_34,1500579103,user_200
process_10,1500579252,user_36
process_5,1500579396,user_23
process_38,1500579479,user_191
process_22,1500579546,user_112
process_49,1500579723,user_254
process_28,1500580051,user_141
process_33,1500580162,user_291
process_43,1500580178,user_57
process_5,1500580244,user_107
process_0,1500580366,user_52
process_6,1500581017,user_102
process_7,1500581285,user_50
process_29,1500581754,user_20
process_12,1500582019,user_295
process_11,1500582782,user_242
process_44,1500582924,user_276
process_11,1500582947,user_28
process_34,1500583149,user_250
process_10,1500583184,user_242
process_39,1500583195,user_188
process_49,1500583380,user_123
process_39,1500583657,user_256
process_11,1500583840,user_36
process_39,1500584215,user_243
process_7,1500584335,user_267
process_12,1500584462,user_92
process_21,1500584583,user_17
process_1,1500584772,user_197
process_6,1500584829,user_259
process_21,1500585304,user_270
process_49,1500585463,user_41
process_6,1500585518,user_107
process_17,1500585726,user_230
process_5,1500585763,user_64
process_28,1500586079,user_81
process_22,1500586333,user_155
process_5,1500586377,user_163
process_29,1500586490,user_81
process_18,1500586555,user_140
process_22,1500586585,user_248
process_39,1500586596,user_66
process_39,1500586827,user_131
process_34,1500586862,user_170
process_28,1500586974,user_182
process_32,1500587231,user_244
process_0,1500587320,user_5
process_45,1500587382,user_296
process_15,1500587420,user_208
process_44,1500587586,user_34
process_33,1500587696,user_4
process_17,1500588020,user_192
process_27,1500588048,user_285
process_10,1500588063,user_210
process_28,1500588195,user_285
process_10,1500588346,user_218
process_12,1500588377,user_27
process_6,1500588401,user_104
process_27,1500588579,user_106
process_16,1500588948,user_158
process_17,1500589137,user_116
process_28,1500589172,user_253
process_11,1500589331,user_95
process_49,1500589439,user_165
process_4,1500589546,user_23
process_5,1500589694,user_135
process_17,1500589705,user_38
process_44,1500589883,user_227
process_33,1500589904,user_272
process_44,1500590138,user_94
process_27,1500590231,user_253
process_17,1500590396,user_125
process_6,1500590571,user_234
process_39,1500590609,user_286
process_16,1500590766,user_208
process_16,1500590877,user_134
process_27,1500590948,user_206
process_27,1500591003,user_251
process_0,1500591326,user_146
process_17,1500591473,user_239
process_11,1500591902,user_71
process_27,1500591935,user_154
process_39,1500592006,user_87
process_27,1500592237,user_88
process_16,1500592323,user_116
process_5,1500592592,user_167
process_22,1500592901,user_266
process_5,1500593148,user_19
process_39,1500593194,user_221
process_34,1500593561,user_30
process_23,1500594002,user_178
process_33,1500594112,user_220
process_1,1500594135,user_85
process_12,1500594179,user_139
process_39,1500594281,user_11
process_34,1500594440,user_232
process_49,1500594660,user_130
process_49,1500594906,user_157
process_33,1500594921,user_61
process_39,1500595326,user_128
process_40,1500595373,user_39
process_40,1500595713,user_192
process_45,1500595771,user_195
process_33,1500596108,user_62
process_49,1500596315,user_280
process_32,1500596686,user_61
process_39,1500596734,user_201
process_6,1500597071,user_179
process_28,1500597185,user_71
process_6,1500597340,user_221
process_11,1500597640,user_126
process_39,1500597713,user_169
process_33,1500597733,user_289
process_46,1500597826,user_28
process_16,1500598186,user_204
process_16,1500598378,user_164
process_45,1500598536,user_105
process_18,1500598888,user_140
process_5,1500598951,user_253
process_45,1500598967,user_91
process_44,1500599018,user_163
process_11,1500599173,user_70
process_5,1500599350,user_221
process_49,1500599521,user_156
process_17,1500599602,user_125
process_17,1500600033,user_130
process_34,1500600225,user_118
process_5,1500600232,user_68
process_40,1500600246,user_46
process_45,1500600475,user_100
process_16,1500600478,user_6
process_5,1500600803,user_281
process_32,1500600977,user_32
process_5,1500601278,user_4
process_23,1500601522,user_274
process_0,1500601585,user_159
process_45,1500601904,user_193
process_28,1500601965,user_111
process_16,1500602046,user_131
process_39,1500602206,user_225
process_44,1500602378,user_206
process_39,1500602442,user_186
process_44,1500602448,user_256
process_11,1500602469,user_92
process_40,1500602569,user_223
process_39,1500602592,user_202
process_44,1500602670,user_65
process_38,1500602910,user_210
process_22,1500602953,user_5
process_5,1500602982,user_234
process_28,1500603028,user_180
process_44,1500603065,user_235
process_33,1500603192,user_118
process_0,1500603197,user_146
process_22,1500603536,user_8
process_5,1500604909,user_182
process_5,1500605004,user_177
process_11,1500605011,user_20
process_45,1500605086,user_119
process_43,1500605533,user_119
process_17,1500605733,user_208
process_33,1500605925,user_122
process_49,1500606197,user_136
process_16,1500606240,user_140
process_6,1500606368,user_176
process_22,1500606479,user_134
process_16,1500606534,user_208
process_39,1500606557,user_243
process_11,1500606606,user_60
process_39,1500607163,user_147
process_23,1500607590,user_231
process_43,1500607635,user_256
process_0,1500608101,user_76
process_11,1500608342,user_102
process_45,1500608467,user_184
process_23,1500608736,user_240
process_1,1500609277,user_251
process_46,1500609352,user_79
process_11,1500609830,user_143
process_44,1500610006,user_193
process_27,1500610316,user_54
process_33,1500610391,user_13
process_45,1500610473,user_163
process_33,1500610672,user_220
process_6,1500610728,user_99
process_49,1500611060,user_101
process_44,1500611238,user_194
process_44,1500611280,user_237
process_34,1500611513,user_199
process_16,1500611531,user_284
process_27,1500611563,user_152
process_38,1500611747,user_27
process_39,1500611948,user_232
process_11,1500612002,user_218
process_40,1500612029,user_108
process_45,1500612095,user_79
process_23,1500612480,user_52
process_17,1500612504,user_258
process_11,1500612568,user_142
process_17,1500612575,user_30
process_17,1500612796,user_120
process_39,1500613055,user_46
process_39,1500613462,user_229
process_23,1500613913,user_112
process_17,1500613925,user_131
process_6,1500613927,user_154
process_45,1500614110,user_28
process_16,1500614240,user_293
process_39,1500614705,user_141
process_11,1500614756,user_162
process_0,1500614834,user_190
process_44,1500615574,user_167
process_12,1500615832,user_218
process_43,1500615940,user_116
process_44,1500616120,user_113
process_45,1500616297,user_233
process_40,1500616351,user_215
process_33,1500616610,user_219
process_0,1500616727,user_161
process_6,1500616976,user_173
process_27,1500617170,user_180
process_10,1500617171,user_73
process_34,1500617326,user_32
process_6,1500617355,user_74
process_49,1500617794,user_55
process_44,1500617803,user_203
process_17,1500617906,user_284
process_17,1500617940,user_6
process_33,1500618040,user_236
process_39,1500618062,user_238
process_1,1500618077,user_255
process_39,1500618456,user_286
process_39,1500618559,user_22
process_27,1500618820,user_207
process_38,1500618838,user_106
process_33,1500619250,user_298
process_34,1500619312,user_80
process_32,1500619344,user_220
process_22,1500619537,user_224
process_49,1500619594,user_16
process_0,1500619655,user_279
process_49,1500619683,user_165
process_11,1500619750,user_34
process_40,1500619921,user_217
process_39,1500620020,user_175
process_13,1500620346,user_34
process_0,1500620467,user_251
process_39,1500620585,user_209
process_45,1500620718,user_17
process_49,1500620786,user_83
process_6,1500621100,user_4
process_45,1500622367,user_95
process_38,1500622762,user_151
process_49,1500623045,user_56
process_22,1500623219,user_78
process_11,1500623302,user_7
process_4,1500623314,user_10
process_39,1500623566,user_247
process_23,1500624095,user_66
process_23,1500624286,user_224
process_12,1500624349,user_160
process_0,1500624436,user_1
process_12,1500624562,user_34
process_48,1500624726,user_132
process_44,1500624836,user_291
process_45,1500624919,user_191
process_39,1500625919,user_59
process_49,1500626254,user_254
process_23,1500626289,user_270
process_33,1500626612,user_88
process_27,1500626681,user_226
process_44,1500626783,user_91
process_45,1500627157,user_237
process_17,1500627495,user_222
process_45,1500627507,user_296
process_17,1500627552,user_288
process_44,1500627597,user_100
process_11,1500627879,user_299
process_49,1500628178,user_114
process_0,1500628324,user_277
process_40,1500628325,user_238
process_49,1500629021,user_40
process_6,1500629129,user_259
process_0,1500629424,user_98
process_1,1500629833,user_266
process_49,1500630005,user_168
process_23,1500630075,user_134
process_39,1500630134,user_246
process_39,1500630305,user_217
process_49,1500630714,user_214
process_0,1500630767,user_89
process_45,1500631122,user_69
process_44,1500631223,user_187
process_11,1500631354,user_58
process_17,1500631465,user_271
process_39,1500631762,user_84
process_5,1500631762,user_176
process_6,1500632115,user_263
process_1,1500632375,user_292
process_22,1500632603,user_171
process_44,1500632684,user_276
process_22,1500633098,user_112
process_3,1500633285,user_139
process_45,1500633705,user_113
process_17,1500633931,user_230
process_6,1500633952,user_139
process_16,1500634211,user_239
process_27,1500634755,user_111
process_23,1500634824,user_297
process_40,1500634977,user_174
process_44,1500635004,user_191
process_0,1500635082,user_90
process_11,1500635086,user_262
process_18,1500635237,user_120
process_13,1500635376,user_92
process_2,1500635396,user_228
process_28,1500635471,user_152
process_12,1500635769,user_283
process_28,1500635827,user_18
process_28,1500635869,user_9
process_22,1500635975,user_37
process_1,1500637282,user_252
process_10,1500637428,user_295
process_45,1500637512,user_189
process_44,1500637678,user_296
process_16,1500637732,user_222
process_39,1500638367,user_290
process_34,1500638395,user_275
process_6,1500638431,user_253
process_38,1500638540,user_141
process_10,1500639461,user_124
process_27,1500639601,user_157
process_12,1500639911,user_48
process_34,1500640045,user_289
process_28,1500640116,user_54
process_22,1500640466,user_145
process_39,1500640625,user_31
process_11,1500640721,user_200
process_4,1500640790,user_263
process_22,1500641402,user_52
process_44,1500641439,user_184
process_40,1500641667,user_153
process_34,1500641787,user_122
process_17,1500641790,user_239
process_28,1500642149,user_207
process_22,1500642176,user_240
process_39,1500642196,user_87
process_39,1500642560,user_151
process_45,1500642586,user_256
process_38,1500642722,user_225
process_0,1500643132,user_228
process_5,1500643413,user_96
process_44,1500643471,user_28
process_21,1500643584,user_231
process_39,1500644021,user_150
process_45,1500644408,user_45
process_38,1500644663,user_201
process_5,1500644730,user_82
process_32,1500644813,user_216
process_11,1500644821,user_121
process_21,1500644893,user_66
process_0,1500645308,user_252
process_1,1500645820,user_63
process_17,1500645843,user_211
process_44,1500646195,user_24
process_11,1500646266,user_250
process_33,1500646375,user_244
process_45,1500646405,user_203
process_49,1500646560,user_242
process_27,1500646632,user_18
process_17,1500646848,user_36
process_11,1500647375,user_269
process_0,1500647442,user_85
process_28,1500647462,user_135
process_28,1500647531,user_249
process_17,1500647561,user_261
process_27,1500647874,user_158
process_39,1500648494,user_223
process_38,1500649041,user_153
process_16,1500649140,user_47
process_45,1500649328,user_77
process_0,1500649602,user_72
process_0,1500649700,user_260
process_44,1500649907,user_69
process_5,1500650444,user_139
process_6,1500651210,user_177
process_12,1500651216,user_20
process_17,1500652201,user_293
process_24,1500652947,user_112
process_44,1500653046,user_116
process_1,1500653090,user_90
process_6,1500653293,user_82
process_12,1500653669,user_200
process_17,1500653778,user_43
process_11,1500653907,user_160
process_11,1500654412,user_295
process_38,1500654445,user_212
process_34,1500654492,user_13
process_44,1500654914,user_17
process_11,1500655096,user_73
process_17,1500655472,user_164
process_38,1500656039,user_108
process_44,1500656545,user_233
process_6,1500656591,user_281
process_43,1500656603,user_45
process_44,1500656682,user_57
process_22,1500656707,user_270
process_5,1500656808,user_10
process_1,1500656841,user_72
process_11,1500657126,user_148
process_12,1500657224,user_60
process_1,1500657469,user_228
process_1,1500657838,user_213
process_11,1500657980,user_86
process_40,1500658682,user_243
process_33,1500658720,user_15
process_11,1500659014,user_124
process_39,1500659061,user_172
process_44,1500659252,user_119
process_49,1500659295,user_185
process_38,1500659381,user_192
process_44,1500659451,user_105
process_28,1500659530,user_158
process_16,1500659783,user_258
process_39,1500660577,user_11
process_43,1500660751,user_28
process_40,1500660834,user_232
process_35,1500660888,user_170
process_7,1500660894,user_68
process_10,1500660962,user_143
process_12,1500661013,user_58
process_40,1500661041,user_247
process_23,1500661337,user_5
process_5,1500661521,user_74
process_12,1500661651,user_51
process_49,1500661683,user_50
process_28,1500661780,user_157
process_21,1500662069,user_297
process_49,1500662214,user_123
process_6,1500662296,user_227
process_6,1500662444,user_68
process_17,1500662470,user_196
process_28,1500662631,user_144
process_33,1500662771,user_32
process_6,1500662915,user_182
process_16,1500662980,user_43
process_49,1500663089,user_241
process_16,1500663669,user_196
process_44,1500663756,user_45
process_23,1500663850,user_37
process_16,1500663876,user_120
process_49,1500664148,user_41
process_38,1500664421,user_59
process_0,1500664514,user_110
process_45,1500664728,user_235
process_39,1500664951,user_282
process_44,1500665144,user_272
process_0,1500665224,user_294
process_39,1500665269,user_181
process_16,1500665391,user_211
process_6,1500665516,user_10
process_49,1500665681,user_132
process_0,1500666117,user_255
process_45,1500666138,user_187
process_29,1500666200,user_71
process_26,1500666215,user_9
process_0,1500667035,user_42
process_40,1500667051,user_225
process_5,1500667282,user_259
process_0,1500667467,user_248
process_49,1500667786,user_97
process_44,1500667897,user_77
process_0,1500668287,user_266
process_28,1500668390,user_226
process_33,1500668516,user_275
process_10,1500668541,user_107
process_34,1500668609,user_236
process_45,1500669194,user_65
process_39,1500669242,user_192
process_21,1500669329,user_240
process_33,1500669470,user_216
process_1,1500669520,user_146
process_38,1500669636,user_286
process_11,1500669898,user_48
process_6,1500670023,user_0
process_39,1500670069,user_212
process_12,1500670089,user_129
process_0,1500670327,user_273
process_22,1500670567,user_297
process_39,1500671135,user_27
process_45,1500671373,user_206
process_34,1500671578,user_62
process_39,1500671604,user_39
process_22,1500671946,user_33
process_44,1500672042,user_95
process_33,1500672202,user_170
process_5,1500672952,user_99
process_21,1500673054,user_52
process_33,1500673060,user_80
process_4,1500673291,user_173
process_0,1500673416,user_292
process_44,1500673461,user_79
process_11,1500673655,user_107
process_17,1500673808,user_140
process_44,1500673977,user_287
process_38,1500674112,user_229
process_0,1500674163,user_278
process_28,1500674658,user_23
process_23,1500674670,user_78
process_45,1500674783,user_291
process_33,1500674951,user_199
process_0,1500675105,user_12
process_40,1500675313,user_128
process_39,1500675314,user_153
process_12,1500675519,user_299
process_34,1500675643,user_298
process_39,1500676204,user_188
process_49,1500676245,user_21
process_28,1500676267,user_26
process_28,1500676478,user_245
process_17,1500676620,user_204
process_12,1500676773,user_67
process_6,1500676830,user_96
process_49,1500676869,user_49
process_28,1500677303,user_2
process_0,1500677386,user_109
process_17,1500677439,user_38
process_49,1500677524,user_183
process_12,1500677556,user_73
process_0,1500677603,user_14
process_5,1500677662,user_0
process_38,1500677753,user_169
process_27,1500677761,user_144
process_45,1500677847,user_194
process_11,1500678394,user_67
process_33,1500678521,user_264
process_11,1500678812,user_129
process_34,1500678992,user_216
process_22,1500679050,user_231
process_17,1500679119,user_103
process_27,1500680156,user_9
process_10,1500680606,user_102
process_44,1500680834,user_189
process_6,1500680963,user_234
process_46,1500680983,user_272
process_16,1500681157,user_36
process_10,1500681345,user_51
process_11,1500681414,user_51
process_39,1500681437,user_174
process_38,1500681463,user_11
process_17,1500681497,user_47
process_16,1500681551,user_271
process_39,1500681570,user_210
process_28,1500681627,user_43
process_48,1500681694,user_157
process_6,1500681762,user_173
process_6,1500682080,user_102
process_45,1500682086,user_259
process_49,1500682530,user_28
process_40,1500682689,user_276
process_11,1500682861,user_129
process_45,1500682979,user_167
process_45,1500683190,user_258
process_39,1500683354,user_53
process_11,1500683965,user_95
process_11,1500684033,user_35
process_39,1500684206,user_276
process_49,1500684257,user_239
process_0,1500684315,user_104
process_6,1500684316,user_40
process_44,1500684481,user_253
process_15,1500684523,user_10
process_6,1500684707,user_182
process_27,1500684875,user_73
process_49,1500685013,user_39
process_39,1500685349,user_246
process_45,1500685388,user_191
process_39,1500685560,user_84
process_44,1500685632,user_125
process_38,1500685637,user_220
process_17,1500685647,user_29
process_16,1500685799,user_47
process_17,1500685863,user_60
process_21,1500686139,user_86
process_22,1500686305,user_240
process_0,1500686342,user_12
process_11,1500686416,user_126
process_0,1500686498,user_64
process_10,1500686874,user_45
process_39,1500687032,user_108
process_0,1500687617,user_255
process_17,1500688152,user_199
process_4,1500688183,user_177
process_5,1500688321,user_82
process_32,1500688414,user_15
process_39,1500688584,user_197
process_26,1500688596,user_96
process_39,1500689163,user_77
process_44,1500689212,user_245
process_38,1500689450,user_224
process_11,1500689467,user_127
process_39,1500689659,user_215
process_22,1500689879,user_142
process_45,1500690004,user_284
process_23,1500690349,user_237
process_40,1500690414,user_108
process_27,1500690568,user_93
process_45,1500691313,user_245
process_49,1500691520,user_41
process_49,1500691585,user_157
process_0,1500691751,user_76
process_0,1500692053,user_209
process_12,1500692209,user_51
process_16,1500692267,user_140
process_44,1500692292,user_81
process_46,1500692363,user_195
process_16,1500692882,user_128
process_33,1500693048,user_260
process_11,1500693331,user_92
process_0,1500693491,user_133
process_17,1500693625,user_174
process_32,1500694059,user_277
process_38,1500694087,user_232
process_39,1500694269,user_151
process_22,1500694925,user_31
process_46,1500695063,user_273
process_33,1500695319,user_18
process_17,1500695385,user_124
process_22,1500695520,user_8
process_1,1500695870,user_247
process_6,1500696514,user_13
process_6,1500697286,user_163
process_23,1500697387,user_8
process_39,1500697741,user_27
process_32,1500697851,user_183
process_44,1500697972,user_191
process_39,1500698405,user_285
process_0,1500698470,user_113
process_27,1500698642,user_9
process_22,1500698967,user_74
process_28,1500699079,user_148
process_12,1500699094,user_230
process_39,1500699180,user_235
process_28,1500699220,user_96
process_22,1500699586,user_78
process_11,1500699650,user_178
process_34,1500700456,user_236
process_49,1500700491,user_17
process_49,1500700571,user_212
process_0,1500700616,user_213
process_38,1500700814,user_215
process_45,1500700953,user_94
process_39,1500701038,user_217
process_17,1500701952,user_10
process_18,1500702065,user_60
process_22,1500702082,user_105
process_17,1500702105,user_201
process_45,1500702281,user_273
process_21,1500702522,user_237
process_27,1500702959,user_20
process_43,1500702995,user_61
process_38,1500703014,user_145
process_38,1500703069,user_27
process_0,1500703137,user_72
process_0,1500703138,user_98
process_5,1500703474,user_40
process_15,1500703525,user_60
process_22,1500703633,user_297
process_17,1500703715,user_208
process_6,1500703831,user_267
process_34,1500704080,user_277
process_23,1500704410,user_74
process_44,1500704590,user_61
process_23,1500704814,user_99
process_21,1500705123,user_99
process_17,1500705231,user_252
process_16,1500705438,user_208
process_33,1500705705,user_289
process_33,1500705779,user_34
process_44,1500705954,user_259
process_39,1500706364,user_131
process_40,1500706406,user_106
process_39,1500706622,user_282
process_23,1500706660,user_262
process_23,1500706671,user_222
process_49,1500706762,user_71
process_7,1500706974,user_281
process_0,1500707071,user_192
process_11,1500707148,user_107
process_16,1500707273,user_46
process_5,1500707311,user_177
process_40,1500707324,user_172
process_11,1500707546,user_143
process_27,1500707812,user_54
process_40,1500707823,user_229
process_23,1500707842,user_112
process_18,1500708570,user_160
process_22,1500708603,user_100
process_39,1500708671,user_141
process_39,1500708685,user_169
process_16,1500708742,user_29
process_29,1500708781,user_148
process_43,1500708998,user_273
process_33,1500709025,user_277
process_6,1500709538,user_132
process_39,1500709901,user_269
process_23,1500710009,user_202
process_7,1500710026,user_13
process_6,1500710053,user_281
process_38,1500710267,user_246
process_11,1500710543,user_257
process_5,1500710774,user_110
process_11,1500711060,user_70
process_5,1500711716,user_13
process_49,1500711852,user_114
process_38,1500712113,user_150
process_6,1500712328,user_179
process_23,1500712400,user_31
process_44,1500712761,user_284
process_45,1500713047,user_158
process_34,1500713469,user_18
process_49,1500713770,user_271
process_28,1500713870,user_80
process_28,1500713924,user_38
process_6,1500714020,user_110
process_49,1500714794,user_166
process_5,1500715045,user_52
process_45,1500715241,user_253
process_34,1500715364,user_260
process_49,1500715447,user_165
process_11,1500715533,user_261
process_28,1500715536,user_190
process_0,1500715544,user_149
process_16,1500715597,user_21
process_33,1500715633,user_203
process_27,1500716119,user_144
process_21,1500716255,user_8
process_11,1500716376,user_162
process_0,1500716571,user_292
process_38,1500716650,user_217
process_33,1500716708,user_117
process_49,1500716747,user_130
process_22,1500716770,user_139
process_27,1500717067,user_96
process_11,1500717411,user_90
process_22,1500717522,user_296
process_34,1500717552,user_15
process_28,1500717671,user_2
process_22,1500717709,user_99
process_16,1500717913,user_60
process_22,1500717994,user_222
process_44,1500718130,user_195
process_17,1500718365,user_47
process_49,1500718594,user_214
process_21,1500718724,user_74
process_0,1500719003,user_5
process_0,1500719489,user_11
process_6,1500719609,user_234
process_28,1500719992,user_9
process_39,1500720004,user_220
process_17,1500720126,user_268
process_33,1500720652,user_275
process_22,1500721010,user_286
process_39,1500721190,user_243
process_20,1500721426,user_7
process_18,1500721442,user_293
process_33,1500721826,user_236
process_23,1500721840,user_142
process_22,1500722026,user_210
process_33,1500722109,user_183
process_27,1500722265,user_2
process_29,1500722272,user_54
process_10,1500722424,user_92
process_28,1500722785,user_111
process_11,1500723209,user_48
process_0,1500723434,user_137
process_1,1500723614,user_101
process_40,1500723866,user_150
process_0,1500724259,user_122
process_28,1500724349,user_135
process_17,1500725135,user_241
process_21,1500725231,user_262
process_23,1500725378,user_188
process_39,1500725517,user_150
process_17,1500725881,user_184
process_29,1500726296,user_93
process_45,1500726670,user_116
process_28,1500726868,user_154
process_49,1500727062,user_218
process_28,1500727184,user_62
process_22,1500727210,user_19
process_16,1500727504,user_293
process_6,1500727549,user_146
process_40,1500727649,user_215
process_44,1500727769,user_193
process_38,1500728024,user_16
process_44,1500728165,user_180
process_15,1500728253,user_46
process_11,1500728380,user_194
process_11,1500728585,user_200
process_33,1500728711,user_88
process_44,1500728858,user_291
process_21,1500728889,user_240
process_17,1500728906,user_46
process_12,1500729180,user_45
process_0,1500729758,user_85
process_18,1500730012,user_109
process_22,1500730088,user_86
process_28,1500730207,user_115
process_49,1500730462,user_168
process_11,1500730519,user_50
process_49,1500730542,user_228
process_28,1500730550,user_3
process_34,1500730765,user_87
process_5,1500731046,user_267
process_5,1500731099,user_242
process_28,1500731215,user_265
process_43,1500731226,user_180
process_49,1500731342,user_55
process_18,1500731354,user_208
process_1,1500731511,user_85
process_16,1500731699,user_201
process_28,1500731820,user_159
process_39,1500731911,user_290
process_1,1500732843,user_5
process_38,1500732960,user_243
process_39,1500733106,user_221
process_45,1500733236,user_125
process_44,1500733298,user_167
process_11,1500733672,user_266
process_45,1500733936,user_193
process_11,1500733985,user_211
process_0,1500734670,user_181
process_29,1500734964,user_135
process_5,1500735080,user_163
process_21,1500735317,user_1
process_44,1500735483,user_206
process_37,1500735630,user_27
process_44,1500735688,user_158
process_16,1500735843,user_30
process_16,1500735851,user_196
process_45,1500735913,user_61
process_28,1500735919,user_251
process_22,1500736124,user_262
process_16,1500736645,user_241
process_38,1500736947,user_106
process_22,1500737139,user_207
process_49,1500737222,user_83
process_0,1500737402,user_121
process_10,1500737712,user_230
process_49,1500738060,user_89
process_35,1500738176,user_4
process_5,1500738218,user_234
process_49,1500738577,user_155
process_6,1500738600,user_216
process_22,1500738626,user_237
process_1,1500738798,user_213
process_33,1500739561,user_4
process_17,1500739747,user_6
process_22,1500739921,user_33
process_34,1500740425,user_118
process_22,1500740671,user_188
process_39,1500741092,user_232
process_34,1500741174,user_4
process_17,1500741615,user_56
process_6,1500741632,user_242
process_16,1500741921,user_68
process_39,1500742257,user_145
process_22,1500742420,user_37
process_33,1500742672,user_176
process_43,1500742748,user_259
process_49,1500743059,user_254
process_44,1500743282,user_116
process_0,1500743366,user_198
process_33,1500743483,user_118
process_39,1500743514,user_106
process_0,1500743740,user_101
process_10,1500744011,user_48
process_33,1500744120,user_87
process_17,1500744129,user_68
process_39,1500744148,user_238
process_17,1500744182,user_128
process_16,1500744369,user_138
process_22,1500744578,user_1
process_16,1500744666,user_109
process_17,1500745009,user_59
process_0,1500745285,user_63
process_22,1500745325,user_23
process_38,1500745332,user_249
process_11,1500745364,user_175
process_22,1500745664,user_112
process_11,1500745871,user_51
process_5,1500746165,user_75
process_0,1500746222,user_287
process_33,1500746408,user_170
process_39,1500746442,user_153
process_22,1500746517,user_202
process_12,1500747135,user_257
process_17,1500747383,user_160
process_49,1500747507,user_219
process_49,1500747714,user_147
process_17,1500748567,user_196
process_49,1500749128,user_136
process_44,1500749354,user_233
process_6,1500749605,user_75
process_17,1500749628,user_288
process_5,1500749899,user_216
process_44,1500749959,user_94
process_23,1500750310,user_210
process_38,1500750399,user_77
process_6,1500750402,user_52
process_49,1500750732,user_14
process_17,1500750836,user_30
process_17,1500750863,user_140
process_10,1500751305,user_95
process_39,1500751406,user_229
process_23,1500751662,user_286
process_43,1500752194,user_125
process_27,1500752304,user_3
process_11,1500752312,user_250
process_34,1500752501,user_264
process_12,1500752541,user_194
process_12,1500752574,user_126
process_1,1500752641,user_137
process_12,1500752666,user_35
process_12,1500752841,user_298
process_45,1500753434,user_180
process_16,1500753452,user_288
process_11,1500753650,user_279
process_49,1500753717,user_36
process_16,1500753859,user_174
process_28,1500754549,user_144
process_0,1500754981,user_42
process_11,1500754990,user_299
process_7,1500755498,user_52
process_45,1500755681,user_81
process_48,1500755702,user_41
process_34,1500755943,user_170
process_44,1500756178,user_294
process_11,1500756223,user_230
process_49,1500756238,user_205
process_23,1500756567,user_297
process_43,1500756723,user_294
process_1,1500756797,user_63
process_11,1500756916,user_152
process_17,1500756992,user_293
process_39,1500757248,user_91
process_16,1500757273,user_184
process_10,1500757354,user_107
process_28,1500757433,user_93
process_5,1500757669,user_173
process_6,1500758146,user_82
process_39,1500758178,user_249
process_39,1500758428,user_224
process_44,1500758535,user_258
process_6,1500758875,user_161
process_46,1500759251,user_193
process_28,1500759498,user_20
process_40,1500759716,user_238
process_49,1500759839,user_280
process_27,1500760156,user_62
process_21,1500760207,user_207
process_15,1500760330,user_199
process_12,1500760332,user_143
process_49,1500760356,user_123
process_27,1500760633,user_43
process_5,1500760941,user_146
process_12,1500761013,user_95
process_39,1500761191,user_272
process_16,1500761424,user_124
process_12,1500761764,user_225
process_23,1500762140,user_7
process_23,1500762353,user_37
process_6,1500762374,user_177
process_12,1500762383,user_299
process_17,1500762400,user_109
process_44,1500762440,user_65
process_17,1500762858,user_21
process_44,1500763577,user_283
process_35,1500764158,user_88
process_5,1500764220,user_281
process_11,1500764278,user_295
process_23,1500764297,user_100
process_45,1500764635,user_65
process_49,1500764750,user_185
process_16,1500764774,user_10
process_28,1500764847,user_58
process_39,1500764996,user_172
process_11,1500765150,user_225
process_48,1500765156,user_166
process_10,1500765186,user_126
process_23,1500765482,user_105
process_33,1500765575,user_15
process_33,1500765656,user_264
process_11,1500766014,user_45
process_45,1500766219,user_283
process_38,1500766330,user_282
process_22,1500766363,user_7
process_44,1500766586,user_244
process_17,1500766594,user_120
process_22,1500766653,user_66
process_38,1500766919,user_290
process_27,1500766937,user_190
process_29,1500766948,user_111
process_10,1500766949,user_162
process_40,1500767157,user_243
process_34,1500767182,user_176
process_44,1500767346,user_273
process_6,1500767443,user_227
process_34,1500767476,user_203
process_45,1500767618,user_195
process_38,1500767794,user_285
process_40,1500768059,user_172
process_39,1500768100,user_154
process_49,1500768136,user_187
process_17,1500768190,user_92
process_49,1500768251,user_166
process_12,1500768355,user_278
process_22,1500768486,user_266
process_46,1500768634,user_158
process_5,1500768649,user_267
process_22,1500768772,user_142
process_6,1500769461,user_139
process_28,1500769490,user_180
process_0,1500769769,user_14
process_27,1500769799,user_26
process_23,1500770174,user_134
process_28,1500770304,user_239
process_0,1500770589,user_133
process_33,1500771122,user_15
process_34,1500771425,user_10
process_49,1500772338,user_40
process_35,1500772552,user_75
process_22,1500772830,user_7
process_28,1500773035,user_91
process_5,1500773159,user_9
process_22,1500773286,user_136
process_18,1500773293,user_171
process_49,1500773323,user_165
process_6,1500773557,user_161
process_0,1500773639,user_72
process_0,1500774539,user_62
process_38,1500774695,user_186
process_5,1500774725,user_259
process_16,1500774891,user_92
process_34,1500774942,user_13
process_0,1500774944,user_63
process_0,1500774979,user_44
process_44,1500775352,user_289
process_17,1500775436,user_117
process_45,1500775457,user_158
process_44,1500775564,user_276
process_17,1500775672,user_47
process_0,1500776071,user_297
process_44,1500776089,user_195
process_45,1500776092,user_286
process_11,1500776105,user_199
process_29,1500776147,user_2
process_12,1500776377,user_20
process_22,1500776551,user_296
process_33,1500776689,user_185
process_11,1500777153,user_288
process_5,1500777154,user_19
process_18,1500777263,user_227
process_22,1500777432,user_134
process_0,1500777606,user_137
process_38,1500777753,user_229
process_23,1500777798,user_90
process_11,1500778118,user_145
process_44,1500778195,user_28
process_45,1500778302,user_119
process_12,1500778390,user_218
process_27,1500778856,user_78
process_49,1500779090,user_17
process_0,1500779158,user_98
process_38,1500779308,user_53
process_34,1500779349,user_176
process_27,1500779367,user_61
process_45,1500779675,user_272
process_18,1500779825,user_268
process_44,1500779967,user_263
process_5,1500779974,user_50
process_22,1500780189,user_245
process_34,1500780285,user_250
process_6,1500780345,user_173
process_21,1500780397,user_151
process_44,1500780475,user_272
process_7,1500780503,user_222
process_11,1500780779,user_143
process_18,1500780868,user_118
process_45,1500780982,user_291
process_17,1500781058,user_6
process_11,1500781278,user_123
process_5,1500782493,user_173
process_15,1500782543,user_43
process_18,1500782702,user_192
process_11,1500782899,user_281
process_38,1500783444,user_217
process_49,1500783463,user_105
process_6,1500783723,user_19
process_11,1500784162,user_57
process_11,1500784207,user_278
process_22,1500784277,user_0
process_28,1500784329,user_282
process_21,1500784614,user_90
process_6,1500784869,user_144
process_38,1500785051,user_115
process_11,1500785074,user_194
process_49,1500785875,user_287
process_49,1500785877,user_55
process_32,1500786158,user_75
process_6,1500786442,user_94
process_39,1500786676,user_197
process_17,1500786979,user_118
process_45,1500787065,user_28
process_38,1500787143,user_22
process_28,1500787265,user_71
process_0,1500787293,user_152
process_11,1500787584,user_41
process_16,1500787786,user_117
process_23,1500787922,user_266
process_38,1500788063,user_215
process_16,1500788187,user_268
process_5,1500788333,user_153
process_22,1500788483,user_146
process_45,1500788646,user_45
process_33,1500788720,user_10
process_5,1500788873,user_94
process_34,1500789226,user_293
process_27,1500789316,user_164
process_23,1500789431,user_151
process_38,1500790212,user_46
process_38,1500790535,user_70
process_27,1500790698,user_83
process_7,1500790820,user_107
process_33,1500790890,user_293
process_38,1500791188,user_97
process_22,1500791232,user_33
process_12,1500791263,user_42
process_16,1500791693,user_38
process_16,1500791727,user_47
process_6,1500791752,user_234
process_44,1500791802,user_286
process_44,1500791866,user_125
process_17,1500792391,user_221
process_5,1500792469,user_68
process_38,1500792695,user_197
process_22,1500792965,user_224
process_5,1500793063,user_210
process_0,1500793177,user_121
process_12,1500793248,user_32
process_45,1500793545,user_24
process_45,1500793842,user_191
process_40,1500794116,user_169
process_32,1500794164,user_176
process_22,1500794249,user_262
process_39,1500794281,user_27
process_11,1500794684,user_32
process_17,1500795062,user_80
process_22,1500795236,user_240
process_17,1500795455,user_192
process_28,1500795568,user_182
process_17,1500795586,user_38
process_39,1500796126,user_53
process_6,1500796148,user_82
process_23,1500796161,user_146
process_34,1500796410,user_86
process_33,1500796440,user_129
process_49,1500796549,user_298
process_6,1500796619,user_74
process_33,1500796716,user_247
process_11,1500797161,user_42
process_44,1500797214,user_119
process_33,1500797241,user_163
process_45,1500797473,user_276
process_16,1500797651,user_171
process_1,1500797687,user_44
process_33,1500797775,user_220
process_40,1500797905,user_197
process_1,1500797913,user_292
process_44,1500798111,user_237
process_44,1500798220,user_191
process_39,1500798496,user_172
process_49,1500798584,user_21
process_17,1500798617,user_284
process_22,1500798686,user_244
process_43,1500798994,user_263
process_45,1500799085,user_113
process_49,1500799602,user_95
process_29,1500799607,user_265
process_23,1500799621,user_168
process_16,1500800041,user_284
process_21,1500800137,user_240
process_27,1500800249,user_71
process_45,1500800254,user_36
process_17,1500800330,user_60
process_4,1500800705,user_74
process_28,1500800984,user_78
process_28,1500801273,user_2
process_5,1500801776,user_170
process_1,1500801855,user_72
process_5,1500802061,user_234
process_11,1500802183,user_135
process_45,1500802354,user_237
process_34,1500802533,user_89
process_6,1500802765,user_226
process_45,1500803074,user_39
process_1,1500803214,user_149
process_33,1500803274,user_232
process_45,1500803407,user_167
process_21,1500803440,user_266
process_46,1500803484,user_167
process_33,1500803568,user_260
process_6,1500803584,user_50
process_44,1500803640,user_65
process_6,1500803692,user_210
process_28,1500804014,user_132
process_1,1500804065,user_127
process_45,1500804323,user_225
process_40,1500804449,user_25
process_6,1500804454,user_107
process_12,1500805265,user_238
process_21,1500805868,user_100
process_0,1500805896,user_223
process_39,1500805896,user_106
process_0,1500805952,user_190
process_33,1500806168,user_176
process_17,1500806585,user_189
process_38,1500806848,user_106
process_37,1500806931,user_27
process_7,1500806961,user_234
process_23,1500807044,user_136
process_17,1500807073,user_268
process_6,1500807136,user_96
process_39,1500807524,user_70
process_33,1500807600,user_156
process_49,1500807670,user_130
process_28,1500807843,user_249
process_36,1500808088,user_293
process_22,1500808169,user_274
process_17,1500808396,user_264
process_39,1500808491,user_215
process_33,1500809005,user_277
process_27,1500809078,user_148
process_17,1500809089,user_43
process_0,1500809229,user_11
process_12,1500809293,user_67
process_18,1500809364,user_47
process_45,1500809387,user_108
process_16,1500809557,user_208
process_21,1500809587,user_274
process_0,1500810192,user_248
process_44,1500810456,user_203
process_33,1500810470,user_209
process_20,1500810482,user_7
process_49,1500811281,user_54
process_39,1500811513,user_201
process_27,1500811714,user_261
process_12,1500811908,user_143
process_39,1500812088,user_186
process_40,1500812196,user_66
process_1,1500812235,user_133
process_23,1500812409,user_7
process_39,1500813028,user_169
process_23,1500813181,user_254
process_23,1500813218,user_244
process_11,1500813220,user_256
process_34,1500813637,user_75
process_11,1500813671,user_67
process_49,1500813840,user_214
process_1,1500814015,user_223
process_18,1500814021,user_174
process_34,1500814770,user_15
process_16,1500814797,user_204
process_11,1500814820,user_20
process_49,1500815217,user_241
process_33,1500815305,user_75
process_1,1500815546,user_235
process_10,1500815595,user_299
process_17,1500815609,user_252
process_11,1500815610,user_218
process_12,1500816732,user_29
process_17,1500817096,user_120
process_22,1500817285,user_99
process_44,1500817292,user_77
process_39,1500817699,user_115
process_43,1500817750,user_167
process_45,1500817761,user_51
process_6,1500818648,user_267
process_10,1500818703,user_49
process_49,1500819015,user_58
process_44,1500819481,user_39
process_0,1500819630,user_127
process_0,1500819649,user_181
process_45,1500819878,user_203
process_6,1500819984,user_4
process_17,1500820107,user_174
process_6,1500820119,user_153
process_6,1500820132,user_93
process_44,1500820371,user_141
process_1,1500820778,user_121
process_39,1500820829,user_87
process_12,1500820954,user_175
process_0,1500821174,user_76
process_6,1500821235,user_259
process_7,1500821354,user_177
process_27,1500821469,user_239
process_11,1500821469,user_283
process_11,1500821508,user_200
process_49,1500821784,user_64
process_40,1500822137,user_212
process_0,1500822298,user_149
process_22,1500822653,user_155
process_18,1500822803,user_60
process_0,1500823076,user_159
process_46,1500823382,user_225
process_11,1500823407,user_299
process_34,1500823466,user_185
process_0,1500823899,user_294
process_27,1500824416,user_2
process_45,1500824599,user_263
process_16,1500824741,user_103
process_44,1500824895,user_24
process_28,1500824945,user_265
process_38,1500824975,user_27
process_22,1500825078,user_31
process_33,1500825186,user_231
process_28,1500825842,user_164
process_34,1500826025,user_209
process_10,1500826266,user_20
process_39,1500826281,user_229
process_39,1500826373,user_16
process_39,1500826431,user_246
process_49,1500826554,user_116
process_39,1500827039,user_59
process_11,1500827269,user_175
process_22,1500827479,user_243
process_49,1500827623,user_140
process_11,1500827732,user_73
process_33,1500827993,user_18
process_34,1500828203,user_247
process_9,1500828228,user_238
process_28,1500828329,user_148
process_28,1500828440,user_61
process_23,1500828977,user_0
process_45,1500829532,user_289
process_28,1500829633,user_12
process_15,1500829774,user_120
process_40,1500829875,user_70
process_11,1500829928,user_238
process_10,1500830045,user_218
process_33,1500830293,user_89
process_22,1500830465,user_5
process_12,1500830516,user_281
process_38,1500830710,user_131
process_28,1500830916,user_83
process_27,1500831052,user_1
process_28,1500831422,user_26
process_0,1500831454,user_235
process_22,1500831495,user_100
process_0,1500831827,user_184
process_49,1500831980,user_280
process_39,1500832155,user_66
process_0,1500832513,user_292
process_33,1500832545,user_147
process_44,1500832781,user_291
process_7,1500832787,user_4
process_17,1500832810,user_227
process_16,1500832897,user_43
process_40,1500833194,user_16
process_34,1500833296,user_277
process_17,1500833587,user_103
process_34,1500834112,user_216
process_1,1500834229,user_152
process_39,1500834539,user_46
process_0,1500834781,user_104
process_5,1500835063,user_4
process_40,1500835117,user_154
process_11,1500835153,user_279
process_5,1500835261,user_177
process_11,1500835381,user_114
process_38,1500835431,user_201
process_40,1500835560,user_215
process_16,1500835873,user_60
process_44,1500836070,user_113
process_11,1500836215,user_49
process_39,1500836386,user_273
process_16,1500836401,user_118
process_22,1500836958,user_151
process_40,1500837260,user_188
process_39,1500837356,user_8
process_38,1500837358,user_285
process_17,1500837495,user_138
process_45,1500837503,user_65
process_16,1500837504,user_80
process_6,1500837531,user_30
process_28,1500837595,user_1
process_13,1500837750,user_194
process_33,1500837843,user_216
process_28,1500837989,user_206
process_5,1500838251,user_30
process_40,1500838438,user_295
process_12,1500838661,user_160
process_15,1500838723,user_47
process_5,1500838725,user_161
process_45,1500838741,user_84
process_17,1500838856,user_208
process_12,1500839031,user_256
process_39,1500839186,user_188
process_12,1500839319,user_162
process_49,1500839369,user_101
process_17,1500839383,user_258
process_45,1500839531,user_193
process_45,1500839551,user_81
process_11,1500840025,user_35
process_44,1500840086,user_45
process_39,1500840102,user_131
process_49,1500840255,user_257
process_6,1500840302,user_68
process_49,1500840322,user_228
process_45,1500840349,user_122
process_44,1500840442,user_167
process_5,1500840464,user_74
process_5,1500840649,user_150
process_5,1500840879,user_93
process_33,1500840887,user_179
process_32,1500840939,user_247
process_16,1500841577,user_227
process_49,1500841626,user_157
process_22,1500841720,user_168
process_49,1500841981,user_3
process_22,1500842290,user_254
process_5,1500842394,user_139
process_28,1500842408,user_261
process_40,1500842499,user_87
process_22,1500843311,user_23
process_44,1500843317,user_36
process_39,1500843341,user_285
process_44,1500843427,user_225
process_12,1500844118,user_269
process_37,1500844259,user_22
process_33,1500844375,user_86
process_6,1500844572,user_9
process_33,1500844752,user_250
process_23,1500845185,user_243
process_28,1500845307,user_69
process_6,1500845613,user_177
process_11,1500845709,user_162
process_44,1500846055,user_158
process_43,1500846117,user_102
process_44,1500846436,user_81
process_44,1500846513,user_108
process_5,1500846526,user_222
process_22,1500846641,user_90
process_11,1500846650,user_269
process_12,1500846724,user_145
process_33,1500846951,user_219
process_28,1500847112,user_251
process_17,1500847846,user_171
process_5,1500847919,user_226
process_12,1500848150,user_37
process_39,1500848381,user_295
process_6,1500848454,user_150
process_12,1500848693,user_194
process_17,1500848715,user_204
process_33,1500848768,user_13
process_39,1500848845,user_217
process_22,1500849041,user_198
process_39,1500849044,user_25
process_39,1500849381,user_212
process_5,1500849550,user_144
process_12,1500849659,user_57
process_10,1500850416,user_162
process_39,1500850424,user_202
process_11,1500850610,user_37
process_45,1500850735,user_125
process_1,1500850964,user_248
process_43,1500851228,user_276
process_16,1500851296,user_264
process_34,1500851403,user_163
process_45,1500852134,user_195
process_39,1500852230,user_22
process_38,1500852268,user_172
process_49,1500852424,user_236
process_44,1500852569,user_193
process_0,1500852886,user_213
process_0,1500853067,user_109
process_4,1500853102,user_222
process_44,1500853699,user_84
process_22,1500853826,user_270
process_27,1500853934,user_69
process_23,1500854252,user_274
process_44,1500854565,user_198
process_7,1500854598,user_38
process_6,1500855040,user_38
process_44,1500855110,user_297
process_38,1500855221,user_223
process_17,1500855431,user_125
process_11,1500855443,user_257
process_43,1500855610,user_45
process_0,1500855854,user_265
process_11,1500855994,user_203
process_0,1500856560,user_26
process_27,1500856589,user_2
process_33,1500856649,user_149
process_34,1500857014,user_163
process_44,1500857153,user_235
process_33,1500857732,user_219
process_16,1500857870,user_204
process_0,1500857908,user_273
process_28,1500858005,user_132
process_43,1500858367,user_108
process_26,1500858463,user_96
process_27,1500858606,user_206
process_39,1500858879,user_247
process_23,1500858996,user_23
process_49,1500859097,user_228
process_34,1500859120,user_4
process_29,1500859322,user_54
process_33,1500859723,user_189
process_5,1500859981,user_226
process_39,1500860567,user_128
process_23,1500860922,user_74
process_33,1500861346,user_259
process_10,1500861484,user_146
process_17,1500861510,user_117
process_28,1500861906,user_153
process_45,1500862297,user_61
process_11,1500862506,user_283
process_5,1500862554,user_104
process_38,1500862766,user_213
process_0,1500863127,user_90
process_49,1500863437,user_280
process_34,1500863559,user_10
process_22,1500863878,user_147
process_1,1500864189,user_52
process_44,1500864292,user_258
process_11,1500864424,user_287
process_45,1500864458,user_28
process_45,1500864618,user_136
process_45,1500864804,user_258
process_44,1500864904,user_239
process_27,1500865123,user_289
process_38,1500865454,user_16
process_11,1500865516,user_86
process_13,1500865555,user_269
process_39,1500865601,user_276
process_28,1500866034,user_18
process_17,1500866074,user_156
process_16,1500866645,user_134
process_10,1500866649,user_43
process_49,1500866676,user_178
process_0,1500866812,user_202
process_12,1500866833,user_92
process_39,1500867032,user_131
process_44,1500867101,user_136
process_5,1500867244,user_101
process_5,1500867476,user_207
process_10,1500867588,user_218
process_4,1500867600,user_19
process_5,1500867680,user_121
process_22,1500867734,user_172
process_39,1500867741,user_243
process_29,1500867869,user_157
process_43,1500868197,user_195
process_39,1500868245,user_16
process_27,1500868311,user_285
process_33,1500868489,user_4
process_39,1500868638,user_225
process_44,1500868965,user_91
process_6,1500869012,user_179
process_17,1500869136,user_174
process_0,1500869148,user_76
process_12,1500869307,user_25
process_34,1500869311,user_286
process_21,1500869429,user_171
process_39,1500869458,user_66
process_45,1500869621,user_167
process_38,1500869738,user_247
process_49,1500870045,user_115
process_16,1500870137,user_199
process_6,1500870221,user_68
process_11,1500870243,user_48
process_22,1500870427,user_262
process_28,1500870482,user_96
process_33,1500870608,user_286
process_4,1500870965,user_201
process_17,1500871214,user_230
process_45,1500871650,user_51
process_11,1500871853,user_288
process_39,1500872374,user_9
process_0,1500872510,user_110
process_49,1500872608,user_35
process_46,1500872679,user_245
process_44,1500872769,user_82
process_27,1500873053,user_54
process_5,1500873518,user_281
process_5,1500873588,user_210
process_6,1500874627,user_173
process_21,1500874654,user_20
process_0,1500874759,user_133
process_17,1500874862,user_105
process_28,1500874930,user_289
process_39,1500874996,user_11
process_16,1500875451,user_174
process_27,1500876009,user_79
process_34,1500876174,user_277
process_39,1500876227,user_221
process_17,1500876645,user_72
process_32,1500876793,user_291
process_49,1500876928,user_212
process_16,1500877004,user_117
process_18,1500877076,user_117
process_7,1500877572,user_150
process_6,1500877816,user_139
process_11,1500878201,user_211
process_18,1500878340,user_199
process_18,1500878721,user_113
process_11,1500878745,user_123
process_44,1500878902,user_100
process_33,1500878970,user_15
process_1,1500879029,user_90
process_44,1500879125,user_116
process_18,1500879248,user_71
process_49,1500879276,user_17
process_27,1500879332,user_159
process_12,1500879682,user_57
process_12,1500879856,user_124
process_27,1500880043,user_18
process_12,1500880235,user_295
process_7,1500880574,user_236
process_49,1500880736,user_165
process_34,1500880934,user_219
process_38,1500880960,user_22
process_11,1500881106,user_224
process_11,1500881215,user_43
process_12,1500881529,user_94
process_16,1500881746,user_252
process_0,1500881962,user_138
process_45,1500882294,user_279
process_45,1500882344,user_253
process_45,1500882377,user_81
process_12,1500882715,user_257
process_6,1500882900,user_104
process_27,1500883194,user_84
process_16,1500883199,user_47
process_28,1500883566,user_182
process_18,1500883587,user_208
process_0,1500883715,user_109
process_39,1500884175,user_77
process_33,1500884412,user_291
process_28,1500884611,user_151
process_0,1500885175,user_3
process_22,1500885219,user_20
process_17,1500885238,user_160
process_0,1500885269,user_1
process_39,1500885728,user_249
process_16,1500885911,user_125
process_44,1500885930,user_195
process_45,1500886229,user_108
process_11,1500886297,user_92
process_45,1500886389,user_82
process_45,1500886481,user_116
process_28,1500886518,user_83
process_5,1500886672,user_53
process_28,1500886691,user_54
process_17,1500886810,user_21
process_49,1500887043,user_13
process_39,1500887198,user_39
process_34,1500887544,user_189
process_28,1500888012,user_159
process_16,1500888033,user_152
process_45,1500888432,user_297
process_23,1500888433,user_158
process_38,1500888564,user_175
process_0,1500888641,user_248
process_23,1500888777,user_112
process_33,1500888807,user_30
process_43,1500889818,user_258
process_17,1500890298,user_252
process_5,1500890502,user_93
process_49,1500890589,user_241
process_39,1500890937,user_145
process_39,1500891273,user_22
process_0,1500891301,user_255
process_44,1500891541,user_65
process_40,1500891673,user_223
process_12,1500891749,user_293
process_28,1500891986,user_24
process_22,1500892125,user_270
process_26,1500892174,user_2
process_49,1500892291,user_142
process_17,1500892622,user_113
process_11,1500892624,user_36
process_6,1500892892,user_37
process_5,1500892935,user_216
process_39,1500893040,user_217
process_16,1500893043,user_21
process_5,1500893454,user_166
process_28,1500893758,user_84
process_28,1500893856,user_126
process_39,1500894009,user_144
process_1,1500894114,user_234
process_0,1500894168,user_292
process_6,1500894202,user_205
process_5,1500894567,user_222
process_27,1500894576,user_148
process_18,1500894872,user_156
process_12,1500894968,user_224
process_39,1500895161,user_175
process_12,1500895194,user_288
process_17,1500895322,user_177
process_16,1500895384,user_46
process_17,1500895752,user_103
process_17,1500895821,user_71
process_6,1500896080,user_101
process_17,1500896192,user_192
process_44,1500896226,user_193
process_44,1500896284,user_81
process_49,1500896334,user_89
process_6,1500896675,user_19
process_17,1500897501,user_6
process_39,1500897608,user_231
process_38,1500897746,user_5
process_38,1500898411,user_145
process_11,1500898494,user_124
process_45,1500898494,user_91
process_45,1500898615,user_256
process_28,1500898644,user_2
process_40,1500898867,user_232
process_11,1500898922,user_57
process_0,1500899247,user_63
process_7,1500899469,user_271
process_17,1500899516,user_215
process_22,1500899971,user_0
process_7,1500899976,user_267
process_6,1500900343,user_210
process_44,1500900473,user_278
process_22,1500900747,user_266
process_49,1500900825,user_56
process_33,1500901099,user_250
process_23,1500901232,user_266
process_22,1500901373,user_74
process_11,1500901626,user_293
process_12,1500901677,user_67
process_28,1500901951,user_49
process_7,1500902135,user_53
process_1,1500902226,user_3
process_33,1500902400,user_260
process_0,1500902521,user_62
process_28,1500902730,user_206
process_33,1500902882,user_32
process_23,1500903052,user_155
process_11,1500903159,user_143
process_17,1500904015,user_47
process_10,1500904031,user_283
process_45,1500904063,user_95
process_33,1500904178,user_163
process_22,1500904492,user_171
process_40,1500904943,user_276
process_28,1500905075,user_73
process_22,1500905094,user_78
process_28,1500905119,user_12
process_6,1500905198,user_201
process_45,1500905787,user_278
process_44,1500905816,user_245
process_16,1500905942,user_75
process_33,1500906681,user_220
process_22,1500906787,user_23
process_44,1500906893,user_256
process_12,1500907169,user_36
process_0,1500907378,user_80
process_5,1500907750,user_164
process_5,1500908160,user_161
process_39,1500908191,user_59
process_44,1500908345,user_263
process_44,1500908488,user_191
process_11,1500908782,user_25
process_39,1500908826,user_169
process_6,1500908986,user_274
process_16,1500909073,user_140
process_1,1500909372,user_187
process_10,1500909576,user_269
process_5,1500909806,user_68
process_17,1500910067,user_134
process_6,1500910132,user_281
process_32,1500910330,user_189
process_49,1500910517,user_186
process_22,1500910602,user_240
process_23,1500910660,user_0
process_46,1500910773,user_51
process_39,1500910847,user_5
process_16,1500911154,user_105
process_45,1500911275,user_45
process_0,1500911404,user_234
process_45,1500912262,user_239
process_40,1500912350,user_5
process_6,1500912387,user_236
process_28,1500912775,user_157
process_34,1500912928,user_15
process_5,1500912966,user_236
process_11,1500913167,user_299
process_44,1500913253,user_108
process_49,1500913341,user_64
process_5,1500913385,user_69
process_6,1500913401,user_130
process_22,1500913495,user_155
process_5,1500913802,user_205
process_28,1500913832,user_148
process_38,1500913866,user_217
process_45,1500914438,user_191
process_5,1500914645,user_201
process_6,1500914703,user_267
process_17,1500914790,user_199
process_6,1500914999,user_226
process_43,1500915192,user_239
process_12,1500915376,user_296
process_16,1500915490,user_160
process_5,1500915642,user_19
process_33,1500915725,user_246
process_1,1500915804,user_190
process_38,1500915865,user_27
process_11,1500915876,user_94
process_17,1500915941,user_204
process_11,1500916243,user_67
process_45,1500916310,user_65
process_0,1500916402,user_187
process_34,1500916480,user_275
process_11,1500916879,user_298
process_39,1500917021,user_197
process_10,1500917043,user_25
process_39,1500917686,user_282
process_17,1500917805,user_154
process_34,1500917952,user_181
process_5,1500918016,user_37
process_6,1500918265,user_121
process_48,1500918359,user_97
process_0,1500918372,user_209
process_35,1500918739,user_32
process_49,1500919190,user_55
process_33,1500919290,user_118
process_12,1500919407,user_218
process_28,1500919604,user_229
process_28,1500919663,user_127
process_49,1500919798,user_242
process_0,1500919861,user_122
process_12,1500920316,user_146
process_6,1500920534,user_69
process_33,1500920597,user_277
process_44,1500920619,user_95
process_12,1500920671,user_287
process_11,1500920754,user_7
process_39,1500921139,user_27
process_0,1500921201,user_98
process_49,1500921208,user_97
process_16,1500921285,user_72
process_27,1500921423,user_182
process_23,1500921607,user_172
process_17,1500921900,user_208
process_34,1500922267,user_246
process_27,1500922363,user_229
process_11,1500922432,user_269
process_44,1500922521,user_253
process_45,1500922759,user_233
process_39,1500922953,user_290
process_44,1500923387,user_237
process_6,1500923483,user_40
process_17,1500923594,user_183
process_22,1500923603,user_158
process_6,1500923871,user_164
process_0,1500923945,user_162
process_0,1500924069,user_227
process_0,1500924074,user_190
process_16,1500924197,user_103
process_0,1500924833,user_137
process_9,1500924868,user_123
process_44,1500925159,user_51
process_1,1500925236,user_109
process_22,1500925640,user_112
process_6,1500925748,user_216
process_5,1500925791,user_173
process_34,1500926226,user_30
process_45,1500926259,user_237
process_28,1500926557,user_60
process_5,1500926823,user_179
process_33,1500926991,user_275
process_45,1500927115,user_100
process_28,1500927126,user_102
process_6,1500927164,user_93
process_17,1500927461,user_140
process_0,1500927547,user_106
process_22,1500927569,user_31
process_5,1500927583,user_150
process_29,1500927732,user_2
process_28,1500927764,user_180
process_27,1500927800,user_135
process_39,1500927916,user_223
process_39,1500928127,user_238
process_10,1500928192,user_288
process_28,1500928401,user_135
process_45,1500928490,user_235
process_23,1500928734,user_31
process_4,1500929001,user_37
process_34,1500929054,user_250
process_4,1500929063,user_130
process_11,1500929162,user_296
process_6,1500929262,user_271
process_33,1500929406,user_200
process_11,1500929493,user_295
process_5,1500929593,user_267
process_17,1500929618,user_75
process_49,1500929632,user_170
process_1,1500929833,user_133
process_37,1500930398,user_128
process_22,1500930463,user_8
process_11,1500930597,user_146
process_23,1500930707,user_188
process_6,1500930778,user_53
process_45,1500931040,user_245
process_40,1500931188,user_144
process_40,1500931612,user_197
process_49,1500931894,user_114
process_27,1500931994,user_151
process_34,1500932481,user_220
process_49,1500932531,user_58
process_1,1500932674,user_137
process_5,1500932957,user_130
process_35,1500933123,user_275
process_16,1500933229,user_192
process_6,1500933442,user_261
process_12,1500933571,user_143
process_17,1500934115,user_120
process_28,1500934120,user_285
process_38,1500934147,user_221
process_6,1500934571,user_150
process_16,1500934937,user_120
process_11,1500934962,user_70
process_38,1500934995,user_131
process_40,1500935016,user_175
process_16,1500935317,user_183
process_27,1500935405,user_60
process_27,1500935603,user_12
process_44,1500935726,user_167
process_7,1500935908,user_130
process_16,1500936192,user_230
process_27,1500936329,user_153
process_46,1500936448,user_279
process_5,1500936479,user_261
process_22,1500936614,user_33
process_6,1500937020,user_161
process_5,1500937077,user_274
process_34,1500937085,user_200
process_34,1500937253,user_259
process_17,1500937377,user_46
process_33,1500937426,user_10
process_44,1500937574,user_28
process_28,1500937961,user_264
process_37,1500938019,user_27
process_45,1500938295,user_195
process_38,1500938427,user_169
process_44,1500938460,user_279
process_39,1500938833,user_87
process_39,1500938877,user_232
process_43,1500939121,user_237
process_22,1500939432,user_168
process_0,1500939749,user_42
process_16,1500939832,user_71
process_44,1500940241,user_233
process_28,1500940505,user_79
process_23,1500940687,user_78
process_28,1500941050,user_251
process_5,1500941129,user_104
process_33,1500941180,user_28
process_38,1500941457,user_221
process_34,1500941631,user_200
process_39,1500941695,user_210
process_32,1500941752,user_26
process_45,1500942079,user_181
process_33,1500942245,user_200
process_0,1500942335,user_76
process_28,1500942541,user_2
process_22,1500942711,user_240
process_33,1500942977,user_30
process_45,1500943910,user_51
process_0,1500944260,user_88
process_5,1500944624,user_167
process_15,1500944638,user_185
process_12,1500944695,user_225
process_15,1500944745,user_117
process_21,1500944864,user_5
process_24,1500945088,user_286
process_43,1500945217,user_154
process_45,1500946063,user_61
process_11,1500946090,user_288
process_28,1500946323,user_161
process_0,1500946462,user_54
process_40,1500946495,user_282
process_40,1500947055,user_193
process_0,1500947306,user_137
process_10,1500947481,user_281
process_44,1500947798,user_82
process_28,1500948268,user_182
process_6,1500948463,user_297
process_49,1500948534,user_256
process_39,1500948585,user_22
process_38,1500948592,user_31
process_38,1500948761,user_172
process_44,1500948859,user_233
process_5,1500949197,user_139
process_6,1500949207,user_23
process_39,1500949257,user_193
process_12,1500949379,user_58
process_22,1500950138,user_33
process_29,1500950278,user_91
process_45,1500950314,user_190
process_16,1500950649,user_201
process_17,1500950693,user_38
process_17,1500951016,user_257
process_22,1500951117,user_39
process_6,1500951128,user_132
process_6,1500951745,user_110
process_33,1500952407,user_219
process_5,1500952493,user_217
process_45,1500952676,user_57
process_11,1500952684,user_250
process_17,1500953109,user_196
process_1,1500953229,user_12
process_29,1500953388,user_126
process_28,1500953580,user_180
process_1,1500953927,user_213
process_45,1500953930,user_65
process_11,1500953974,user_36
process_0,1500954363,user_12
process_21,1500954471,user_9
process_6,1500954639,user_203
process_44,1500954663,user_181
process_34,1500954876,user_260
process_45,1500954937,user_284
process_5,1500955120,user_132
process_17,1500955339,user_230
process_33,1500955393,user_163
process_49,1500955515,user_214
process_11,1500956742,user_35
process_49,1500956894,user_123
process_39,1500957014,user_262
process_18,1500957187,user_125
process_34,1500957524,user_80
process_38,1500957574,user_66
process_5,1500957595,user_227
process_23,1500957703,user_7
process_16,1500957742,user_189
process_0,1500957873,user_273
process_39,1500958006,user_249
process_17,1500958498,user_299
process_34,1500958644,user_26
process_39,1500958687,user_282
process_40,1500959049,user_95
process_15,1500959249,user_257
process_16,1500959304,user_258
process_27,1500959312,user_247
process_39,1500959318,user_221
process_22,1500959445,user_274
process_6,1500959517,user_231
process_17,1500959534,user_117
process_38,1500959816,user_175
process_18,1500959870,user_46
process_0,1500960261,user_265
process_44,1500960285,user_69
process_46,1500960325,user_77
process_24,1500960339,user_170
process_44,1500960923,user_272
process_49,1500961189,user_55
process_23,1500961242,user_145
process_18,1500961270,user_230
process_28,1500961296,user_247
process_11,1500961352,user_129
process_39,1500961588,user_25
process_17,1500961805,user_201
process_0,1500962053,user_164
process_11,1500962227,user_236
process_22,1500962337,user_109
process_22,1500962338,user_122
process_27,1500962409,user_261
process_34,1500962429,user_277
process_44,1500962710,user_198
process_22,1500962917,user_147
process_22,1500963202,user_207
process_11,1500963347,user_92
process_22,1500963382,user_136
process_5,1500963596,user_75
process_39,1500963612,user_175
process_46,1500963628,user_291
process_12,1500963862,user_236
process_10,1500963996,user_298
process_34,1500964107,user_30
process_45,1500964299,user_94
process_27,1500964747,user_150
process_16,1500964758,user_230
process_38,1500965444,user_197
process_17,1500966289,user_228
process_27,1500966429,user_93
process_22,1500966451,user_170
process_49,1500966490,user_183
process_27,1500966579,user_239
process_17,1500966796,user_293
process_23,1500967259,user_39
process_49,1500967270,user_142
process_39,1500967288,user_243
process_34,1500967860,user_32
process_39,1500968009,user_141
process_49,1500968231,user_98
process_17,1500968560,user_125
process_45,1500968855,user_47
process_44,1500969043,user_102
process_16,1500969046,user_257
process_16,1500969210,user_299
process_12,1500969424,user_36
process_29,1500969439,user_150
process_16,1500969488,user_38
process_1,1500969819,user_63
process_11,1500970018,user_281
process_22,1500970264,user_188
process_10,1500970479,user_211
process_5,1500970610,user_64
process_44,1500970845,user_144
process_45,1500970854,user_154
process_1,1500970859,user_273
process_22,1500970944,user_20
process_21,1500971075,user_286
process_23,1500971223,user_170
process_0,1500971577,user_213
process_39,1500971760,user_285
process_28,1500972066,user_81
process_49,1500972442,user_280
process_34,1500972457,user_15
process_28,1500972782,user_206
process_0,1500972825,user_14
process_43,1500972857,user_57
process_16,1500972912,user_264
process_0,1500972956,user_294
process_23,1500973093,user_17
process_10,1500973166,user_148
process_11,1500973254,user_160
process_39,1500973481,user_59
process_28,1500973512,user_83
process_28,1500973578,user_150
process_11,1500973813,user_211
process_17,1500973833,user_252
process_18,1500974147,user_258
process_29,1500974264,user_2
process_16,1500974283,user_1
process_45,1500974316,user_116
process_6,1500974318,user_104
process_5,1500974354,user_52
process_44,1500975135,user_289
process_23,1500975180,user_0
process_49,1500975195,user_168
process_5,1500975511,user_50
process_45,1500975598,user_291
process_12,1500975740,user_44
process_33,1500975842,user_87
process_33,1500975907,user_162
process_16,1500976103,user_70
process_17,1500976165,user_199
process_10,1500976202,user_127
process_33,1500976427,user_15
process_33,1500976549,user_277
process_17,1500976916,user_258
process_5,1500977061,user_226
process_0,1500977103,user_34
process_26,1500977486,user_206
process_6,1500977650,user_227
process_16,1500977668,user_140
process_39,1500977682,user_209
process_5,1500978222,user_149
process_39,1500978470,user_66
process_17,1500978488,user_271
process_33,1500978606,user_220
process_43,1500978793,user_45
process_18,1500978834,user_199
process_21,1500979280,user_240
process_17,1500979294,user_264
process_5,1500979301,user_110
process_28,1500979327,user_73
process_0,1500979350,user_184
process_5,1500979519,user_74
process_49,1500979635,user_16
process_23,1500979875,user_179
process_27,1500979915,user_155
process_45,1500979993,user_82
process_49,1500980018,user_254
process_28,1500980101,user_155
process_0,1500980129,user_133
process_38,1500980216,user_290
process_12,1500980233,user_143
process_27,1500980333,user_71
process_17,1500980351,user_100
process_44,1500980680,user_65
process_28,1500980716,user_120
process_16,1500980895,user_125
process_11,1500981359,user_44
process_28,1500981408,user_229
process_12,1500981519,user_218
process_6,1500981774,user_10
process_45,1500982113,user_102
process_28,1500982277,user_239
process_38,1500982747,user_128
process_11,1500982842,user_192
process_5,1500983143,user_37
process_39,1500983164,user_232
process_6,1500983198,user_139
process_5,1500983289,user_267
process_44,1500983438,user_190
process_17,1500983664,user_70
process_11,1500983806,user_67
process_6,1500983815,user_234
process_39,1500983930,user_101
process_5,1500984074,user_204
process_27,1500984164,user_224
process_39,1500984181,user_212
process_22,1500984195,user_145
process_33,1500984628,user_260
process_15,1500984996,user_6
process_33,1500985181,user_26
process_23,1500985212,user_171
process_49,1500985582,user_138
process_15,1500985622,user_196
process_6,1500985990,user_217
process_28,1500986179,user_261
process_6,1500986240,user_52
process_28,1500986337,user_71
process_16,1500986477,user_6
process_33,1500986523,user_32
process_10,1500986651,user_160
process_39,1500986785,user_290
process_33,1500986986,user_80
process_16,1500987161,user_246
process_44,1500987333,user_158
process_45,1500987365,user_45
process_17,1500988032,user_246
process_22,1500988250,user_9
process_27,1500988316,user_96
process_27,1500988341,user_235
process_37,1500988750,user_221
process_11,1500988942,user_218
process_16,1500989109,user_196
process_21,1500989153,user_171
process_38,1500989596,user_186
process_34,1500989841,user_28
process_16,1500990021,user_103
process_43,1500990368,user_233
process_44,1500990481,user_116
process_6,1500990695,user_40
process_22,1500990766,user_7
process_49,1500991004,user_3
process_23,1500991209,user_296
process_6,1500991261,user_278
process_39,1500991833,user_108
process_0,1500991853,user_85
process_27,1500991933,user_83
process_1,1500992399,user_72
process_17,1500992783,user_103
process_23,1500992919,user_240
process_6,1500993465,user_283
process_11,1500993498,user_43
process_49,1500993532,user_13
process_11,1500993546,user_121
process_22,1500993742,user_296
process_17,1500993862,user_174
process_28,1500993918,user_151
process_6,1500994007,user_64
process_11,1500994144,user_130
process_27,1500994261,user_206
process_33,1500994315,user_259
process_15,1500994875,user_293
process_5,1500994927,user_4
process_38,1500995169,user_191
process_4,1500995604,user_204
process_39,1500995703,user_27
process_17,1500996095,user_152
process_39,1500996401,user_31
process_49,1500996933,user_56
process_17,1500996958,user_140
process_27,1500997010,user_180
process_26,1500997055,user_73
process_44,1500997137,user_284
process_34,1500997273,user_244
process_44,1500997472,user_237
process_33,1500997609,user_244
process_17,1500997614,user_134
process_5,1500997653,user_297
process_44,1500998036,user_51
process_22,1500998554,user_5
process_5,1500998800,user_23
process_28,1500998992,user_224
process_29,1500999097,user_71
process_17,1500999163,user_118
process_11,1500999427,user_29
process_49,1500999532,user_287
process_6,1500999545,user_74
process_39,1500999691,user_95
process_12,1500999800,user_148
process_49,1500999913,user_165
process_16,1501000193,user_271
process_49,1501000341,user_157
process_39,1501000533,user_135
process_39,1501000700,user_197
process_39,1501000804,user_84
process_7,1501000958,user_203
process_44,1501001451,user_57
process_16,1501001452,user_228
process_11,1501001781,user_143
process_5,1501001808,user_234
process_5,1501001877,user_231
process_6,1501001984,user_166
process_34,1501002174,user_259
process_44,1501002748,user_291
process_38,1501002944,user_101
process_45,1501003097,user_272
process_17,1501003174,user_185
process_38,1501003479,user_212
process_11,1501003730,user_42
process_5,1501004038,user_203
process_1,1501004083,user_248
process_0,1501004094,user_146
process_11,1501004133,user_225
process_24,1501004181,user_207
process_6,1501004426,user_4
process_11,1501004588,user_148
process_34,1501004812,user_220
process_39,1501004904,user_186
process_45,1501005328,user_195
process_28,1501005654,user_205
process_22,1501006144,user_17
process_22,1501006786,user_286
process_34,1501006835,user_275
process_28,1501007332,user_111
process_45,1501007435,user_253
process_28,1501007620,user_91
process_40,1501007655,user_59
process_18,1501007733,user_228
process_22,1501008031,user_171
process_27,1501008060,user_126
process_0,1501008093,user_295
process_5,1501008284,user_40
process_23,1501008567,user_109
process_6,1501008617,user_50
process_49,1501008762,user_99
process_34,1501009682,user_162
process_38,1501009934,user_25
process_44,1501009979,user_195
process_27,1501010054,user_2
process_49,1501010111,user_156
process_49,1501010122,user_187
process_49,1501010581,user_241
process_10,1501010983,user_121
process_5,1501011313,user_283
process_0,1501011597,user_255
process_11,1501011884,user_53
process_5,1501011924,user_166
process_16,1501012007,user_268
process_39,1501012013,user_107
process_6,1501012549,user_226
process_16,1501012807,user_48
process_10,1501013299,user_36
process_0,1501013400,user_292
process_44,1501013701,user_61
process_0,1501013936,user_266
process_44,1501013955,user_77
process_38,1501014167,user_169
process_5,1501014337,user_216
process_15,1501014524,user_60
process_44,1501014605,user_154
process_10,1501014671,user_192
process_32,1501014774,user_244
process_17,1501014862,user_46
process_39,1501014939,user_11
process_1,1501014946,user_79
process_16,1501015093,user_152
process_28,1501015385,user_96
process_0,1501015656,user_113
process_45,1501015660,user_237
process_16,1501015792,user_185
process_16,1501015855,user_117
process_12,1501016179,user_121
process_0,1501016230,user_79
process_38,1501016299,user_108
process_33,1501016382,user_275
process_49,1501016462,user_177
process_0,1501016490,user_72
process_22,1501016716,user_179
process_6,1501016776,user_37
process_5,1501017076,user_10
process_17,1501017269,user_48
process_22,1501017368,user_0
process_40,1501017743,user_128
process_17,1501017757,user_268
process_45,1501017780,user_69
process_11,1501018577,user_178
process_40,1501018705,user_232
process_39,1501018813,user_169
process_29,1501018986,user_96
process_40,1501019207,user_66
process_6,1501019336,user_267
process_49,1501019686,user_238
process_22,1501019712,user_112
process_11,1501019715,user_58
process_6,1501019790,user_149
process_44,1501020168,user_47
process_39,1501020452,user_128
process_39,1501020737,user_172
process_37,1501020822,user_27
process_44,1501020882,user_94
process_29,1501020954,user_83
process_45,1501021110,user_77
process_17,1501021118,user_208
process_39,1501021263,user_269
process_28,1501021297,user_126
process_16,1501021605,user_60
process_23,1501021655,user_274
process_17,1501021998,user_6
process_39,1501022337,user_106
process_0,1501022354,user_63
process_49,1501022529,user_131
process_28,1501022674,user_245
process_27,1501022944,user_73
process_6,1501022983,user_204
process_23,1501023395,user_207
process_0,1501023490,user_89
process_45,1501023635,user_144
process_28,1501023665,user_93
process_11,1501023853,user_114
process_13,1501024243,user_178
process_28,1501024334,user_235
process_44,1501024336,user_253
process_5,1501024587,user_19
process_7,1501024891,user_4
process_21,1501025003,user_112
process_6,1501025206,user_216
process_11,1501025225,user_194
process_28,1501025478,user_215
process_40,1501025570,user_84
process_17,1501025640,user_60
process_23,1501025772,user_147
process_6,1501026259,user_75
process_38,1501026593,user_27
process_44,1501026670,user_45
process_39,1501027209,user_106
process_49,1501027366,user_147
process_45,1501027373,user_65
process_23,1501027548,user_243
process_11,1501027729,user_130
process_11,1501028064,user_35
process_29,1501028191,user_20
process_28,1501028248,user_91
process_33,1501028666,user_269
process_49,1501028867,user_76
process_17,1501028982,user_262
process_7,1501029044,user_0
process_16,1501029138,user_125
process_28,1501029179,user_2
process_6,1501029259,user_37
process_39,1501029699,user_238
process_44,1501029733,user_263
process_17,1501029735,user_121
process_44,1501029830,user_57
process_37,1501029889,user_150
process_44,1501030171,user_195
process_6,1501030487,user_177
process_1,1501030820,user_189
process_43,1501031192,user_84
process_11,1501031334,user_279
process_5,1501031620,user_4
process_17,1501031693,user_252
process_17,1501032018,user_134
process_11,1501032141,user_257
process_12,1501032547,user_130
process_23,1501032682,user_102
process_5,1501033233,user_96
process_6,1501033297,user_261
process_29,1501033306,user_180
process_49,1501033370,user_219
process_44,1501033433,user_227
process_0,1501033996,user_255
process_39,1501034012,user_282
process_49,1501034067,user_287
process_17,1501034308,user_266
process_12,1501034404,user_211
process_33,1501034420,user_75
process_11,1501035292,user_94
process_38,1501035374,user_236
process_17,1501035447,user_80
process_33,1501035456,user_163
process_0,1501035594,user_197
process_6,1501035599,user_74
process_23,1501035939,user_67
process_44,1501035945,user_144
process_40,1501035971,user_282
process_16,1501036069,user_103
process_19,1501036219,user_262
process_0,1501036231,user_101
process_0,1501036421,user_228
process_38,1501036447,user_247
process_5,1501036977,user_267
process_49,1501037003,user_89
process_0,1501037088,user_209
process_22,1501037314,user_86
process_12,1501037364,user_218
process_34,1501037687,user_250
process_39,1501037700,user_234
process_45,1501038183,user_7
process_38,1501038256,user_217
process_28,1501038330,user_229
process_38,1501038417,user_77
process_49,1501038424,user_133
process_45,1501038981,user_71
process_12,1501039127,user_256
process_0,1501039446,user_198
process_39,1501039467,user_188
process_17,1501039572,user_295
process_6,1501039586,user_205
process_49,1501039813,user_242
process_32,1501039883,user_298
process_49,1501039953,user_40
process_27,1501040220,user_223
process_39,1501040614,user_87
process_27,1501041139,user_251
process_17,1501041154,user_6
process_32,1501041160,user_176
process_16,1501041431,user_192
process_6,1501041435,user_182
process_24,1501041498,user_214
process_15,1501041506,user_184
process_6,1501041530,user_110
process_0,1501042190,user_215
process_18,1501042293,user_274
process_40,1501042407,user_5
process_12,1501042665,user_36
process_28,1501043017,user_64
process_23,1501043093,user_8
process_45,1501043212,user_51
process_16,1501043495,user_174
process_38,1501043598,user_59
process_17,1501043637,user_30
process_6,1501043842,user_173
process_29,1501043850,user_26
process_22,1501043911,user_62
process_28,1501044045,user_158
process_18,1501044768,user_121
process_11,1501044928,user_127
process_33,1501045031,user_220
process_39,1501045063,user_153
process_0,1501045129,user_292
process_21,1501045236,user_297
process_5,1501045255,user_182
process_34,1501045263,user_12
process_27,1501045308,user_283
process_5,1501045776,user_179
process_6,1501045960,user_183
process_39,1501046015,user_119
process_6,1501046083,user_170
process_11,1501046247,user_296
process_0,1501046413,user_122
process_16,1501046427,user_6
process_1,1501046464,user_101
process_28,1501046702,user_61
process_33,1501046752,user_200
process_11,1501046949,user_28
process_38,1501047020,user_201
process_34,1501047218,user_32
process_5,1501047363,user_170
process_45,1501047540,user_206
process_45,1501048270,user_113
process_39,1501048533,user_273
process_17,1501048656,user_100
process_16,1501048770,user_140
process_5,1501048860,user_19
process_6,1501049055,user_96
process_11,1501049071,user_146
process_16,1501049252,user_100
process_5,1501049375,user_271
process_16,1501049843,user_80
process_39,1501049855,user_150
process_22,1501049856,user_243
process_34,1501049976,user_272
process_12,1501050024,user_28
process_46,1501050210,user_253
process_5,1501050721,user_183
process_44,1501050723,user_206
process_11,1501050861,user_25
process_0,1501051315,user_278
process_38,1501051399,user_87
process_49,1501051430,user_11
process_22,1501051513,user_237
process_39,1501052069,user_249
process_6,1501052149,user_53
process_49,1501052576,user_156
process_34,1501052673,user_10
process_44,1501053025,user_84
process_22,1501053092,user_181
process_39,1501053115,user_210
process_18,1501053520,user_43
process_0,1501053611,user_190
process_0,1501053763,user_213
process_34,1501053802,user_233
process_49,1501054128,user_165
process_1,1501054700,user_13
process_33,1501054824,user_298
process_16,1501054958,user_194
process_16,1501055241,user_120
process_1,1501055296,user_14
process_45,1501055368,user_253
process_6,1501055396,user_104
process_0,1501055563,user_178
process_17,1501055634,user_151
process_34,1501055726,user_129
process_6,1501055743,user_221
process_5,1501056116,user_104
process_38,1501056347,user_282
process_11,1501056542,user_49
process_39,1501057038,user_31
process_29,1501057206,user_148
process_44,1501057365,user_7
process_22,1501057729,user_199
process_34,1501057732,user_176
process_45,1501057834,user_144
process_33,1501057871,user_260
process_44,1501057997,user_291
process_16,1501058032,user_154
process_39,1501058675,user_191
process_45,1501059138,user_235
process_0,1501059315,user_90
process_22,1501059362,user_67
process_23,1501059527,user_237
process_38,1501060019,user_31
process_11,1501060038,user_239
process_39,1501060039,user_9
process_22,1501060044,user_135
process_26,1501060328,user_26
process_11,1501060394,user_299
process_39,1501060409,user_222
process_6,1501060714,user_19
process_39,1501060794,user_196
process_38,1501060828,user_22
process_39,1501060942,user_236
process_38,1501061162,user_196
process_12,1501061303,user_225
process_11,1501061414,user_186
process_0,1501061559,user_14
process_44,1501061624,user_24
process_0,1501061705,user_63
process_10,1501061785,user_143
process_23,1501062255,user_286
process_49,1501062385,user_83
process_16,1501062488,user_134
process_16,1501062629,user_231
process_29,1501062726,user_265
process_40,1501062977,user_128
process_16,1501063398,user_43
process_12,1501063674,user_299
process_0,1501064421,user_164
process_38,1501064668,user_145
process_0,1501064966,user_85
process_6,1501064975,user_68
process_7,1501065219,user_173
process_6,1501065776,user_179
process_39,1501065820,user_175
process_22,1501065916,user_136
process_35,1501065936,user_32
process_40,1501066065,user_246
process_17,1501066083,user_154
process_40,1501066352,user_191
process_23,1501066590,user_62
process_49,1501066983,user_132
process_17,1501066985,user_103
process_44,1501067012,user_82
process_40,1501067107,user_46
process_17,1501067226,user_109
process_11,1501067284,user_288
process_27,1501067307,user_180
process_10,1501067318,user_296
process_6,1501067839,user_4
process_38,1501067988,user_5
process_33,1501068278,user_176
process_28,1501068278,user_54
process_44,1501068492,user_69
process_22,1501068612,user_112
process_1,1501068631,user_85
process_16,1501068796,user_109
process_39,1501068858,user_108
process_49,1501069024,user_39
process_17,1501069135,user_264
process_40,1501069225,user_153
process_39,1501069609,user_77
process_39,1501069862,user_246
process_16,1501070073,user_121
process_34,1501070142,user_293
process_1,1501070244,user_164
process_33,1501070470,user_289
process_27,1501070492,user_111
process_39,1501070691,user_118
process_38,1501071549,user_27
process_21,1501071724,user_62
process_45,1501071944,user_84
process_33,1501072046,user_250
process_0,1501072104,user_34
process_44,1501072216,user_65
process_44,1501072521,user_81
process_0,1501073148,user_161
process_4,1501073259,user_182
process_22,1501073523,user_270
process_33,1501073744,user_272
process_38,1501073928,user_153
process_45,1501074213,user_69
process_22,1501074652,user_58
process_49,1501074903,user_241
process_43,1501075109,user_253
process_23,1501075295,user_181
process_39,1501075330,user_59
process_49,1501075470,user_99
process_11,1501075880,user_123
process_39,1501076291,user_22
process_6,1501076312,user_271
process_34,1501076647,user_260
process_17,1501076683,user_184
process_28,1501077003,user_148
process_44,1501077085,user_71
process_23,1501077253,user_168
process_49,1501077537,user_277
process_23,1501077813,user_187
process_5,1501077916,user_205
process_44,1501078013,user_253
process_40,1501078116,user_217
process_22,1501078542,user_286
process_12,1501078651,user_44
process_28,1501079001,user_171
process_11,1501079148,user_218
process_39,1501079630,user_46
process_34,1501079697,user_38
process_49,1501079825,user_254
process_28,1501079883,user_283
process_39,1501080071,user_27
process_17,1501080104,user_258
process_39,1501080111,user_207
process_22,1501080146,user_297
process_40,1501080147,user_210
process_43,1501080213,user_113
process_22,1501080245,user_102
process_16,1501080475,user_152
process_0,1501080499,user_105
process_11,1501080629,user_116
process_39,1501080996,user_247
process_39,1501081170,user_281
process_39,1501081200,user_128
process_34,1501081473,user_15
process_28,1501081547,user_1
process_33,1501081688,user_129
process_39,1501081788,user_217
process_17,1501081846,user_125
process_34,1501082200,user_298
process_49,1501082728,user_48
process_33,1501083203,user_244
process_38,1501083316,user_150
process_34,1501083482,user_289
process_33,1501083647,user_12
process_5,1501083880,user_68
process_6,1501084070,user_169
process_49,1501084105,user_16
process_18,1501084960,user_184
process_11,1501085052,user_256
process_23,1501085093,user_297
process_33,1501085472,user_10
process_28,1501086001,user_265
process_27,1501086176,user_54
process_49,1501087689,user_142
process_7,1501087815,user_183
process_34,1501087861,user_269
process_16,1501088120,user_264
process_39,1501088127,user_276
process_40,1501088160,user_115
process_28,1501088280,user_26
process_45,1501088324,user_79
process_16,1501088605,user_30
process_23,1501088669,user_136
process_39,1501088943,user_232
process_5,1501088967,user_177
process_22,1501089057,user_168
process_17,1501089198,user_72
process_39,1501089530,user_145
process_32,1501089751,user_220
process_12,1501090197,user_70
process_49,1501091528,user_97
process_5,1501091569,user_203
process_0,1501091885,user_52
process_22,1501092100,user_187
process_16,1501092399,user_204
process_28,1501093210,user_23
process_40,1501093409,user_77
process_6,1501093719,user_267
process_44,1501093946,user_51
process_6,1501094004,user_93
process_17,1501094437,user_138
process_17,1501094571,user_120
process_22,1501095177,user_155
process_11,1501095350,user_36
process_1,1501095885,user_34
process_28,1501096010,user_111
process_27,1501096047,user_23
process_39,1501096134,user_201
process_49,1501096213,user_114
process_44,1501096251,user_78
process_49,1501096561,user_21
process_6,1501096606,user_248
process_27,1501096758,user_92
process_17,1501096818,user_204
process_27,1501096823,user_148
process_5,1501097129,user_73
process_23,1501097194,user_135
process_6,1501097326,user_226
process_16,1501097395,user_252
process_34,1501097439,user_290
process_49,1501097859,user_166
process_49,1501098031,user_17
process_16,1501098149,user_45
process_49,1501098898,user_98
process_27,1501098957,user_1
process_0,1501099017,user_88
process_10,1501099029,user_146
process_4,1501099032,user_74
process_18,1501099399,user_154
process_45,1501099790,user_81
process_16,1501099939,user_72
process_38,1501100002,user_246
process_16,1501100018,user_47
process_38,1501100122,user_238
process_28,1501100180,user_126
process_38,1501100302,user_131
process_10,1501100496,user_239
process_1,1501100724,user_213
process_17,1501100753,user_194
process_0,1501100878,user_13
process_22,1501100923,user_33
process_34,1501101048,user_244
process_28,1501101191,user_223
process_46,1501101267,user_195
process_39,1501101470,user_5
process_33,1501101591,user_290
process_22,1501101621,user_66
process_44,1501101677,user_235
process_23,1501101726,user_270
process_16,1501101824,user_266
process_5,1501101965,user_261
process_34,1501102007,user_220
process_49,1501102077,user_55
process_27,1501102130,user_171
process_10,1501102151,user_288
process_49,1501102395,user_157
process_1,1501102632,user_190
process_28,1501102758,user_20
process_28,1501102890,user_180
process_11,1501103125,user_143
process_7,1501103209,user_74
process_11,1501103443,user_70
process_5,1501104015,user_173
process_17,1501104288,user_29
process_39,1501104357,user_131
process_45,1501104823,user_24
process_33,1501105128,user_275
process_17,1501105698,user_45
process_40,1501105892,user_207
process_1,1501105903,user_161
process_38,1501106121,user_191
process_0,1501106208,user_202
process_0,1501106223,user_137
process_12,1501106311,user_35
process_5,1501106659,user_93
process_40,1501106691,user_27
process_11,1501106897,user_44
process_17,1501107004,user_47
process_38,1501107378,user_249
process_13,1501107380,user_28
process_5,1501107422,user_37
process_5,1501107506,user_226
process_39,1501107525,user_212
process_28,1501107840,user_92
process_17,1501108181,user_43
process_17,1501108267,user_208
process_23,1501108367,user_66
process_17,1501108415,user_174
process_45,1501108740,user_57
process_41,1501108762,user_108
process_17,1501108807,user_140
process_33,1501110277,user_233
process_22,1501110290,user_214
process_16,1501110489,user_258
process_6,1501110566,user_73
process_45,1501110569,user_195
process_15,1501110731,user_45
process_17,1501111009,user_231
process_45,1501111032,user_227
process_17,1501111650,user_152
process_12,1501111901,user_186
process_10,1501112153,user_160
process_6,1501112218,user_0
process_6,1501112282,user_203
process_38,1501112419,user_128
process_10,1501112612,user_225
process_10,1501112695,user_49
process_28,1501113697,user_207
process_45,1501113880,user_203
process_39,1501114043,user_191
process_0,1501114279,user_114
process_28,1501114412,user_61
process_49,1501114445,user_97
process_16,1501114606,user_284
process_22,1501114782,user_31
process_0,1501114813,user_184
process_46,1501114829,user_69
process_45,1501114834,user_195
process_44,1501114919,user_195
process_49,1501115277,user_55
process_5,1501115718,user_68
process_5,1501115986,user_130
process_5,1501116054,user_50
process_38,1501116137,user_290
process_49,1501116198,user_239
process_17,1501116353,user_164
process_44,1501116448,user_116
process_40,1501116574,user_25
process_39,1501116729,user_290
process_27,1501116824,user_289
process_33,1501116950,user_200
process_46,1501117095,user_291
process_22,1501117183,user_187
process_6,1501117205,user_4
process_33,1501117233,user_176
process_0,1501117236,user_110
process_11,1501117452,user_36
process_49,1501117649,user_123
process_15,1501117709,user_201
process_33,1501117728,user_87
process_16,1501117908,user_74
process_49,1501118209,user_218
process_22,1501118230,user_270
process_5,1501118421,user_222
process_1,1501118773,user_114
process_11,1501118932,user_194
process_34,1501119028,user_244
process_18,1501119161,user_264
process_11,1501119227,user_35
process_0,1501119559,user_266
process_27,1501119645,user_61
process_0,1501119973,user_34
process_27,1501119986,user_205
process_0,1501120283,user_76
process_34,1501120358,user_175
process_5,1501121046,user_226
process_39,1501121075,user_95
process_28,1501121364,user_135
process_49,1501121428,user_64
process_40,1501121537,user_11
process_39,1501121622,user_232
process_44,1501121806,user_107
process_17,1501121819,user_75
process_16,1501121968,user_192
process_34,1501122058,user_87
process_38,1501122201,user_191
process_40,1501122447,user_95
process_22,1501122766,user_23
process_22,1501123152,user_0
process_44,1501123200,user_113
process_5,1501123667,user_179
process_45,1501123919,user_156
process_39,1501124097,user_276
process_7,1501124450,user_228
process_44,1501124850,user_22
process_45,1501125120,user_269
process_44,1501125170,user_190
process_49,1501125171,user_256
process_17,1501125378,user_140
process_45,1501125406,user_7
process_22,1501125453,user_99
process_33,1501125458,user_15
process_40,1501125690,user_281
process_33,1501125707,user_103
process_33,1501126041,user_88
process_11,1501126130,user_67
process_28,1501127359,user_158
process_16,1501127397,user_140
process_17,1501127804,user_258
process_44,1501127924,user_24
process_5,1501127944,user_73
process_29,1501128281,user_125
process_17,1501128576,user_117
process_32,1501128750,user_220
process_40,1501128819,user_59
process_10,1501129169,user_35
process_45,1501129447,user_227
process_0,1501129463,user_294
process_49,1501129482,user_147
process_1,1501129521,user_184
process_28,1501129882,user_289
process_39,1501130144,user_49
process_39,1501130258,user_247
process_45,1501130497,user_291
process_11,1501130505,user_283
process_11,1501130521,user_236
process_44,1501130915,user_181
process_12,1501130951,user_67
process_45,1501131093,user_181
process_17,1501131292,user_215
process_16,1501131352,user_10
process_45,1501131426,user_57
process_39,1501131569,user_197
process_45,1501131643,user_190
process_28,1501131647,user_38
process_0,1501132029,user_155
process_21,1501132398,user_170
process_39,1501132745,user_77
process_6,1501132928,user_222
process_39,1501132936,user_46
process_23,1501133066,user_31
process_44,1501133184,user_57
process_21,1501133283,user_118
process_23,1501133286,user_149
process_16,1501133465,user_258
process_17,1501133801,user_252
process_38,1501134107,user_209
process_26,1501134345,user_70
process_34,1501134505,user_134
process_49,1501134608,user_183
process_38,1501134807,user_153
process_28,1501134943,user_20
process_27,1501134953,user_148
process_28,1501135696,user_115
process_0,1501135926,user_42
process_44,1501135982,user_119
process_22,1501136006,user_118
process_44,1501136012,user_269
process_39,1501136130,user_186
process_10,1501136376,user_56
process_45,1501136636,user_69
process_39,1501136833,user_223
process_1,1501136878,user_98
process_44,1501137371,user_203
process_1,1501137482,user_3
process_21,1501137520,user_171
process_0,1501137715,user_213
process_0,1501137804,user_292
process_17,1501137873,user_72
process_0,1501137917,user_279
process_22,1501138072,user_62
process_43,1501138171,user_7
process_16,1501138342,user_154
process_17,1501139224,user_199
process_46,1501139233,user_190
process_27,1501139277,user_70
process_0,1501139391,user_98
process_6,1501139496,user_94
process_44,1501139636,user_82
process_17,1501139778,user_48
process_44,1501139798,user_65
process_0,1501139850,user_198
process_45,1501140024,user_278
process_1,1501140618,user_90
process_28,1501140631,user_28
process_34,1501140913,user_15
process_11,1501140980,user_86
process_44,1501141588,user_17
process_39,1501141869,user_238
process_45,1501142031,user_17
process_34,1501142099,user_44
process_38,1501142116,user_49
process_16,1501142258,user_264
process_5,1501142586,user_231
process_0,1501143064,user_146
process_29,1501143108,user_91
process_23,1501143197,user_145
process_6,1501143238,user_139
process_45,1501143329,user_22
process_27,1501143534,user_28
process_12,1501143703,user_143
process_34,1501144400,user_88
process_5,1501144892,user_40
process_28,1501145549,user_127
process_39,1501145707,user_54
process_28,1501145886,user_265
process_22,1501146306,user_168
process_49,1501146583,user_185
process_39,1501146615,user_209
process_22,1501146645,user_240
process_46,1501147312,user_7
process_39,1501147456,user_5
process_39,1501147643,user_25
process_38,1501147677,user_193
process_39,1501147833,user_229
process_11,1501147973,user_162
process_44,1501148262,user_291
process_0,1501148520,user_63
process_17,1501148541,user_71
process_34,1501148612,user_219
process_6,1501148627,user_173
process_28,1501148823,user_148
process_34,1501148860,user_220
process_45,1501149134,user_24
process_6,1501149293,user_165
process_49,1501149337,user_277
process_28,1501149356,user_125
process_32,1501149534,user_26
process_0,1501149726,user_234
process_16,1501149730,user_215
process_28,1501149922,user_157
process_16,1501149930,user_102
process_12,1501150021,user_194
process_45,1501150022,user_82
process_39,1501150268,user_249
process_40,1501150345,user_193
process_22,1501150369,user_297
process_49,1501150532,user_212
process_49,1501150755,user_196
process_17,1501150776,user_47
process_28,1501150936,user_83
process_27,1501151175,user_135
process_11,1501151449,user_60
process_11,1501151511,user_129
process_22,1501151601,user_112
process_10,1501151981,user_121
process_33,1501152049,user_26
process_49,1501152670,user_89
process_18,1501153045,user_10
process_17,1501153299,user_74
process_0,1501153497,user_271
process_22,1501153510,user_171
process_11,1501153589,user_296
process_17,1501153693,user_29
process_44,1501153770,user_167
process_5,1501154057,user_177
process_22,1501154112,user_254
process_49,1501154129,user_216
process_28,1501154372,user_285
process_23,1501154381,user_8
process_43,1501154390,user_190
process_6,1501154426,user_231
process_45,1501154519,user_45
process_1,1501154941,user_279
process_28,1501155463,user_9
process_39,1501155770,user_108
process_12,1501155962,user_259
process_27,1501156187,user_9
process_49,1501156235,user_151
process_6,1501156476,user_179
process_38,1501156926,user_223
process_44,1501156944,user_227
process_33,1501157275,user_293
process_0,1501157405,user_12
process_12,1501157530,user_121
process_5,1501157548,user_19
process_6,1501157622,user_19
process_44,1501158156,user_84
process_28,1501158515,user_18
process_39,1501158612,user_246
process_33,1501158723,user_260
process_17,1501158751,user_268
process_12,1501159051,user_288
process_34,1501159186,user_103
process_6,1501159227,user_50
process_44,1501159327,user_81
process_21,1501159413,user_112
process_33,1501159508,user_244
process_28,1501159798,user_111
process_45,1501160088,user_81
process_49,1501160105,user_6
process_45,1501160268,user_100
process_0,1501160335,user_14
process_6,1501161340,user_172
process_10,1501161608,user_21
process_17,1501161747,user_154
process_44,1501162170,user_100
process_33,1501162179,user_220
process_38,1501162424,user_120
process_5,1501162594,user_94
process_16,1501162667,user_164
process_11,1501162959,user_211
process_39,1501163061,user_188
process_17,1501163210,user_284
process_17,1501163270,user_264
process_11,1501163451,user_13
process_0,1501163461,user_122
process_11,1501163471,user_257
process_35,1501163820,user_44
process_34,1501164072,user_80
process_0,1501164231,user_52
process_28,1501164611,user_245
process_23,1501164826,user_33
process_33,1501165173,user_204
process_28,1501165290,user_126
process_12,1501165467,user_43
process_17,1501166095,user_102
process_16,1501166388,user_268
process_0,1501166536,user_224
process_6,1501166556,user_263
process_0,1501166604,user_101
process_17,1501166626,user_10
process_39,1501166648,user_235
process_27,1501167054,user_245
process_33,1501167350,user_175
process_28,1501167739,user_206
process_0,1501168149,user_137
process_45,1501168357,user_116
process_16,1501168372,user_199
process_44,1501168554,user_156
process_21,1501168606,user_187
process_11,1501168853,user_53
process_17,1501168962,user_261
process_33,1501169044,user_219
process_5,1501169045,user_96
process_5,1501169292,user_104
process_21,1501169338,user_297
process_39,1501169396,user_160
process_0,1501169451,user_159
process_49,1501169480,user_241
process_40,1501169566,user_290
process_16,1501169749,user_29
process_28,1501170059,user_70
process_27,1501170086,user_38
process_28,1501170123,user_163
process_10,1501170434,user_236
process_11,1501170480,user_299
process_45,1501170495,user_84
process_38,1501170577,user_160
process_49,1501170617,user_298
process_21,1501170835,user_78
process_40,1501170982,user_46
process_28,1501171227,user_161
process_5,1501171325,user_93
process_38,1501171355,user_281
process_11,1501171793,user_41
process_22,1501171859,user_8
process_23,1501171968,user_270
process_6,1501172074,user_253
process_28,1501172174,user_144
process_6,1501172325,user_130
process_22,1501172544,user_170
process_22,1501172546,user_149
process_17,1501172547,user_201
process_29,1501172575,user_144
process_34,1501172739,user_204
process_10,1501173115,user_259
process_46,1501173119,user_45
process_15,1501173121,user_192
process_38,1501173448,user_95
process_22,1501173678,user_66
process_39,1501173690,user_150
process_17,1501173820,user_230
process_17,1501173874,user_189
process_10,1501173897,user_295
process_39,1501174177,user_11
process_0,1501174195,user_178
process_6,1501174272,user_73
process_27,1501174453,user_115
process_5,1501174485,user_173
process_35,1501174744,user_204
process_17,1501174843,user_30
process_16,1501175222,user_221
process_22,1501175396,user_267
process_40,1501175466,user_247
process_16,1501175859,user_230
process_18,1501175899,user_252
process_4,1501175959,user_263
process_49,1501176178,user_273
process_49,1501176245,user_242
process_12,1501176247,user_152
process_27,1501176411,user_157
process_28,1501176415,user_205
process_11,1501176422,user_295
process_28,1501176507,user_166
process_39,1501176622,user_153
process_44,1501176637,user_225
process_23,1501177431,user_23
process_44,1501177448,user_7
process_39,1501177466,user_217
process_17,1501177515,user_255
process_6,1501177544,user_40
process_12,1501177595,user_236
process_1,1501177679,user_34
process_49,1501177709,user_280
process_16,1501178001,user_75
process_23,1501178059,user_78
process_12,1501178109,user_296
process_6,1501178364,user_93
process_0,1501178380,user_90
process_5,1501178560,user_139
process_0,1501178770,user_132
process_34,1501178773,user_260
process_10,1501178879,user_86
process_6,1501178903,user_104
process_5,1501179032,user_263
process_27,1501179073,user_79
process_7,1501180117,user_94
process_16,1501180203,user_1
process_11,1501181076,user_21
process_12,1501181829,user_283
process_39,1501182192,user_282
process_43,1501182240,user_116
process_11,1501182423,user_121
process_44,1501182917,user_69
process_33,1501183136,user_134
process_22,1501183285,user_58
process_39,1501183327,user_281
process_27,1501183337,user_91
process_16,1501183611,user_201
process_38,1501183931,user_197
process_11,1501184034,user_143
process_23,1501184283,user_170
process_33,1501184546,user_272
process_29,1501184558,user_127
process_39,1501184798,user_128
process_28,1501185254,user_79
process_38,1501185628,user_232
process_23,1501185662,user_171
process_39,1501186339,user_59
process_6,1501186680,user_27
process_39,1501186825,user_120
process_16,1501186918,user_255
process_12,1501186953,user_86
process_49,1501187283,user_136
process_5,1501187295,user_27
process_1,1501187573,user_42
process_34,1501188353,user_237
process_11,1501188798,user_288
process_11,1501189119,user_250
process_23,1501189373,user_274
process_5,1501189490,user_228
process_29,1501189724,user_166
process_24,1501189851,user_112
process_16,1501190059,user_261
process_39,1501190119,user_193
process_6,1501190335,user_177
process_29,1501190384,user_163
process_45,1501190422,user_119
process_27,1501190469,user_163
process_38,1501190964,user_188
process_17,1501190976,user_221
process_32,1501191071,user_237
process_6,1501191152,user_228
process_6,1501191631,user_96
process_0,1501191646,user_3
process_22,1501191651,user_145
process_17,1501191956,user_1
process_34,1501192210,user_26
process_34,1501192700,user_293
process_38,1501193366,user_108
process_11,1501193518,user_152
process_13,1501193868,user_60
process_11,1501194330,user_56
process_4,1501194530,user_19
process_44,1501194820,user_278
process_28,1501194868,user_91
process_10,1501195083,user_51
process_5,1501195149,user_253
process_11,1501195189,user_51
process_11,1501195227,user_32
process_34,1501195787,user_176
process_21,1501195797,user_33
process_0,1501196315,user_105
process_33,1501196457,user_44
process_49,1501196464,user_287
process_27,1501196775,user_166
process_45,1501196988,user_113
process_17,1501197034,user_214
process_11,1501197179,user_43
process_0,1501197353,user_202
process_22,1501197446,user_262
process_33,1501197471,user_237
process_10,1501197575,user_67
process_1,1501197666,user_294
process_43,1501197719,user_278
process_33,1501197755,user_80
process_6,1501197827,user_68
process_45,1501197982,user_65
process_17,1501198024,user_192
process_38,1501198377,user_282
process_22,1501198614,user_78
process_45,1501198872,user_107
process_16,1501199174,user_208
process_7,1501200015,user_0
process_0,1501201021,user_91
process_6,1501201119,user_263
process_32,1501201211,user_171
process_38,1501201528,user_249
process_6,1501201612,user_203
process_7,1501201669,user_297
process_12,1501201688,user_49
process_45,1501201752,user_77
process_0,1501201838,user_67
process_11,1501202013,user_293
process_11,1501202341,user_192
process_44,1501202508,user_57
process_12,1501202694,user_293
process_23,1501202791,user_7
process_40,1501202840,user_106
process_6,1501202854,user_205
process_32,1501202961,user_132
process_16,1501203170,user_37
process_17,1501203232,user_154
process_12,1501203232,user_259
process_45,1501203870,user_19
process_39,1501205316,user_87
process_5,1501205325,user_228
process_49,1501205391,user_241
process_6,1501206172,user_11
process_6,1501206816,user_234
process_17,1501207011,user_258
process_16,1501207022,user_134
process_44,1501207059,user_225
process_37,1501207097,user_27
process_44,1501207266,user_296
process_17,1501207331,user_288
process_5,1501207636,user_107
process_44,1501207738,user_45
process_5,1501208148,user_101
process_29,1501208787,user_61
process_32,1501208974,user_275
process_6,1501209224,user_268
process_33,1501209340,user_26
process_33,1501209652,user_117
process_44,1501209673,user_42
process_21,1501209764,user_1
process_39,1501209786,user_272
process_33,1501209969,user_237
process_27,1501210016,user_186
process_33,1501210160,user_75
process_28,1501210173,user_186
process_32,1501210190,user_201
process_22,1501210433,user_99
process_39,1501210648,user_243
process_5,1501210665,user_144
process_17,1501210752,user_227
process_34,1501210788,user_270
process_5,1501210867,user_234
process_38,1501211186,user_59
process_49,1501211213,user_204
process_23,1501211237,user_150
process_0,1501211299,user_209
process_33,1501211326,user_277
process_5,1501211510,user_74
process_45,1501211886,user_42
process_49,1501211905,user_127
process_34,1501211967,user_237
process_39,1501212246,user_207
process_18,1501212292,user_118
process_16,1501212779,user_227
process_28,1501212794,user_58
process_0,1501213104,user_160
process_22,1501213159,user_1
process_27,1501213399,user_161
process_17,1501213655,user_138
process_21,1501213719,user_7
process_1,1501213786,user_122
process_27,1501214137,user_20
process_34,1501214301,user_220
process_45,1501214421,user_79
process_40,1501214433,user_153
process_4,1501215287,user_93
process_12,1501215323,user_216
process_49,1501215607,user_212
process_29,1501215615,user_230
process_24,1501215676,user_136
process_44,1501215968,user_278
process_33,1501216762,user_171
process_45,1501216897,user_235
process_38,1501217143,user_106
process_24,1501217347,user_150
process_0,1501217394,user_260
process_49,1501217434,user_187
process_44,1501217450,user_191
process_22,1501217729,user_229
process_38,1501217825,user_84
process_33,1501217970,user_132
process_40,1501218404,user_25
process_34,1501218493,user_26
process_44,1501218519,user_73
process_33,1501218628,user_10
process_45,1501218747,user_284
process_17,1501218805,user_287
process_5,1501218836,user_274
process_38,1501218887,user_22
process_11,1501218993,user_46
process_32,1501219003,user_248
process_45,1501219216,user_273
process_17,1501219510,user_140
process_39,1501219772,user_162
process_39,1501220132,user_232
process_10,1501220308,user_194
process_33,1501220354,user_265
process_1,1501220448,user_52
process_49,1501220494,user_38
process_27,1501220832,user_163
process_6,1501220924,user_228
process_17,1501221016,user_51
process_6,1501221022,user_236
process_22,1501221217,user_214
process_11,1501221437,user_194
process_33,1501221445,user_88
process_44,1501221519,user_168
process_34,1501221635,user_4
process_5,1501221919,user_172
process_49,1501222129,user_147
process_28,1501222717,user_92
process_12,1501222739,user_94
process_17,1501222824,user_37
process_22,1501222970,user_105
process_38,1501223514,user_221
process_28,1501223574,user_239
process_49,1501223791,user_157
process_27,1501224394,user_54
process_18,1501224553,user_199
process_46,1501224642,user_42
process_28,1501225229,user_111
process_22,1501225280,user_7
process_34,1501225879,user_72
process_27,1501225936,user_92
process_11,1501226284,user_145
process_39,1501226809,user_141
process_44,1501226919,user_96
process_44,1501227392,user_167
process_33,1501228042,user_176
process_6,1501228114,user_0
process_18,1501228168,user_3
process_39,1501228194,user_282
process_17,1501228325,user_199
process_33,1501228422,user_289
process_27,1501228627,user_115
process_49,1501229087,user_116
process_21,1501229390,user_149
process_49,1501229682,user_271
process_29,1501229759,user_267
process_17,1501229864,user_6
process_22,1501230420,user_136
process_44,1501230465,user_284
process_40,1501230515,user_22
process_38,1501231208,user_162
process_5,1501231330,user_210
process_28,1501231512,user_23
process_34,1501231542,user_88
process_45,1501231686,user_24
process_10,1501231758,user_192
process_39,1501231897,user_95
process_11,1501232482,user_90
process_17,1501232709,user_152
process_17,1501232904,user_238
process_49,1501233447,user_183
process_34,1501233857,user_261
process_15,1501233983,user_120
process_5,1501234410,user_102
process_28,1501234546,user_70
process_39,1501234549,user_59
process_16,1501234923,user_103
process_28,1501235083,user_295
process_11,1501235155,user_65
process_49,1501235288,user_169
process_5,1501235437,user_0
process_6,1501235615,user_210
process_39,1501236137,user_193
process_0,1501236316,user_14
process_49,1501236436,user_280
process_0,1501236753,user_213
process_22,1501237008,user_224
process_27,1501237009,user_295
process_11,1501237105,user_279
process_35,1501237164,user_265
process_49,1501237271,user_185
process_46,1501237430,user_158
process_6,1501237435,user_274
process_28,1501237437,user_163
process_40,1501237834,user_272
process_17,1501237973,user_196
process_45,1501238017,user_45
process_45,1501238045,user_206
process_11,1501238321,user_124
process_28,1501238576,user_247
process_18,1501238630,user_287
process_6,1501238644,user_139
process_4,1501239009,user_104
process_0,1501239128,user_98
process_45,1501239272,user_225
process_6,1501239546,user_68
process_45,1501239573,user_296
process_45,1501239643,user_233
process_44,1501239911,user_79
process_34,1501239920,user_277
process_5,1501240045,user_231
process_16,1501240076,user_238
process_45,1501240082,user_191
process_5,1501240109,user_179
process_40,1501240196,user_31
process_22,1501240219,user_262
process_49,1501240791,user_71
process_23,1501240924,user_99
process_11,1501241365,user_281
process_38,1501241889,user_188
process_11,1501242004,user_143
process_11,1501242182,user_259
process_45,1501242646,user_276
process_44,1501242666,user_119
process_23,1501242759,user_1
process_38,1501242826,user_153
process_34,1501242859,user_275
process_17,1501242932,user_165
process_5,1501243067,user_263
process_0,1501243263,user_122
process_28,1501243517,user_148
process_6,1501243620,user_40
process_27,1501243624,user_18
process_11,1501243643,user_86
process_44,1501243657,user_77
process_39,1501243777,user_285
process_10,1501243871,user_279
process_49,1501243917,user_16
process_0,1501244064,user_255
process_49,1501244694,user_82
process_6,1501245021,user_226
process_6,1501245078,user_144
process_33,1501245200,user_129
process_44,1501245448,user_19
process_34,1501245498,user_64
process_45,1501245664,user_158
process_27,1501245834,user_180
process_16,1501245846,user_140
process_44,1501245865,user_273
process_6,1501245991,user_173
process_11,1501246205,user_200
process_28,1501246226,user_180
process_11,1501246382,user_29
process_23,1501246723,user_5
process_38,1501246732,user_290
process_44,1501246790,user_108
process_28,1501246958,user_159
process_45,1501247178,user_167
process_35,1501247513,user_72
process_28,1501248015,user_2
process_17,1501248160,user_3
process_6,1501248172,user_231
process_49,1501248257,user_76
process_28,1501248272,user_161
process_28,1501248643,user_115
process_11,1501248679,user_121
process_23,1501248802,user_224
process_6,1501248851,user_102
process_22,1501248886,user_97
process_6,1501248942,user_104
process_28,1501249389,user_123
process_28,1501249502,user_83
process_5,1501249626,user_268
process_6,1501249834,user_177
process_33,1501249889,user_44
process_45,1501250184,user_57
process_28,1501250426,user_253
process_11,1501250531,user_283
process_45,1501250904,user_245
process_28,1501251032,user_18
process_26,1501251151,user_247
process_39,1501251154,user_25
process_33,1501251332,user_72
process_39,1501251374,user_27
process_39,1501251410,user_30
process_1,1501251739,user_202
process_33,1501252106,user_270
process_39,1501252421,user_153
process_33,1501252789,user_13
process_44,1501253386,user_245
process_33,1501253818,user_201
process_11,1501253976,user_216
process_48,1501254020,user_82
process_23,1501254238,user_149
process_5,1501254446,user_236
process_33,1501254647,user_275
process_0,1501254850,user_12
process_6,1501255060,user_179
process_0,1501255110,user_52
process_28,1501255284,user_146
process_43,1501255496,user_191
process_11,1501255826,user_28
process_23,1501255955,user_240
process_17,1501256036,user_120
process_38,1501256291,user_141
process_12,1501256308,user_200
process_28,1501256442,user_267
process_22,1501256577,user_222
process_26,1501256628,user_23
process_34,1501256884,user_189
process_5,1501256946,user_11
process_46,1501257007,user_79
process_17,1501258109,user_131
process_44,1501258167,user_158
process_27,1501258263,user_230
process_27,1501258299,user_146
process_27,1501258474,user_253
process_33,1501258579,user_220
process_33,1501258892,user_261
process_5,1501259225,user_226
process_38,1501259550,user_243
process_49,1501259713,user_151
process_17,1501259990,user_208
process_34,1501260355,user_10
process_39,1501260373,user_31
process_17,1501260553,user_47
process_38,1501260999,user_207
process_10,1501261054,user_283
process_23,1501261199,user_229
process_10,1501262524,user_257
process_6,1501263526,user_101
process_16,1501263645,user_196
process_0,1501263711,user_34
process_11,1501263868,user_94
process_21,1501264010,user_33
process_23,1501264036,user_33
process_22,1501264325,user_33
process_33,1501264635,user_81
process_17,1501264676,user_130
process_11,1501265245,user_43
process_4,1501265290,user_173
process_40,1501265340,user_128
process_16,1501265595,user_154
process_0,1501265636,user_202
process_5,1501265712,user_166
process_28,1501265814,user_264
process_23,1501265896,user_170
process_44,1501265902,user_291
process_49,1501265985,user_17
process_17,1501266186,user_174
process_49,1501266208,user_256
process_39,1501266883,user_197
process_49,1501267097,user_156
process_28,1501267347,user_61
process_29,1501267397,user_161
process_10,1501267400,user_49
process_12,1501267598,user_46
process_17,1501267911,user_103
process_45,1501267971,user_278
process_1,1501268029,user_137
process_33,1501268462,user_32
process_28,1501268533,user_182
process_39,1501268625,user_53
process_22,1501268829,user_112
process_28,1501268850,user_20
process_17,1501268948,user_118
process_33,1501268988,user_4
process_22,1501268988,user_9
process_22,1501269009,user_240
process_39,1501269095,user_22
process_49,1501269329,user_242
process_12,1501269803,user_124
process_39,1501270325,user_128
process_16,1501270390,user_215
process_5,1501270471,user_139
process_17,1501270890,user_215
process_49,1501271277,user_55
process_34,1501271542,user_13
process_5,1501271616,user_177
process_32,1501271837,user_220
process_22,1501271954,user_39
process_0,1501272008,user_110
process_13,1501272278,user_293
process_16,1501272420,user_6
process_33,1501272633,user_189
process_1,1501272781,user_266
process_23,1501272911,user_105
process_11,1501272938,user_60
process_49,1501273164,user_56
process_12,1501273263,user_279
process_44,1501273347,user_235
process_6,1501273415,user_107
process_44,1501273617,user_276
process_29,1501273788,user_148
process_0,1501273919,user_114
process_39,1501274105,user_221
process_34,1501274107,user_289
process_11,1501274435,user_257
process_34,1501274640,user_117
process_0,1501274748,user_155
process_11,1501274756,user_252
process_27,1501274767,user_111
process_28,1501274837,user_126
process_45,1501275402,user_69
process_49,1501275464,user_142
process_38,1501275553,user_285
process_16,1501275855,user_199
process_18,1501276059,user_258
process_40,1501276176,user_59
process_22,1501276187,user_170
process_17,1501276882,user_134
process_0,1501276893,user_184
process_0,1501276912,user_178
process_44,1501277631,user_233
process_15,1501278306,user_288
process_27,1501278327,user_159
process_6,1501278547,user_297
process_5,1501278639,user_68
process_40,1501278767,user_141
process_6,1501278900,user_172
process_5,1501278985,user_104
process_11,1501279532,user_49
process_16,1501279801,user_165
process_38,1501279875,user_95
process_44,1501279922,user_206
process_33,1501279944,user_64
process_39,1501280217,user_249
process_0,1501280522,user_133
process_5,1501280604,user_173
process_21,1501280660,user_170
process_6,1501280777,user_166
process_39,1501280970,user_113
process_16,1501281116,user_120
process_23,1501281176,user_244
process_44,1501281322,user_69
process_32,1501281356,user_64
process_11,1501281506,user_269
process_10,1501281571,user_121
process_39,1501281597,user_106
process_6,1501281775,user_74
process_45,1501281823,user_291
process_28,1501282051,user_230
process_5,1501282158,user_205
process_49,1501282499,user_89
process_45,1501282604,user_168
process_45,1501282858,user_73
process_22,1501283094,user_5
process_12,1501283203,user_269
process_5,1501283319,user_203
process_4,1501283359,user_11
process_27,1501283380,user_239
process_49,1501283416,user_48
process_7,1501283547,user_139
process_16,1501283968,user_287
process_39,1501284002,user_188
process_0,1501284092,user_198
process_18,1501284092,user_215
process_29,1501284387,user_264
process_22,1501284867,user_286
process_1,1501285102,user_34
process_39,1501285390,user_223
process_0,1501285456,user_62
process_45,1501285635,user_108
process_0,1501285769,user_217
process_0,1501285841,user_63
process_22,1501285897,user_149
process_46,1501285959,user_191
process_28,1501286051,user_54
process_28,1501286684,user_18
process_44,1501286843,user_216
process_44,1501286928,user_237
process_44,1501286964,user_235
process_5,1501286977,user_74
process_40,1501287512,user_193
process_33,1501287887,user_32
process_1,1501288572,user_292
process_23,1501288783,user_58
process_33,1501288824,user_75
process_28,1501288979,user_84
process_6,1501289122,user_277
process_6,1501289177,user_27
process_16,1501289218,user_80
process_45,1501289267,user_191
process_40,1501289333,user_175
process_11,1501289470,user_42
process_34,1501289781,user_75
process_7,1501289859,user_104
process_4,1501290442,user_277
process_0,1501290459,user_37
process_11,1501290721,user_143
process_12,1501290929,user_211
process_29,1501291023,user_64
process_17,1501291036,user_154
process_6,1501291055,user_244
process_49,1501291351,user_186
process_18,1501291479,user_125
process_28,1501291499,user_91
process_49,1501291538,user_6
process_45,1501291754,user_203
process_7,1501291941,user_139
process_16,1501292116,user_3
process_6,1501292219,user_226
process_44,1501292666,user_150
process_38,1501292710,user_243
process_0,1501292866,user_190
process_17,1501293921,user_60
process_5,1501294106,user_262
process_10,1501294158,user_25
process_4,1501294678,user_104
process_39,1501295297,user_141
process_33,1501295625,user_298
process_44,1501295726,user_116
process_17,1501296113,user_80
process_23,1501296498,user_66
process_0,1501296744,user_292
process_28,1501296767,user_180
process_39,1501297031,user_282
process_49,1501297296,user_132
process_40,1501297672,user_286
process_44,1501297884,user_225
process_0,1501297960,user_14
process_49,1501298132,user_55
process_27,1501298810,user_148
process_45,1501298983,user_24
process_16,1501299244,user_117
process_0,1501299572,user_260
process_10,1501299925,user_138
process_49,1501300039,user_142
process_11,1501300120,user_299
process_44,1501300220,user_212
process_1,1501300390,user_255
process_49,1501300427,user_11
process_12,1501300627,user_218
process_26,1501300636,user_140
process_28,1501300660,user_20
process_49,1501301097,user_82
process_28,1501301247,user_206
process_17,1501301671,user_26
process_34,1501301982,user_219
process_7,1501302275,user_262
process_11,1501302635,user_30
process_11,1501302725,user_256
process_11,1501302753,user_178
process_23,1501303172,user_145
process_38,1501303251,user_9
process_16,1501303360,user_120
process_17,1501303370,user_293
process_22,1501303521,user_66
process_22,1501303538,user_145
process_10,1501303548,user_71
process_4,1501304065,user_68
process_44,1501304429,user_51
process_45,1501304506,user_45
process_17,1501304521,user_199
process_27,1501304559,user_12
process_28,1501304848,user_158
process_45,1501305530,user_216
process_28,1501305943,user_135
process_33,1501306060,user_89
process_17,1501306341,user_59
process_39,1501306495,user_249
process_22,1501306567,user_65
process_11,1501306839,user_44
process_43,1501306902,user_51
process_43,1501306907,user_24
process_6,1501307043,user_139
process_28,1501307045,user_148
process_44,1501307085,user_191
process_28,1501307174,user_79
process_49,1501307450,user_157
process_18,1501307661,user_214
process_39,1501307822,user_41
process_5,1501308150,user_96
process_33,1501308384,user_250
process_5,1501308417,user_277
process_18,1501308497,user_36
process_21,1501308503,user_113
process_21,1501308616,user_267
process_11,1501308693,user_200
process_32,1501308869,user_13
process_39,1501309251,user_209
process_1,1501309273,user_247
process_17,1501309910,user_204
process_22,1501309911,user_58
process_0,1501310095,user_255
process_27,1501310192,user_261
process_5,1501310425,user_263
process_5,1501310448,user_297
process_21,1501311046,user_240
process_0,1501311046,user_5
process_27,1501311113,user_158
process_23,1501311214,user_105
process_38,1501311532,user_210
process_6,1501311658,user_104
process_0,1501311832,user_228
process_35,1501311942,user_89
process_22,1501312137,user_33
process_43,1501312343,user_227
process_6,1501312465,user_68
process_11,1501312541,user_71
process_10,1501312701,user_67
process_28,1501313028,user_8
process_5,1501313065,user_234
process_38,1501313081,user_177
process_45,1501313350,user_272
process_28,1501313458,user_171
process_33,1501313902,user_176
process_39,1501314034,user_197
process_0,1501314060,user_63
process_11,1501314278,user_35
process_44,1501314624,user_19
process_28,1501314662,user_251
process_12,1501314880,user_95
process_28,1501314894,user_49
process_11,1501314902,user_123
process_38,1501315126,user_275
process_5,1501315186,user_244
process_28,1501315335,user_144
process_0,1501315538,user_169
process_22,1501315600,user_208
process_6,1501315614,user_121
process_17,1501315634,user_3
process_22,1501315863,user_188
process_28,1501316025,user_261
process_7,1501316154,user_170
process_39,1501316190,user_210
process_17,1501316377,user_125
process_22,1501316523,user_113
process_17,1501316623,user_252
process_4,1501316892,user_263
process_16,1501317052,user_47
process_22,1501317221,user_111
process_44,1501317695,user_100
process_44,1501317715,user_227
process_39,1501317965,user_258
process_28,1501318281,user_2
process_34,1501318693,user_32
process_49,1501318951,user_136
process_11,1501319105,user_160
process_49,1501319150,user_21
process_0,1501319229,user_76
process_11,1501319446,user_236
process_5,1501319535,user_259
process_45,1501319867,user_116
process_45,1501319977,user_212
process_22,1501320189,user_112
process_22,1501320189,user_240
process_27,1501320253,user_206
process_45,1501320544,user_150
process_44,1501320613,user_45
process_23,1501321045,user_155
process_22,1501321355,user_105
process_22,1501321410,user_162
process_39,1501321811,user_290
process_45,1501321888,user_156
process_21,1501322078,user_296
process_40,1501322288,user_53
process_6,1501322353,user_164
process_11,1501322372,user_138
process_11,1501322743,user_29
process_45,1501323201,user_237
process_28,1501323327,user_93
process_49,1501323383,user_242
process_39,1501323700,user_222
process_44,1501323921,user_7
process_45,1501323981,user_19
process_11,1501324099,user_288
process_22,1501324275,user_102
process_12,1501324316,user_29
process_5,1501324370,user_226
process_0,1501324605,user_137
process_28,1501324788,user_140
process_16,1501325340,user_293
process_32,1501325356,user_220
process_6,1501325404,user_40
process_10,1501325547,user_130
process_32,1501325691,user_87
process_28,1501325743,user_245
process_34,1501326622,user_89
process_45,1501326711,user_119
process_11,1501326883,user_218
process_45,1501327777,user_7
process_6,1501327994,user_262
process_23,1501328662,user_162
process_44,1501328763,user_119
process_6,1501328926,user_297
process_16,1501328941,user_46
process_17,1501330143,user_15
process_39,1501330169,user_286
process_11,1501330181,user_94
process_34,1501330225,user_13
process_0,1501330229,user_52
process_44,1501330604,user_173
process_6,1501330690,user_50
process_34,1501330833,user_176
process_34,1501331016,user_189
process_38,1501331161,user_290
process_38,1501331174,user_53
process_17,1501331184,user_201
process_45,1501331360,user_28
process_27,1501331383,user_223
process_40,1501331840,user_141
process_11,1501331844,user_269
process_49,1501331878,user_54
process_16,1501332055,user_134
process_16,1501332159,user_199
process_49,1501332663,user_56
process_6,1501332792,user_265
process_28,1501333047,user_64
process_28,1501333156,user_129
process_38,1501333577,user_246
process_12,1501333753,user_42
process_21,1501333807,user_187
process_40,1501333879,user_177
process_13,1501334081,user_211
process_16,1501334869,user_36
process_27,1501335647,user_18
process_39,1501335814,user_246
process_11,1501335986,user_281
process_23,1501336167,user_109
process_40,1501336204,user_290
process_16,1501336393,user_201
process_1,1501336830,user_151
process_11,1501337172,user_283
process_39,1501337225,user_232
process_22,1501337571,user_296
process_0,1501337745,user_98
process_12,1501337776,user_94
process_39,1501337877,user_175
process_34,1501338343,user_78
process_27,1501338555,user_84
process_0,1501338644,user_198
process_23,1501338687,user_113
process_17,1501338977,user_10
process_23,1501338977,user_112
process_44,1501339274,user_156
process_17,1501339369,user_266
process_46,1501339427,user_118
process_5,1501339513,user_184
process_22,1501339963,user_187
process_17,1501340107,user_214
process_5,1501340168,user_50
process_22,1501340288,user_155
process_22,1501340704,user_168
process_45,1501340999,user_268
process_17,1501341020,user_194
process_33,1501341069,user_233
process_27,1501341297,user_79
process_6,1501341658,user_96
process_49,1501341949,user_183
process_17,1501342073,user_46
process_49,1501342138,user_254
process_44,1501342231,user_118
process_5,1501343377,user_170
process_5,1501343456,user_139
process_33,1501344046,user_72
process_12,1501344571,user_281
process_28,1501344605,user_73
process_17,1501345584,user_238
process_11,1501345895,user_25
process_34,1501346457,user_88
process_17,1501346537,user_264
process_16,1501346901,user_238
process_27,1501347116,user_73
process_34,1501347149,user_92
process_11,1501347203,user_67
process_11,1501347439,user_149
process_29,1501347516,user_83
process_6,1501347549,user_263
process_49,1501347724,user_185
process_39,1501348024,user_9
process_11,1501348169,user_278
process_39,1501348232,user_177
process_28,1501348372,user_69
process_0,1501348379,user_146
process_6,1501348472,user_74
process_45,1501348546,user_173
process_28,1501348978,user_83
process_49,1501349136,user_147
process_33,1501349350,user_86
process_12,1501349600,user_236
process_39,1501349749,user_243
process_18,1501349870,user_239
process_27,1501350209,user_69
process_6,1501350314,user_259
process_44,1501350735,user_28
process_6,1501350752,user_184
process_22,1501351094,user_267
process_39,1501351219,user_53
process_22,1501351532,user_107
process_33,1501351599,user_220
process_39,1501351799,user_193
process_28,1501351997,user_12
process_5,1501352032,user_167
process_23,1501352220,user_188
process_38,1501352643,user_141
process_22,1501352845,user_99
process_16,1501353121,user_194
process_49,1501353254,user_97
process_28,1501353515,user_223
process_27,1501354393,user_91
process_1,1501354469,user_190
process_17,1501354762,user_36
process_21,1501354973,user_107
process_27,1501355037,user_140
process_5,1501355060,user_40
process_28,1501355352,user_115
process_16,1501355482,user_152
process_45,1501355619,user_118
process_0,1501355821,user_1
process_22,1501355848,user_231
process_44,1501355992,user_203
process_40,1501356308,user_197
process_33,1501356384,user_124
process_17,1501356723,user_230
process_17,1501356865,user_47
process_23,1501357160,user_99
process_18,1501357269,user_264
process_4,1501357463,user_259
process_39,1501357774,user_215
process_16,1501357802,user_196
process_23,1501357841,user_231
process_12,1501358099,user_160
process_24,1501358276,user_187
process_44,1501358361,user_81
process_4,1501358478,user_170
process_0,1501359450,user_151
process_28,1501359474,user_207
process_12,1501359512,user_200
process_17,1501359515,user_120
process_34,1501359601,user_34
process_45,1501359788,user_227
process_49,1501359949,user_163
process_17,1501360173,user_284
process_45,1501360301,user_225
process_39,1501360352,user_275
process_12,1501360569,user_123
process_6,1501360678,user_234
process_49,1501360739,user_165
process_10,1501361132,user_149
process_44,1501361183,user_108
process_49,1501361204,user_17
process_35,1501361379,user_124
process_16,1501361525,user_59
process_12,1501361555,user_256
process_16,1501361611,user_264
process_40,1501361668,user_172
process_22,1501361719,user_274
process_23,1501361788,user_208
process_17,1501361954,user_103
process_33,1501361957,user_189
process_33,1501362008,user_4
process_11,1501362299,user_95
process_11,1501362491,user_195
process_23,1501362739,user_111
process_0,1501362911,user_114
process_5,1501363018,user_104
process_39,1501363041,user_276
process_29,1501363366,user_79
process_0,1501363590,user_279
process_45,1501364120,user_51
process_32,1501364240,user_92
process_49,1501364434,user_280
process_23,1501364556,user_240
process_38,1501364712,user_77
process_49,1501364883,user_241
process_44,1501364901,user_38
process_49,1501365128,user_287
process_44,1501365173,user_24
process_27,1501365243,user_2
process_39,1501365302,user_217
process_0,1501365413,user_62
process_0,1501365443,user_213
process_33,1501366183,user_219
process_6,1501366348,user_170
process_22,1501366462,user_270
process_5,1501366553,user_164
process_49,1501366833,user_271
process_39,1501366937,user_172
process_0,1501366974,user_247
process_28,1501367003,user_126
process_21,1501367333,user_231
process_33,1501367340,user_87
process_10,1501367370,user_269
process_6,1501367523,user_167
process_49,1501367653,user_101
process_28,1501367695,user_23
process_27,1501367841,user_8
process_44,1501368217,user_268
process_17,1501368295,user_117
process_46,1501368777,user_203
process_16,1501369027,user_128
process_12,1501369036,user_195
process_0,1501369305,user_110
process_11,1501369449,user_257
process_2,1501369769,user_63
process_34,1501369936,user_220
process_22,1501370085,user_109
process_16,1501370222,user_239
process_49,1501371353,user_39
process_17,1501371396,user_196
process_0,1501371679,user_159
process_27,1501371787,user_207
process_16,1501372080,user_10
process_17,1501372121,user_152
process_45,1501372315,user_235
process_48,1501372324,user_54
process_12,1501372344,user_44
process_33,1501372979,user_219
process_10,1501373213,user_212
process_32,1501373267,user_30
process_29,1501373383,user_54
process_34,1501373469,user_272
process_23,1501373971,user_137
process_11,1501374479,user_236
process_34,1501374844,user_78
process_43,1501374868,user_125
process_11,1501375058,user_194
process_44,1501375181,user_24
process_21,1501375399,user_8
process_11,1501375407,user_44
process_38,1501376354,user_238
process_28,1501376736,user_81
process_4,1501376890,user_175
process_6,1501377281,user_175
process_11,1501377658,user_53
process_33,1501377661,user_15
process_17,1501377663,user_43
process_49,1501377933,user_142
process_6,1501377951,user_226
process_4,1501378147,user_104
process_32,1501378584,user_92
process_10,1501378699,user_211
process_11,1501378846,user_51
process_49,1501379063,user_46
process_11,1501379134,user_212
process_23,1501379135,user_155
process_45,1501379276,user_144
process_16,1501379311,user_68
process_28,1501379371,user_148
process_5,1501379434,user_163
process_10,1501379549,user_283
process_10,1501379718,user_53
process_17,1501379878,user_6
process_22,1501380163,user_23
process_17,1501380191,user_128
process_28,1501380594,user_197
process_17,1501380599,user_45
process_38,1501380783,user_256
process_39,1501380805,user_295
process_5,1501381048,user_234
process_28,1501381156,user_232
process_18,1501381275,user_288
process_44,1501381429,user_203
process_27,1501381442,user_2
process_22,1501381896,user_67
process_38,1501382271,user_27
process_28,1501382490,user_83
process_23,1501382666,user_262
process_11,1501382819,user_218
process_45,1501382901,user_181
process_10,1501383049,user_254
process_0,1501383082,user_294
process_6,1501383113,user_227
process_33,1501383179,user_176
process_16,1501383431,user_45
process_45,1501383879,user_125
process_5,1501384174,user_166
process_0,1501384438,user_85
process_23,1501384515,user_188
process_33,1501384839,user_272
process_39,1501385005,user_282
process_49,1501385024,user_270
process_49,1501385029,user_115
process_22,1501385113,user_0
process_39,1501385214,user_113
process_44,1501385895,user_253
process_40,1501386011,user_57
process_16,1501386064,user_287
process_17,1501386251,user_116
process_23,1501386311,user_156
process_24,1501386583,user_0
process_21,1501386607,user_156
process_5,1501386631,user_93
process_5,1501386809,user_227
process_11,1501386853,user_60
process_49,1501386936,user_123
process_7,1501387220,user_231
process_28,1501387335,user_2
process_6,1501387632,user_234
process_6,1501387770,user_209
process_34,1501387822,user_250
process_6,1501388039,user_166
process_27,1501388231,user_148
process_16,1501388255,user_195
process_27,1501388321,user_265
process_43,1501388494,user_79
process_5,1501388666,user_259
process_16,1501388801,user_284
process_17,1501388943,user_240
process_11,1501389087,user_146
process_1,1501389270,user_292
process_16,1501389336,user_154
process_34,1501389398,user_117
process_12,1501389494,user_21
process_44,1501389652,user_237
process_16,1501389842,user_16
process_17,1501390089,user_246
process_39,1501390299,user_192
process_34,1501390603,user_88
process_27,1501390981,user_249
process_39,1501391115,user_243
process_22,1501391126,user_99
process_45,1501391398,user_19
process_17,1501391505,user_255
process_17,1501391996,user_288
process_22,1501392089,user_207
process_45,1501392987,user_110
process_39,1501393256,user_120
process_45,1501393306,user_69
process_11,1501393399,user_143
process_5,1501393483,user_286
process_6,1501393577,user_64
process_1,1501393676,user_76
process_11,1501394028,user_204
process_49,1501394156,user_58
process_12,1501394600,user_28
process_27,1501394759,user_54
process_6,1501394890,user_173
process_45,1501395353,user_191
process_29,1501396098,user_157
process_39,1501396405,user_66
process_49,1501396647,user_5
process_34,1501396681,user_260
process_10,1501396904,user_194
process_39,1501396915,user_9
process_10,1501396929,user_266
process_22,1501397252,user_39
process_40,1501397442,user_172
process_38,1501397527,user_57
process_0,1501397751,user_52
process_10,1501397760,user_38
process_27,1501397797,user_70
process_17,1501398551,user_16
process_0,1501398697,user_292
process_16,1501398706,user_124
process_38,1501399224,user_282
process_11,1501399370,user_35
process_6,1501399393,user_163
process_0,1501399658,user_268
process_49,1501399676,user_151
process_49,1501400024,user_97
process_16,1501400133,user_299
process_27,1501400204,user_157
process_23,1501400251,user_31
process_12,1501400374,user_121
process_28,1501400435,user_249
process_23,1501400480,user_161
process_33,1501400924,user_250
process_49,1501400932,user_271
process_5,1501400985,user_226
process_17,1501401478,user_184
process_5,1501402013,user_74
process_0,1501402020,user_105
process_39,1501402096,user_225
process_22,1501402237,user_156
process_6,1501402470,user_182
process_45,1501402625,user_208
process_33,1501402653,user_117
process_28,1501402680,user_54
process_44,1501402731,user_181
process_1,1501402859,user_91
process_6,1501402942,user_259
process_28,1501403233,user_245
process_11,1501403265,user_129
process_22,1501403337,user_224
process_23,1501403403,user_39
process_16,1501403405,user_169
process_6,1501403558,user_286
process_39,1501403730,user_221
process_12,1501403732,user_129
process_39,1501403855,user_174
process_11,1501403883,user_59
process_16,1501404094,user_288
process_28,1501404181,user_289
process_17,1501404361,user_134
process_29,1501404432,user_289
process_5,1501404488,user_162
process_22,1501404611,user_8
process_17,1501404669,user_48
process_17,1501404715,user_80
process_44,1501405204,user_278
process_5,1501405332,user_104
process_15,1501405589,user_165
process_1,1501405636,user_294
process_49,1501405639,user_114
process_16,1501405948,user_29
process_49,1501406430,user_242
process_5,1501406475,user_209
process_22,1501406503,user_118
process_6,1501406710,user_93
process_15,1501406862,user_43
process_40,1501407250,user_120
process_38,1501407258,user_160
process_22,1501407328,user_161
process_6,1501407388,user_275
process_33,1501407391,user_72
process_34,1501407482,user_92
process_16,1501407577,user_165
process_28,1501407586,user_247
process_39,1501407733,user_201
process_17,1501408180,user_103
process_27,1501408460,user_37
process_22,1501408822,user_31
process_6,1501409195,user_205
process_49,1501409282,user_239
process_49,1501409366,user_214
process_21,1501409368,user_39
process_27,1501409696,user_83
process_11,1501409732,user_266
process_5,1501410034,user_50
process_6,1501410118,user_277
process_5,1501410277,user_173
process_16,1501410455,user_134
process_39,1501410460,user_95
process_44,1501410563,user_144
process_18,1501410665,user_80
process_16,1501410709,user_261
process_38,1501410925,user_201
process_17,1501410960,user_195
process_27,1501410998,user_289
process_34,1501411450,user_244
process_34,1501411858,user_72
process_40,1501411868,user_113
process_38,1501411906,user_295
process_33,1501412183,user_244
process_39,1501412266,user_285
process_11,1501412329,user_65
process_28,1501412352,user_26
process_49,1501412421,user_17
process_28,1501412447,user_229
process_29,1501412530,user_49
process_39,1501412754,user_281
process_16,1501413606,user_199
process_21,1501413691,user_118
process_49,1501413835,user_241
process_33,1501413852,user_75
process_0,1501414218,user_13
process_44,1501414374,user_263
process_22,1501414395,user_137
process_32,1501414647,user_32
process_0,1501414981,user_297
process_34,1501415581,user_196
process_17,1501415642,user_169
process_0,1501415687,user_98
process_22,1501416374,user_112
process_11,1501416675,user_25
process_49,1501416862,user_131
process_6,1501417473,user_104
process_38,1501418081,user_153
process_6,1501418226,user_167
process_39,1501418410,user_210
process_27,1501418442,user_61
process_39,1501418723,user_22
process_28,1501419084,user_111
process_11,1501419150,user_254
process_11,1501419173,user_28
process_38,1501419301,user_183
process_17,1501419321,user_29
process_11,1501419387,user_36
process_38,1501419518,user_22
process_28,1501419748,user_164
process_27,1501420031,user_206
process_33,1501420657,user_78
process_45,1501420738,user_193
process_17,1501420832,user_124
process_49,1501420932,user_185
process_6,1501421136,user_4
process_17,1501421521,user_228
process_18,1501421739,user_29
process_33,1501421923,user_41
process_11,1501421968,user_186
process_49,1501422019,user_189
process_0,1501422187,user_76
process_16,1501422210,user_48
process_49,1501422495,user_132
process_5,1501422651,user_275
process_27,1501422871,user_84
process_11,1501423044,user_21
process_10,1501423058,user_127
process_21,1501423086,user_161
process_45,1501423396,user_79
process_40,1501423491,user_66
process_32,1501423623,user_196
process_16,1501424168,user_103
process_6,1501424541,user_231
process_28,1501425065,user_70
process_39,1501425126,user_238
process_10,1501425152,user_60
process_11,1501425246,user_42
process_0,1501425747,user_12
process_44,1501425838,user_193
process_22,1501425886,user_220
process_46,1501425929,user_253
process_6,1501426512,user_217
process_12,1501426606,user_211
process_0,1501426801,user_62
process_17,1501426809,user_284
process_22,1501427249,user_136
process_17,1501427280,user_287
process_17,1501427366,user_154
process_12,1501427399,user_254
process_11,1501427406,user_252
process_38,1501427489,user_221
process_5,1501427493,user_101
process_12,1501427785,user_194
process_49,1501427886,user_55
process_45,1501428099,user_203
process_38,1501428160,user_223
process_12,1501428188,user_266
process_6,1501428411,user_177
process_28,1501428832,user_84
process_6,1501428849,user_170
process_27,1501428883,user_81
process_45,1501429528,user_278
process_23,1501429788,user_220
process_28,1501430014,user_61
process_17,1501430077,user_230
process_4,1501430275,user_50
process_44,1501430505,user_87
process_28,1501430624,user_251
process_43,1501430669,user_69
process_17,1501430795,user_10
process_12,1501430853,user_71
process_16,1501430953,user_240
process_39,1501430975,user_153
process_5,1501430983,user_96
process_17,1501431414,user_140
process_40,1501431438,user_174
process_5,1501431453,user_177
process_11,1501431617,user_127
process_27,1501432128,user_229
process_45,1501432344,user_108
process_1,1501432433,user_297
process_34,1501432537,user_176
process_7,1501432691,user_101
process_5,1501432694,user_175
process_16,1501432716,user_43
process_40,1501433051,user_243
process_2,1501433411,user_76
process_44,1501433509,user_125
process_18,1501433717,user_154
process_21,1501434119,user_31
process_7,1501434195,user_96
process_11,1501434602,user_71
process_16,1501434704,user_246
process_17,1501434825,user_165
process_39,1501434833,user_86
process_39,1501434851,user_27
process_7,1501435208,user_286
process_29,1501435315,user_26
process_16,1501435358,user_184
process_33,1501435694,user_149
process_12,1501435840,user_20
process_5,1501435886,user_170
process_39,1501435898,user_183
process_38,1501436159,user_281
process_49,1501436296,user_89
process_10,1501436383,user_71
process_33,1501436675,user_30
process_18,1501436885,user_130
process_0,1501436908,user_213
process_12,1501437029,user_94
process_44,1501437134,user_79
process_16,1501437305,user_230
process_27,1501437442,user_164
process_23,1501437474,user_8
process_17,1501437523,user_130
process_11,1501437587,user_77
process_39,1501437846,user_235
process_11,1501437974,user_20
process_0,1501438147,user_91
process_22,1501438337,user_262
process_33,1501438520,user_32
process_40,1501438550,user_183
process_22,1501438659,user_279
process_39,1501438994,user_276
process_21,1501439095,user_155
process_33,1501439299,user_196
process_45,1501439326,user_263
process_39,1501439610,user_57
process_18,1501439852,user_230
process_0,1501439852,user_248
process_39,1501440153,user_256
process_4,1501440379,user_227
process_27,1501440662,user_197
process_6,1501440678,user_74
process_22,1501440710,user_188
process_39,1501441003,user_106
process_44,1501441387,user_69
process_26,1501441424,user_265
process_12,1501441624,user_204
process_5,1501442301,user_182
process_38,1501442380,user_133
process_16,1501442657,user_6
process_28,1501443463,user_257
process_39,1501443550,user_141
process_17,1501443555,user_261
process_44,1501443730,user_19
process_11,1501443874,user_34
process_5,1501443922,user_64
process_6,1501444123,user_162
process_0,1501444233,user_273
process_10,1501444305,user_200
process_6,1501444622,user_50
process_33,1501444632,user_260
process_17,1501445215,user_199
process_11,1501445254,user_121
process_23,1501445577,user_23
process_38,1501445890,user_243
process_28,1501445921,user_135
process_1,1501445930,user_52
process_48,1501446145,user_239
process_28,1501446467,user_49
process_11,1501446513,user_139
process_27,1501446553,user_232
process_27,1501446629,user_159
process_11,1501446918,user_200
process_12,1501447095,user_200
process_39,1501447443,user_133
process_33,1501448185,user_290
process_27,1501448199,user_26
process_11,1501448359,user_138
process_16,1501448527,user_130
process_0,1501448603,user_202
process_7,1501448786,user_259
process_22,1501448960,user_33
process_17,1501449156,user_68
process_17,1501449291,user_299
process_28,1501449301,user_180
process_11,1501449339,user_38
process_5,1501449450,user_231
process_40,1501449504,user_9
process_23,1501449967,user_0
process_23,1501450125,user_147
process_23,1501450343,user_33
process_28,1501450352,user_1
process_45,1501450922,user_253
process_28,1501450990,user_159
process_23,1501451060,user_207
process_12,1501451112,user_236
process_1,1501451231,user_187
process_39,1501451296,user_160
process_27,1501451588,user_1
process_21,1501451667,user_137
process_27,1501451770,user_247
process_5,1501451776,user_167
process_34,1501451816,user_32
process_44,1501451868,user_110
process_29,1501452671,user_111
process_6,1501452709,user_101
process_22,1501452789,user_168
process_44,1501452904,user_208
process_28,1501452981,user_190
process_12,1501453035,user_53
process_28,1501453328,user_157
process_22,1501453344,user_147
process_0,1501453542,user_215
process_10,1501453782,user_145
process_0,1501453852,user_187
process_12,1501454167,user_51
process_34,1501454304,user_149
process_12,1501454536,user_77
process_11,1501454773,user_296
process_1,1501454898,user_14
process_28,1501454909,user_37
process_0,1501454944,user_90
process_0,1501455042,user_198
process_28,1501455120,user_206
process_45,1501455182,user_237
process_6,1501455292,user_216
process_17,1501455297,user_258
process_11,1501455311,user_3
process_27,1501455406,user_190
process_0,1501455958,user_102
process_44,1501456010,user_108
process_0,1501456060,user_14
process_12,1501456151,user_138
process_46,1501456388,user_191
process_39,1501456488,user_172
process_28,1501456629,user_152
process_11,1501456704,user_283
process_28,1501456733,user_265
process_11,1501457038,user_171
process_16,1501457108,user_128
process_15,1501457859,user_240
process_49,1501457866,user_280
process_11,1501458371,user_293
process_33,1501458473,user_88
process_11,1501458492,user_94
process_6,1501458916,user_96
process_17,1501458948,user_222
process_22,1501459048,user_155
